Area,Location,No. of Bedrooms,City,CarParking,SwimmingPool,24X7Security,LiftAvailable,ClubHouse,Price
3340,227,4.0,0,0.0,1.0,1.0,1.0,1.0,30000000.0
1675,143,3.0,0,0.0,0.0,0.0,1.0,0.0,8358000.0
1670,281,3.0,0,1.0,1.0,1.0,1.0,1.0,6845000.0
1220,213,2.0,0,1.0,1.0,1.0,1.0,1.0,6797000.0
2502,651,4.0,0,1.0,1.0,1.0,1.0,1.0,20000000.0
1438,501,3.0,0,1.0,0.0,1.0,1.0,0.0,7105000.0
1405,710,3.0,0,0.0,1.0,1.0,0.0,0.0,8405000.0
660,164,1.0,0,1.0,1.0,1.0,0.0,1.0,3506000.0
1362,715,2.0,0,1.0,1.0,1.0,1.0,1.0,7700000.0
1735,31,3.0,0,1.0,1.0,1.0,1.0,1.0,9369000.0
1575,235,3.0,0,0.0,1.0,1.0,0.0,0.0,8716000.0
1120,274,2.0,0,1.0,1.0,0.0,1.0,1.0,5394000.0
1415,710,3.0,0,0.0,1.0,0.0,1.0,0.0,6367000.0
1270,93,2.0,0,1.0,1.0,1.0,1.0,0.0,5080000.0
1311,80,3.0,0,1.0,1.0,1.0,1.0,1.0,7209999.000000001
1210,493,2.0,0,1.0,1.0,0.0,1.0,1.0,5700000.0
3340,227,4.0,0,0.0,1.0,1.0,1.0,1.0,30000000.0
1675,143,3.0,0,0.0,0.0,0.0,1.0,0.0,8358000.0
1670,281,3.0,0,1.0,1.0,1.0,1.0,1.0,6845000.0
1220,213,2.0,0,1.0,1.0,1.0,1.0,1.0,6797000.0
2502,651,4.0,0,1.0,1.0,1.0,1.0,1.0,20000000.0
1438,501,3.0,0,1.0,0.0,1.0,1.0,0.0,7105000.0
1405,710,3.0,0,0.0,1.0,1.0,0.0,0.0,8405000.0
660,164,1.0,0,1.0,1.0,1.0,0.0,1.0,3506000.0
1362,715,2.0,0,1.0,1.0,1.0,1.0,1.0,7700000.0
1735,31,3.0,0,1.0,1.0,1.0,1.0,1.0,9369000.0
1575,235,3.0,0,0.0,1.0,1.0,0.0,0.0,8716000.0
1120,274,2.0,0,1.0,1.0,0.0,1.0,1.0,5394000.0
1415,710,3.0,0,0.0,1.0,0.0,1.0,0.0,6367000.0
1270,93,2.0,0,1.0,1.0,1.0,1.0,0.0,5080000.0
1311,80,3.0,0,1.0,1.0,1.0,1.0,1.0,7209999.000000001
1210,493,2.0,0,1.0,1.0,0.0,1.0,1.0,5700000.0
1705,710,3.0,0,0.0,1.0,1.0,1.0,1.0,12400000.0
1187,77,2.0,0,0.0,1.0,1.0,1.0,1.0,4900000.0
3340,227,4.0,0,0.0,1.0,1.0,1.0,1.0,30000000.0
1675,143,3.0,0,0.0,0.0,0.0,1.0,0.0,8358000.0
1670,281,3.0,0,1.0,1.0,1.0,1.0,1.0,6845000.0
1220,213,2.0,0,1.0,1.0,1.0,1.0,1.0,6797000.0
2502,651,4.0,0,1.0,1.0,1.0,1.0,1.0,20000000.0
1438,501,3.0,0,1.0,0.0,1.0,1.0,0.0,7105000.0
1405,710,3.0,0,0.0,1.0,1.0,0.0,0.0,8405000.0
660,164,1.0,0,1.0,1.0,1.0,0.0,1.0,3506000.0
1362,715,2.0,0,1.0,1.0,1.0,1.0,1.0,7700000.0
1735,31,3.0,0,1.0,1.0,1.0,1.0,1.0,9369000.0
1575,235,3.0,0,0.0,1.0,1.0,0.0,0.0,8716000.0
1120,274,2.0,0,1.0,1.0,0.0,1.0,1.0,5394000.0
1415,710,3.0,0,0.0,1.0,0.0,1.0,0.0,6367000.0
1270,93,2.0,0,1.0,1.0,1.0,1.0,0.0,5080000.0
1311,80,3.0,0,1.0,1.0,1.0,1.0,1.0,7209999.000000001
1210,493,2.0,0,1.0,1.0,0.0,1.0,1.0,5700000.0
1705,710,3.0,0,0.0,1.0,1.0,1.0,1.0,12400000.0
1187,77,2.0,0,0.0,1.0,1.0,1.0,1.0,4900000.0
1270,93,2.0,0,1.0,1.0,1.0,1.0,0.0,5080000.0
1726,214,3.0,0,1.0,1.0,1.0,1.0,1.0,9458000.0
2470,517,4.0,0,1.0,1.0,1.0,1.0,1.0,23700000.0
1570,253,3.0,0,0.0,1.0,1.0,0.0,0.0,7363000.0
1120,234,2.0,0,0.0,0.0,0.0,0.0,0.0,5489000.0
1506,241,3.0,0,1.0,1.0,1.0,0.0,1.0,4216000.0
1040,318,2.0,0,1.0,0.0,1.0,1.0,0.0,4368000.0
1150,98,2.0,0,0.0,0.0,0.0,0.0,0.0,7600000.0
1045,213,2.0,0,0.0,0.0,1.0,1.0,0.0,4545000.0
2480,63,3.0,0,1.0,1.0,1.0,1.0,1.0,23100000.0
1160,493,2.0,0,1.0,1.0,1.0,1.0,1.0,8000000.0
1143,493,2.0,0,1.0,1.0,1.0,1.0,1.0,4514000.0
1300,493,2.0,0,1.0,1.0,1.0,1.0,1.0,5460000.0
966,429,2.0,0,0.0,1.0,0.0,1.0,1.0,4414000.0
1245,77,2.0,0,0.0,0.0,1.0,1.0,0.0,8868000.0
1275,501,2.0,0,0.0,0.0,1.0,1.0,0.0,6133000.0
1085,42,2.0,0,0.0,1.0,1.0,1.0,1.0,3038000.0
1286,429,3.0,0,0.0,1.0,0.0,1.0,1.0,7100000.0
1155,64,2.0,0,1.0,1.0,1.0,0.0,1.0,7506999.0
1304,710,3.0,0,1.0,1.0,1.0,0.0,1.0,6520000.0
1120,292,2.0,0,1.0,0.0,1.0,1.0,0.0,6389000.0
2017,221,3.0,0,1.0,1.0,0.0,1.0,1.0,11700000.0
1304,164,3.0,0,0.0,1.0,0.0,1.0,1.0,4562000.0
649,501,1.0,0,0.0,0.0,0.0,1.0,0.0,2951000.0
1108,318,2.0,0,1.0,1.0,1.0,0.0,1.0,4264000.0
1675,318,3.0,0,1.0,0.0,0.0,1.0,0.0,6698000.0
1075,274,2.0,0,1.0,1.0,0.0,1.0,1.0,4500000.0
1120,681,2.0,0,0.0,0.0,0.0,1.0,0.0,4928000.0
1350,692,2.0,0,0.0,0.0,0.0,0.0,0.0,6100000.0
1404,165,2.0,0,1.0,1.0,1.0,0.0,1.0,6151000.0
1080,77,2.0,0,0.0,1.0,1.0,1.0,0.0,5426000.0
1800,225,3.0,0,0.0,0.0,0.0,1.0,0.0,13000000.0
1060,249,2.0,0,1.0,0.0,0.0,1.0,1.0,4850000.0
1540,420,3.0,0,1.0,1.0,1.0,1.0,0.0,4604000.0
1110,30,3.0,0,0.0,1.0,1.0,1.0,1.0,3607000.0
1645,517,3.0,0,1.0,1.0,1.0,1.0,1.0,16500000.0
1345,532,3.0,0,1.0,0.0,1.0,1.0,0.0,4840000.0
1866,308,3.0,0,1.0,1.0,1.0,1.0,1.0,25800000.0
3500,206,3.0,0,1.0,1.0,1.0,0.0,1.0,51000000.0
1145,164,2.0,0,0.0,1.0,1.0,1.0,1.0,4809000.0
935,100,2.0,0,1.0,1.0,1.0,1.0,1.0,5070000.0
1455,92,3.0,0,1.0,1.0,1.0,1.0,1.0,10500000.0
1145,681,2.0,0,1.0,1.0,0.0,1.0,0.0,4580000.0
1635,710,3.0,0,0.0,1.0,1.0,1.0,1.0,5559000.0
1145,493,2.0,0,1.0,0.0,1.0,1.0,0.0,4723000.0
1175,318,3.0,0,0.0,0.0,0.0,0.0,0.0,4465000.0
1216,681,2.0,0,1.0,1.0,1.0,1.0,1.0,8954000.0
1005,166,2.0,0,0.0,0.0,0.0,0.0,0.0,4000000.0
1200,119,2.0,0,0.0,0.0,0.0,0.0,0.0,5400000.0
1279,293,2.0,0,1.0,1.0,1.0,1.0,1.0,8784000.0
1180,426,2.0,0,1.0,1.0,1.0,1.0,1.0,7900000.0
1310,165,3.0,0,1.0,1.0,1.0,1.0,1.0,4781000.0
1776,86,3.0,0,1.0,1.0,1.0,1.0,1.0,15000000.0
1125,213,2.0,0,1.0,0.0,1.0,1.0,0.0,4700000.0
1195,403,3.0,0,0.0,1.0,0.0,1.0,1.0,7767000.0
1272,651,2.0,0,1.0,1.0,1.0,1.0,0.0,6487000.0
2170,247,3.0,0,1.0,1.0,1.0,1.0,1.0,14000000.0
1510,493,3.0,0,0.0,0.0,0.0,0.0,0.0,8758000.0
1170,311,2.0,0,0.0,0.0,0.0,0.0,0.0,5500000.0
1215,254,2.0,0,0.0,0.0,0.0,0.0,0.0,4900000.0
1045,213,2.0,0,0.0,0.0,1.0,1.0,0.0,4545000.0
1833,221,3.0,0,1.0,1.0,1.0,1.0,1.0,22000000.0
1100,492,2.0,0,0.0,0.0,0.0,1.0,0.0,7500000.0
900,319,2.0,0,0.0,0.0,1.0,1.0,0.0,3779999.0
1216,681,2.0,0,1.0,1.0,1.0,1.0,1.0,8954000.0
1866,308,3.0,0,1.0,1.0,1.0,1.0,1.0,25800000.0
1216,681,2.0,0,1.0,1.0,1.0,1.0,1.0,8954000.0
1505,165,3.0,0,1.0,1.0,1.0,1.0,1.0,8218000.000000001
1502,234,3.0,0,1.0,1.0,1.0,1.0,1.0,8656000.0
1675,143,3.0,0,0.0,0.0,0.0,1.0,0.0,7520000.0
1805,77,3.0,0,1.0,1.0,1.0,1.0,1.0,11000000.0
1880,77,3.0,0,1.0,1.0,1.0,1.0,1.0,11399999.0
2180,77,4.0,0,1.0,1.0,1.0,1.0,1.0,13000000.0
1850,77,3.0,0,1.0,1.0,1.0,1.0,1.0,11299999.0
1350,143,2.0,0,0.0,0.0,0.0,1.0,0.0,6736000.0
1650,143,3.0,0,0.0,0.0,0.0,1.0,0.0,8233000.0
1355,143,3.0,0,0.0,0.0,0.0,1.0,0.0,6761000.0
1325,143,2.0,0,0.0,0.0,0.0,1.0,0.0,6611000.0
1260,143,2.0,0,0.0,0.0,0.0,1.0,0.0,6287000.0
1290,143,2.0,0,0.0,0.0,0.0,1.0,0.0,6437000.0
1225,143,2.0,0,0.0,0.0,0.0,1.0,0.0,6112000.0
1300,143,2.0,0,0.0,0.0,0.0,1.0,0.0,6487000.0
1152,281,2.0,0,1.0,1.0,1.0,1.0,1.0,4722000.0
1119,281,2.0,0,1.0,1.0,1.0,1.0,1.0,4586000.0
1118,281,2.0,0,1.0,1.0,1.0,1.0,1.0,4582000.0
1656,281,3.0,0,1.0,1.0,1.0,1.0,1.0,6787000.0
1629,213,3.0,0,1.0,1.0,1.0,1.0,1.0,9319000.0
1237,213,2.0,0,1.0,1.0,1.0,1.0,1.0,6892000.0
1275,92,2.0,0,1.0,1.0,1.0,0.0,1.0,9277000.0
1615,92,3.0,0,1.0,1.0,1.0,0.0,1.0,11600000.0
1515,92,3.0,0,1.0,1.0,1.0,0.0,1.0,10900000.0
1455,92,3.0,0,1.0,1.0,1.0,0.0,1.0,10500000.0
1360,92,3.0,0,1.0,1.0,1.0,0.0,1.0,9859000.0
1409,501,3.0,0,1.0,0.0,1.0,1.0,0.0,6973999.000000001
1139,501,2.0,0,1.0,0.0,1.0,1.0,0.0,5705000.0
1154,501,2.0,0,1.0,0.0,1.0,1.0,0.0,5772000.0
1353,501,3.0,0,1.0,0.0,1.0,1.0,0.0,6720999.000000001
1362,501,3.0,0,1.0,0.0,1.0,1.0,0.0,6761000.0
1133,501,2.0,0,1.0,0.0,1.0,1.0,0.0,5677000.0
1068,501,2.0,0,1.0,0.0,1.0,1.0,0.0,5384000.0
1540,710,3.0,0,0.0,1.0,1.0,0.0,0.0,9141000.0
1610,710,3.0,0,0.0,1.0,1.0,0.0,0.0,9522000.0
1715,710,3.0,0,0.0,1.0,1.0,0.0,0.0,10000000.0
1195,710,2.0,0,0.0,1.0,1.0,0.0,0.0,7211000.0
1425,710,3.0,0,0.0,1.0,1.0,0.0,0.0,8514000.0
1760,710,3.0,0,0.0,1.0,1.0,0.0,0.0,10300000.0
1300,710,2.0,0,0.0,1.0,1.0,0.0,0.0,7783000.0
1235,710,2.0,0,0.0,1.0,1.0,0.0,0.0,7429000.000000001
1305,710,2.0,0,0.0,1.0,1.0,0.0,0.0,7809999.000000001
660,164,1.0,0,1.0,1.0,1.0,0.0,1.0,3506000.0
1120,164,2.0,0,1.0,1.0,1.0,0.0,1.0,6250000.0
1120,164,2.0,0,1.0,1.0,1.0,0.0,1.0,6250000.0
715,164,1.0,0,1.0,1.0,1.0,0.0,1.0,3797999.0
715,164,1.0,0,1.0,1.0,1.0,0.0,1.0,3797999.0
910,164,2.0,0,1.0,1.0,1.0,0.0,1.0,5034000.0
910,164,2.0,0,1.0,1.0,1.0,0.0,1.0,5034000.0
1430,164,3.0,0,1.0,1.0,1.0,0.0,1.0,7897000.0
1430,164,3.0,0,1.0,1.0,1.0,0.0,1.0,7897000.0
965,164,2.0,0,1.0,1.0,1.0,0.0,1.0,5327000.0
965,164,2.0,0,1.0,1.0,1.0,0.0,1.0,5327000.0
1500,164,3.0,0,1.0,1.0,1.0,0.0,1.0,8269000.0
1500,164,3.0,0,1.0,1.0,1.0,0.0,1.0,8269000.0
1065,164,2.0,0,1.0,1.0,1.0,0.0,1.0,5958000.0
1065,164,2.0,0,1.0,1.0,1.0,0.0,1.0,5958000.0
1273,715,2.0,0,1.0,1.0,1.0,1.0,1.0,6900000.0
1705,715,3.0,0,1.0,1.0,1.0,1.0,1.0,9700000.0
1304,715,2.0,0,1.0,1.0,1.0,1.0,1.0,7300000.0
1700,31,3.0,0,1.0,1.0,1.0,1.0,1.0,9180000.0
1277,104,2.0,0,0.0,1.0,1.0,1.0,1.0,6986000.0
1111,104,2.0,0,0.0,1.0,1.0,1.0,1.0,6081000.0
1443,104,3.0,0,0.0,1.0,1.0,1.0,1.0,7891000.0
1109,104,2.0,0,0.0,1.0,1.0,1.0,1.0,6070000.0
1089,104,2.0,0,0.0,1.0,1.0,1.0,1.0,5961000.0
1544,104,3.0,0,0.0,1.0,1.0,1.0,1.0,8442000.0
1647,104,3.0,0,0.0,1.0,1.0,1.0,1.0,9003000.0
1082,104,2.0,0,0.0,1.0,1.0,1.0,1.0,5923000.0
1128,104,2.0,0,0.0,1.0,1.0,1.0,1.0,6174000.0
1095,104,2.0,0,0.0,1.0,1.0,1.0,1.0,5994000.0
1496,104,3.0,0,0.0,1.0,1.0,1.0,1.0,8180000.0
1401,104,3.0,0,0.0,1.0,1.0,1.0,1.0,7662000.0
1538,213,3.0,0,1.0,1.0,1.0,1.0,1.0,8763000.0
1573,213,3.0,0,1.0,1.0,1.0,1.0,1.0,8957000.0
1181,213,2.0,0,1.0,1.0,1.0,1.0,1.0,6581000.0
1687,213,3.0,0,1.0,1.0,1.0,1.0,1.0,9640000.0
1196,213,2.0,0,1.0,1.0,1.0,1.0,1.0,6664000.0
1190,213,2.0,0,1.0,1.0,1.0,1.0,1.0,6631000.0
1766,213,3.0,0,1.0,1.0,1.0,1.0,1.0,10000000.0
1730,213,3.0,0,1.0,1.0,1.0,1.0,1.0,9879000.0
1532,213,3.0,0,1.0,1.0,1.0,1.0,1.0,8529000.0
1305,235,2.0,0,0.0,1.0,1.0,0.0,0.0,7252000.0
1645,235,3.0,0,0.0,1.0,1.0,0.0,0.0,9037000.0
1315,235,2.0,0,0.0,1.0,1.0,0.0,0.0,7298000.0
1950,235,3.0,0,0.0,1.0,1.0,0.0,0.0,10400000.0
1750,235,3.0,0,0.0,1.0,1.0,0.0,0.0,9520000.0
1300,235,2.0,0,0.0,1.0,1.0,0.0,0.0,7229000.000000001
1830,235,3.0,0,0.0,1.0,1.0,0.0,0.0,9887000.0
1935,235,3.0,0,0.0,1.0,1.0,0.0,0.0,10300000.0
1285,235,2.0,0,0.0,1.0,1.0,0.0,0.0,7159999.000000001
2010,235,3.0,0,0.0,1.0,1.0,0.0,0.0,10700000.0
1615,235,3.0,0,0.0,1.0,1.0,0.0,0.0,8900000.0
1720,235,3.0,0,0.0,1.0,1.0,0.0,0.0,9382000.0
1325,235,2.0,0,0.0,1.0,1.0,0.0,0.0,7344000.0
1270,235,2.0,0,0.0,1.0,1.0,0.0,0.0,7091000.0
1320,274,3.0,0,1.0,1.0,0.0,1.0,1.0,6279000.0
1100,274,2.0,0,1.0,1.0,0.0,1.0,1.0,5306000.0
1405,274,3.0,0,1.0,1.0,0.0,1.0,1.0,6655000.0
1075,274,2.0,0,1.0,1.0,0.0,1.0,1.0,5195000.0
1140,274,2.0,0,1.0,1.0,0.0,1.0,1.0,5483000.0
1150,274,2.0,0,1.0,1.0,0.0,1.0,1.0,5527000.0
1350,274,3.0,0,1.0,1.0,0.0,1.0,1.0,6412000.0
1265,274,3.0,0,1.0,1.0,0.0,1.0,1.0,6036000.0
1015,274,2.0,0,1.0,1.0,0.0,1.0,1.0,4930000.0
1395,274,3.0,0,1.0,1.0,0.0,1.0,1.0,6611000.0
1070,274,2.0,0,1.0,1.0,0.0,1.0,1.0,5173000.0
1270,274,3.0,0,1.0,1.0,0.0,1.0,1.0,6058000.0
1320,274,3.0,0,1.0,1.0,0.0,1.0,1.0,6279000.0
1050,274,2.0,0,1.0,1.0,0.0,1.0,1.0,5085000.0
1355,274,3.0,0,1.0,1.0,0.0,1.0,1.0,6434000.0
1090,274,2.0,0,1.0,1.0,0.0,1.0,1.0,5262000.0
1485,710,3.0,0,0.0,1.0,0.0,1.0,0.0,6681999.0
1450,710,3.0,0,0.0,1.0,0.0,1.0,0.0,6525000.0
1555,710,3.0,0,0.0,1.0,0.0,1.0,0.0,6997000.0
1355,710,3.0,0,0.0,1.0,0.0,1.0,0.0,6097000.0
1360,710,3.0,0,0.0,1.0,0.0,1.0,0.0,6120000.0
1365,710,3.0,0,0.0,1.0,0.0,1.0,0.0,6142000.0
1495,710,3.0,0,0.0,1.0,0.0,1.0,0.0,6727000.0
1395,710,3.0,0,0.0,1.0,0.0,1.0,0.0,6277000.0
1500,710,3.0,0,0.0,1.0,0.0,1.0,0.0,6750000.0
1435,710,3.0,0,0.0,1.0,0.0,1.0,0.0,6456999.0
1310,93,3.0,0,1.0,1.0,1.0,1.0,0.0,5240000.0
1030,93,2.0,0,1.0,1.0,1.0,1.0,0.0,4120000.0000000005
1275,80,3.0,0,1.0,1.0,1.0,1.0,1.0,7012000.0
1490,80,3.0,0,1.0,1.0,1.0,1.0,1.0,8195000.0
1706,493,3.0,0,1.0,1.0,0.0,1.0,1.0,8050000.0
1258,493,2.0,0,1.0,1.0,0.0,1.0,1.0,5900000.0
1723,493,3.0,0,1.0,1.0,0.0,1.0,1.0,8100000.0
1369,493,2.0,0,1.0,1.0,0.0,1.0,1.0,6400000.0
1335,493,2.0,0,1.0,1.0,0.0,1.0,1.0,6275000.0
2000,710,3.0,0,0.0,1.0,1.0,1.0,1.0,14400000.0
1900,710,3.0,0,0.0,1.0,1.0,1.0,1.0,13700000.0
1560,710,3.0,0,0.0,1.0,1.0,1.0,1.0,11399999.0
1097,77,2.0,0,0.0,1.0,1.0,1.0,1.0,4500000.0
1310,93,3.0,0,1.0,1.0,1.0,1.0,0.0,5240000.0
1030,93,2.0,0,1.0,1.0,1.0,1.0,0.0,4120000.0000000005
3300,227,4.0,0,0.0,1.0,1.0,1.0,1.0,29600000.0
1216,681,2.0,0,1.0,1.0,1.0,1.0,1.0,8954000.0
1195,681,2.0,0,1.0,1.0,1.0,1.0,1.0,8800000.0
2321,681,3.0,0,1.0,1.0,1.0,1.0,1.0,15400000.0
1655,681,3.0,0,1.0,1.0,1.0,1.0,1.0,11000000.0
1505,672,3.0,0,0.0,1.0,0.0,1.0,0.0,5267000.0
1002,672,2.0,0,0.0,1.0,0.0,1.0,0.0,3507000.0
1376,672,3.0,0,0.0,1.0,0.0,1.0,0.0,4816000.0
1232,672,2.0,0,0.0,1.0,0.0,1.0,0.0,4312000.0
1513,672,3.0,0,0.0,1.0,0.0,1.0,0.0,5295000.0
1056,672,2.0,0,0.0,1.0,0.0,1.0,0.0,3696000.0
1183,672,2.0,0,0.0,1.0,0.0,1.0,0.0,4140000.0
1095,672,2.0,0,0.0,1.0,0.0,1.0,0.0,3832000.0
965,672,2.0,0,0.0,1.0,0.0,1.0,0.0,3377000.0000000005
1303,672,3.0,0,0.0,1.0,0.0,1.0,0.0,4560000.0
1433,672,3.0,0,0.0,1.0,0.0,1.0,0.0,5015000.0
1077,672,2.0,0,0.0,1.0,0.0,1.0,0.0,3769000.0
985,672,2.0,0,0.0,1.0,0.0,1.0,0.0,3447000.0
1416,672,3.0,0,0.0,1.0,0.0,1.0,0.0,4956000.0
1521,672,3.0,0,0.0,1.0,0.0,1.0,0.0,5323000.0
1130,672,2.0,0,0.0,1.0,0.0,1.0,0.0,3954999.0
977,672,2.0,0,0.0,1.0,0.0,1.0,0.0,3419000.0
1529,672,3.0,0,0.0,1.0,0.0,1.0,0.0,5351000.0
1267,672,3.0,0,0.0,1.0,0.0,1.0,0.0,4434000.0
1725,214,3.0,0,1.0,1.0,1.0,1.0,1.0,9453000.0
1795,517,2.0,0,1.0,1.0,1.0,1.0,1.0,15000000.0
1000,517,1.0,0,1.0,1.0,1.0,1.0,1.0,8900000.0
1740,517,2.0,0,1.0,1.0,1.0,1.0,1.0,14400000.0
1490,517,2.0,0,1.0,1.0,1.0,1.0,1.0,12700000.0
1320,517,3.0,0,1.0,1.0,1.0,1.0,1.0,12500000.0
2330,517,4.0,0,1.0,1.0,1.0,1.0,1.0,20099999.0
2165,517,3.0,0,1.0,1.0,1.0,1.0,1.0,18800000.0
1645,517,2.0,0,1.0,1.0,1.0,1.0,1.0,13700000.0
1985,517,3.0,0,1.0,1.0,1.0,1.0,1.0,18900000.0
1616,45,3.0,0,1.0,1.0,1.0,1.0,1.0,8500000.0
1541,214,3.0,0,0.0,1.0,1.0,1.0,1.0,9000000.0
1515,681,3.0,0,0.0,1.0,0.0,1.0,1.0,9300000.0
1690,672,3.0,0,0.0,1.0,1.0,1.0,1.0,11000000.0
1770,86,3.0,0,1.0,1.0,1.0,1.0,1.0,18000000.0
3012,86,4.0,0,1.0,1.0,1.0,1.0,1.0,29300000.0
2370,86,3.0,0,1.0,1.0,1.0,1.0,1.0,22799999.0
700,489,1.0,0,0.0,0.0,0.0,0.0,0.0,3200000.0
700,489,1.0,0,0.0,0.0,0.0,0.0,0.0,3200000.0
1335,231,2.0,0,0.0,0.0,0.0,1.0,1.0,11000000.0
1690,634,3.0,0,0.0,1.0,0.0,1.0,1.0,9800000.0
4282,229,4.0,0,1.0,1.0,1.0,1.0,1.0,42500000.0
1500,517,3.0,0,1.0,1.0,1.0,1.0,1.0,13500000.0
1880,231,3.0,0,0.0,0.0,0.0,1.0,1.0,15600000.0
1985,517,3.0,0,1.0,1.0,1.0,1.0,1.0,18900000.0
1795,517,2.0,0,1.0,1.0,1.0,1.0,1.0,15400000.0
1410,517,2.0,0,1.0,1.0,1.0,1.0,1.0,12300000.0
1042,232,2.0,0,1.0,1.0,1.0,1.0,1.0,6845999.000000001
1408,232,3.0,0,1.0,1.0,1.0,1.0,1.0,9173000.0
1455,232,3.0,0,1.0,1.0,1.0,1.0,1.0,9471000.0
1105,232,2.0,0,1.0,1.0,1.0,1.0,1.0,7247000.0
1120,26,2.0,0,0.0,0.0,0.0,1.0,0.0,5599000.0
1345,517,1.0,0,1.0,1.0,1.0,1.0,1.0,11800000.0
1107,213,2.0,0,0.0,0.0,1.0,1.0,0.0,4815000.0
1122,213,2.0,0,0.0,0.0,1.0,1.0,0.0,4880000.0
1161,213,2.0,0,0.0,0.0,1.0,1.0,0.0,5050000.0
1062,213,2.0,0,0.0,0.0,1.0,1.0,0.0,4619000.0
1100,213,2.0,0,0.0,0.0,1.0,1.0,0.0,4785000.0
1143,213,2.0,0,0.0,0.0,1.0,1.0,0.0,4972000.0
1089,213,2.0,0,0.0,0.0,1.0,1.0,0.0,4737000.0
1116,213,2.0,0,0.0,0.0,1.0,1.0,0.0,4854000.0
3033,63,4.0,0,1.0,1.0,1.0,1.0,1.0,28300000.0
2378,63,3.0,0,1.0,1.0,1.0,1.0,1.0,21400000.0
2522,63,3.0,0,1.0,1.0,1.0,1.0,1.0,23500000.0
3205,63,4.0,0,1.0,1.0,1.0,1.0,1.0,29900000.0
1376,493,2.0,0,1.0,1.0,1.0,1.0,1.0,9200000.0
1168,493,2.0,0,1.0,1.0,1.0,1.0,1.0,8000000.0
1373,493,2.0,0,1.0,1.0,1.0,1.0,1.0,9200000.0
1168,493,2.0,0,1.0,1.0,1.0,1.0,1.0,8000000.0
1168,493,2.0,0,1.0,1.0,1.0,1.0,1.0,8000000.0
1376,493,2.0,0,1.0,1.0,1.0,1.0,1.0,9300000.0
1168,493,2.0,0,1.0,1.0,1.0,1.0,1.0,7900000.0
1376,493,2.0,0,1.0,1.0,1.0,1.0,1.0,9200000.0
1373,493,2.0,0,1.0,1.0,1.0,1.0,1.0,9100000.0
1373,493,2.0,0,1.0,1.0,1.0,1.0,1.0,9000000.0
1168,493,2.0,0,1.0,1.0,1.0,1.0,1.0,7900000.0
1160,493,2.0,0,1.0,1.0,1.0,1.0,1.0,7900000.0
1168,493,2.0,0,1.0,1.0,1.0,1.0,1.0,8000000.0
1160,493,2.0,0,1.0,1.0,1.0,1.0,1.0,7800000.0
1373,493,2.0,0,1.0,1.0,1.0,1.0,1.0,9200000.0
1376,493,2.0,0,1.0,1.0,1.0,1.0,1.0,9100000.0
1373,493,2.0,0,1.0,1.0,1.0,1.0,1.0,9100000.0
1373,493,2.0,0,1.0,1.0,1.0,1.0,1.0,9000000.0
1168,493,2.0,0,1.0,1.0,1.0,1.0,1.0,7900000.0
1373,493,2.0,0,1.0,1.0,1.0,1.0,1.0,8800000.0
1140,281,3.0,0,1.0,1.0,0.0,1.0,0.0,3990000.0
1149,281,3.0,0,1.0,1.0,0.0,1.0,0.0,4021000.0
1168,281,3.0,0,1.0,1.0,0.0,1.0,0.0,4088000.0000000005
1275,77,2.0,0,0.0,0.0,1.0,1.0,0.0,9060000.0
1210,77,2.0,0,0.0,0.0,1.0,1.0,0.0,8644000.0
1240,77,2.0,0,0.0,0.0,1.0,1.0,0.0,8836000.0
1450,77,3.0,0,0.0,0.0,1.0,1.0,0.0,10200000.0
1192,77,2.0,0,0.0,0.0,1.0,1.0,0.0,8528000.0
1190,77,2.0,0,0.0,0.0,1.0,1.0,0.0,8516000.0
1235,77,2.0,0,0.0,0.0,1.0,1.0,0.0,8804000.0
1400,77,3.0,0,0.0,0.0,1.0,1.0,0.0,9910000.0
1606,501,3.0,0,0.0,0.0,1.0,1.0,0.0,7634000.0
1239,501,2.0,0,0.0,0.0,1.0,1.0,0.0,5970000.0
1615,501,3.0,0,0.0,0.0,1.0,1.0,0.0,7675000.0
1180,501,2.0,0,0.0,0.0,1.0,1.0,0.0,5702000.0
1292,501,2.0,0,0.0,0.0,1.0,1.0,0.0,6210000.0
900,42,2.0,0,0.0,1.0,1.0,1.0,1.0,2520000.0
1180,42,3.0,0,0.0,1.0,1.0,1.0,1.0,3304000.0
1075,42,3.0,0,0.0,1.0,1.0,1.0,1.0,3010000.0
1000,42,2.0,0,0.0,1.0,1.0,1.0,1.0,2800000.0
880,42,2.0,0,0.0,1.0,1.0,1.0,1.0,2464000.0
1185,253,2.0,0,0.0,1.0,1.0,0.0,0.0,5557000.0
2540,253,3.0,0,0.0,1.0,1.0,0.0,0.0,11900000.0
1650,253,3.0,0,0.0,1.0,1.0,0.0,0.0,7738000.0
1355,253,2.0,0,0.0,1.0,1.0,0.0,0.0,6354000.0
600,253,1.0,0,0.0,1.0,1.0,0.0,0.0,2814000.0
1165,253,2.0,0,0.0,1.0,1.0,0.0,0.0,5463000.0
1590,253,3.0,0,0.0,1.0,1.0,0.0,0.0,7456999.0
1155,253,2.0,0,0.0,1.0,1.0,0.0,0.0,5416000.0
2495,253,3.0,0,0.0,1.0,1.0,0.0,0.0,11700000.0
1195,253,2.0,0,0.0,1.0,1.0,0.0,0.0,5604000.0
1530,253,3.0,0,0.0,1.0,1.0,0.0,0.0,7175000.0
1600,253,3.0,0,0.0,1.0,1.0,0.0,0.0,7504000.000000001
1200,253,2.0,0,0.0,1.0,1.0,0.0,0.0,5628000.0
884,406,2.0,0,0.0,0.0,0.0,0.0,0.0,5200000.0
884,406,2.0,0,0.0,1.0,0.0,1.0,1.0,5200000.0
1120,292,2.0,0,1.0,0.0,1.0,1.0,0.0,6385000.0
1005,64,2.0,0,1.0,1.0,1.0,0.0,1.0,6531999.0
1455,64,3.0,0,1.0,1.0,1.0,0.0,1.0,9457000.0
1390,64,3.0,0,1.0,1.0,1.0,0.0,1.0,9035000.0
1025,64,2.0,0,1.0,1.0,1.0,0.0,1.0,6662000.0
1105,64,2.0,0,1.0,1.0,1.0,0.0,1.0,7181999.0
1135,64,2.0,0,1.0,1.0,1.0,0.0,1.0,7377000.0
1425,710,3.0,0,1.0,1.0,1.0,0.0,1.0,7125000.0
1125,292,2.0,0,1.0,0.0,1.0,1.0,1.0,6389000.0
1125,292,2.0,0,1.0,0.0,1.0,1.0,0.0,6459000.0
2021,221,3.0,0,1.0,1.0,0.0,1.0,1.0,11800000.0
1971,221,3.0,0,1.0,1.0,0.0,1.0,1.0,11500000.0
1354,221,2.0,0,1.0,1.0,0.0,1.0,1.0,7920000.0
1845,221,3.0,0,1.0,1.0,0.0,1.0,1.0,10700000.0
1823,221,3.0,0,1.0,1.0,0.0,1.0,1.0,10600000.0
1447,221,2.0,0,1.0,1.0,0.0,1.0,1.0,8464000.0
1399,221,2.0,0,1.0,1.0,0.0,1.0,1.0,8184000.0
1735,221,3.0,0,1.0,1.0,0.0,1.0,1.0,10100000.0
1398,221,2.0,0,1.0,1.0,0.0,1.0,1.0,8178000.0
1940,221,3.0,0,1.0,1.0,0.0,1.0,1.0,11299999.0
1743,221,3.0,0,1.0,1.0,0.0,1.0,1.0,10100000.0
1417,221,2.0,0,1.0,1.0,0.0,1.0,1.0,8289000.0
1343,221,2.0,0,1.0,1.0,0.0,1.0,1.0,7856000.0
1411,221,2.0,0,1.0,1.0,0.0,1.0,1.0,8254000.000000001
1337,221,2.0,0,1.0,1.0,0.0,1.0,1.0,7820999.000000001
2010,221,3.0,0,1.0,1.0,0.0,1.0,1.0,11700000.0
1797,221,3.0,0,1.0,1.0,0.0,1.0,1.0,10500000.0
1768,221,3.0,0,1.0,1.0,0.0,1.0,1.0,10300000.0
990,232,2.0,0,0.0,0.0,0.0,0.0,0.0,4455000.0
1090,232,2.0,0,0.0,0.0,0.0,0.0,0.0,4905000.0
1250,692,2.0,0,1.0,0.0,1.0,1.0,0.0,5550000.0
1012,692,2.0,0,1.0,0.0,1.0,1.0,0.0,4500000.0
1987,231,3.0,0,0.0,1.0,0.0,1.0,1.0,20700000.0
1333,532,3.0,0,1.0,1.0,1.0,1.0,1.0,3999000.0
1174,532,3.0,0,1.0,1.0,1.0,1.0,1.0,3522000.0
958,532,2.0,0,1.0,1.0,1.0,1.0,1.0,2874000.0
1473,42,3.0,0,1.0,1.0,1.0,1.0,1.0,3682000.0
1371,42,3.0,0,1.0,1.0,1.0,1.0,1.0,3427000.0000000005
1573,42,3.0,0,1.0,1.0,1.0,1.0,1.0,3932000.0
1529,42,3.0,0,1.0,1.0,1.0,1.0,1.0,3822000.0
995,42,2.0,0,1.0,1.0,1.0,1.0,1.0,2487000.0
1240,232,3.0,0,0.0,0.0,0.0,0.0,0.0,5580000.0
1140,232,3.0,0,0.0,0.0,0.0,0.0,0.0,5130000.0
884,406,2.0,0,0.0,0.0,0.0,0.0,0.0,4910000.0
884,406,2.0,0,0.0,0.0,0.0,0.0,0.0,4910000.0
1241,164,3.0,0,0.0,1.0,0.0,1.0,0.0,4342000.0
954,164,2.0,0,0.0,1.0,0.0,1.0,1.0,3338000.0000000005
737,164,2.0,0,0.0,1.0,0.0,1.0,1.0,2578000.0
976,164,2.0,0,0.0,1.0,0.0,1.0,1.0,3415000.0
890,164,2.0,0,0.0,1.0,0.0,1.0,0.0,3114000.0
823,164,2.0,0,0.0,0.0,0.0,1.0,0.0,2879000.0
1282,164,3.0,0,0.0,1.0,0.0,1.0,1.0,4485000.0
893,164,2.0,0,0.0,1.0,0.0,1.0,1.0,3124000.0
1347,164,3.0,0,0.0,1.0,0.0,1.0,1.0,4713000.0
1291,164,2.0,0,0.0,1.0,0.0,1.0,1.0,4517000.0
1353,164,3.0,0,0.0,1.0,0.0,1.0,1.0,4734000.0
903,164,2.0,0,0.0,1.0,0.0,1.0,1.0,3159000.0
1206,164,3.0,0,0.0,1.0,0.0,1.0,1.0,4219000.0
1353,164,3.0,0,0.0,1.0,0.0,1.0,1.0,4734000.0
743,164,2.0,0,0.0,1.0,0.0,1.0,1.0,2578000.0
1042,164,2.0,0,0.0,1.0,0.0,1.0,1.0,3645000.0000000005
1241,164,2.0,0,0.0,1.0,0.0,1.0,1.0,4342000.0
644,164,1.0,0,0.0,1.0,0.0,1.0,0.0,2253000.0
827,164,2.0,0,0.0,1.0,0.0,1.0,1.0,2893000.0
747,164,2.0,0,0.0,1.0,0.0,1.0,1.0,2614000.0
2000,406,3.0,0,0.0,0.0,0.0,1.0,0.0,10500000.0
1352,164,3.0,0,0.0,1.0,0.0,1.0,1.0,4867000.0
1352,164,3.0,0,0.0,1.0,0.0,1.0,0.0,4735000.0
737,164,2.0,0,0.0,1.0,0.0,1.0,0.0,2653000.0
795,164,2.0,0,0.0,1.0,0.0,1.0,0.0,2862000.0
954,164,2.0,0,0.0,0.0,0.0,0.0,0.0,3339000.0
823,164,2.0,0,0.0,1.0,0.0,1.0,1.0,2962000.0
823,164,2.0,0,0.0,1.0,0.0,1.0,1.0,2880000.0
644,164,1.0,0,0.0,1.0,0.0,1.0,1.0,2318000.0
644,164,2.0,0,0.0,1.0,0.0,1.0,1.0,2254000.0
644,164,1.0,0,0.0,1.0,0.0,1.0,1.0,2254000.0
826,164,2.0,0,0.0,1.0,0.0,1.0,1.0,2973000.0
1353,164,3.0,0,0.0,1.0,0.0,1.0,0.0,4870000.0
795,164,2.0,0,0.0,1.0,0.0,1.0,1.0,2781000.0
1347,164,3.0,0,0.0,1.0,0.0,1.0,1.0,4713000.0
747,164,2.0,0,0.0,1.0,0.0,1.0,0.0,2613000.0
1304,164,3.0,0,0.0,1.0,0.0,1.0,1.0,4562000.0
1367,164,2.0,0,0.0,1.0,0.0,1.0,1.0,4783000.0
1241,164,2.0,0,0.0,1.0,0.0,1.0,1.0,4342000.0
823,164,2.0,0,0.0,1.0,0.0,1.0,0.0,2879000.0
1370,165,3.0,0,0.0,0.0,1.0,1.0,1.0,5045000.0
1175,165,2.0,0,0.0,0.0,1.0,1.0,1.0,4362000.0
1500,165,3.0,0,0.0,0.0,1.0,1.0,1.0,5500000.0
1233,165,2.0,0,0.0,0.0,1.0,1.0,1.0,4565000.0
1100,165,2.0,0,0.0,0.0,1.0,1.0,1.0,4000000.0
1300,165,3.0,0,0.0,0.0,1.0,1.0,1.0,4800000.0
1210,165,2.0,0,0.0,0.0,1.0,1.0,1.0,4485000.0
1075,165,2.0,0,0.0,0.0,1.0,1.0,1.0,4011999.0
1220,165,2.0,0,0.0,0.0,1.0,1.0,1.0,4520000.0
1155,165,2.0,0,0.0,0.0,1.0,1.0,1.0,4292000.0
1280,165,3.0,0,0.0,0.0,1.0,1.0,1.0,4730000.0
1350,165,3.0,0,0.0,0.0,1.0,1.0,1.0,4975000.0
1330,165,3.0,0,0.0,0.0,1.0,1.0,1.0,4905000.0
1135,165,2.0,0,0.0,0.0,1.0,1.0,1.0,4222000.0
1070,165,2.0,0,0.0,0.0,1.0,1.0,1.0,3995000.0000000005
1005,406,2.0,0,0.0,0.0,0.0,0.0,0.0,4700000.0
1193,532,3.0,0,1.0,1.0,1.0,1.0,1.0,3579000.0
1124,532,2.0,0,1.0,1.0,1.0,1.0,1.0,3372000.0
974,532,2.0,0,1.0,1.0,1.0,1.0,1.0,2922000.0
948,532,2.0,0,1.0,1.0,1.0,1.0,1.0,2844000.0
967,532,2.0,0,1.0,1.0,1.0,1.0,1.0,2901000.0
940,532,2.0,0,1.0,1.0,1.0,1.0,1.0,2820000.0
1486,532,3.0,0,1.0,1.0,1.0,1.0,1.0,4458000.0
1161,532,3.0,0,1.0,1.0,1.0,1.0,1.0,3483000.0
1233,532,3.0,0,1.0,1.0,1.0,1.0,1.0,3699000.0
1302,532,3.0,0,1.0,1.0,1.0,1.0,1.0,3906000.0
963,532,2.0,0,1.0,1.0,1.0,1.0,1.0,2889000.0
1143,532,2.0,0,1.0,1.0,1.0,1.0,1.0,3429000.0
1388,532,3.0,0,1.0,1.0,1.0,1.0,1.0,4164000.0
1128,532,2.0,0,1.0,1.0,1.0,1.0,1.0,3384000.0000000005
1174,42,2.0,0,1.0,1.0,1.0,1.0,1.0,2935000.0
1639,42,3.0,0,1.0,1.0,1.0,1.0,1.0,4097000.0
1281,42,2.0,0,1.0,1.0,1.0,1.0,1.0,3202000.0000000005
1147,42,2.0,0,1.0,1.0,1.0,1.0,1.0,2867000.0
1365,42,3.0,0,1.0,1.0,1.0,1.0,1.0,3411999.0
870,93,2.0,0,0.0,1.0,0.0,1.0,1.0,2436000.0
1000,93,2.0,0,0.0,1.0,0.0,1.0,1.0,2800000.0
1075,109,3.0,0,0.0,1.0,0.0,1.0,1.0,3010000.0
900,109,2.0,0,0.0,1.0,0.0,1.0,1.0,2520000.0
1085,109,2.0,0,0.0,1.0,0.0,1.0,1.0,3038000.0
1075,42,3.0,0,0.0,1.0,1.0,1.0,1.0,3010000.0
710,501,1.0,0,0.0,0.0,0.0,1.0,0.0,3177000.0
1195,80,2.0,0,0.0,0.0,1.0,1.0,0.0,7200000.0
2360,651,3.0,0,1.0,1.0,1.0,1.0,1.0,20400000.0
2307,651,3.0,0,1.0,1.0,1.0,1.0,1.0,17600000.0
2127,231,3.0,0,0.0,1.0,0.0,1.0,1.0,20200000.0
1040,318,2.0,0,1.0,1.0,1.0,0.0,1.0,4002000.0000000005
1187,318,2.0,0,1.0,1.0,1.0,0.0,1.0,4568000.0
1054,318,2.0,0,1.0,1.0,1.0,0.0,1.0,4056000.0
1118,318,2.0,0,1.0,1.0,1.0,0.0,1.0,4303000.0
1117,318,2.0,0,1.0,1.0,1.0,0.0,1.0,4299000.0
1180,318,2.0,0,1.0,1.0,1.0,0.0,1.0,4541000.0
1094,318,2.0,0,1.0,1.0,1.0,0.0,1.0,4210000.0
1090,318,2.0,0,1.0,1.0,1.0,0.0,1.0,4195000.0
1098,318,2.0,0,1.0,1.0,1.0,0.0,1.0,4226000.0
1205,318,2.0,0,1.0,1.0,1.0,0.0,1.0,4638000.0
1221,318,3.0,0,1.0,1.0,1.0,0.0,1.0,4699000.0
1150,318,2.0,0,1.0,1.0,1.0,0.0,1.0,4426000.0
1020,318,2.0,0,1.0,1.0,1.0,0.0,1.0,3925000.0
1129,318,2.0,0,1.0,1.0,1.0,0.0,1.0,4345000.0
1062,318,2.0,0,1.0,1.0,1.0,0.0,1.0,4086999.0
1059,318,2.0,0,1.0,1.0,1.0,0.0,1.0,4076000.0
1058,318,2.0,0,1.0,1.0,1.0,0.0,1.0,4072000.0
1199,318,2.0,0,1.0,1.0,1.0,0.0,1.0,4614000.0
1448,241,3.0,0,1.0,1.0,1.0,0.0,1.0,4054000.0
1250,241,3.0,0,1.0,1.0,1.0,0.0,1.0,3500000.0
1488,241,3.0,0,1.0,1.0,1.0,0.0,1.0,4165999.0
1096,241,2.0,0,1.0,1.0,1.0,0.0,1.0,3068000.0
1491,241,3.0,0,1.0,1.0,1.0,0.0,1.0,4174000.0
1090,241,2.0,0,1.0,1.0,1.0,0.0,1.0,3052000.0
1102,241,2.0,0,1.0,1.0,1.0,0.0,1.0,3085000.0
1166,241,2.0,0,1.0,1.0,1.0,0.0,1.0,3264000.0
920,241,2.0,0,1.0,1.0,1.0,0.0,1.0,2576000.0
1142,241,2.0,0,1.0,1.0,1.0,0.0,1.0,3197000.0
1551,241,3.0,0,1.0,1.0,1.0,0.0,1.0,4342000.0
1135,241,2.0,0,1.0,1.0,1.0,0.0,1.0,3178000.0
1505,367,3.0,0,1.0,1.0,0.0,0.0,1.0,3913000.0000000005
1370,367,3.0,0,1.0,1.0,0.0,0.0,1.0,3561999.0
1533,241,3.0,0,1.0,1.0,1.0,0.0,1.0,4292000.0
1115,367,2.0,0,1.0,1.0,0.0,0.0,1.0,2899000.0
1125,367,2.0,0,1.0,1.0,0.0,0.0,1.0,2925000.0
1066,241,2.0,0,1.0,1.0,1.0,0.0,1.0,2984000.0
1465,367,3.0,0,1.0,1.0,0.0,0.0,1.0,3809000.0000000005
1675,318,3.0,0,1.0,0.0,0.0,1.0,0.0,6698000.0
1240,318,2.0,0,1.0,0.0,0.0,1.0,0.0,4958000.0
1240,318,2.0,0,1.0,0.0,0.0,1.0,0.0,4958000.0
1220,318,2.0,0,1.0,0.0,0.0,1.0,0.0,4878000.0
1220,318,2.0,0,1.0,0.0,0.0,1.0,0.0,4878000.0
1225,318,2.0,0,1.0,0.0,0.0,1.0,0.0,4898000.0
1225,318,2.0,0,1.0,0.0,0.0,1.0,0.0,4898000.0
1270,318,2.0,0,1.0,0.0,0.0,1.0,0.0,5078000.0
1270,318,2.0,0,1.0,0.0,0.0,1.0,0.0,5078000.0
1075,274,2.0,0,1.0,1.0,0.0,1.0,1.0,4500000.0
1075,42,3.0,0,0.0,0.0,1.0,1.0,1.0,3010000.0
870,42,2.0,0,0.0,0.0,1.0,1.0,1.0,2436000.0
1000,42,2.0,0,0.0,0.0,1.0,1.0,1.0,2800000.0
1210,42,3.0,0,0.0,0.0,1.0,1.0,1.0,3388000.0000000005
900,42,2.0,0,0.0,0.0,1.0,1.0,1.0,2520000.0
1085,42,2.0,0,0.0,0.0,1.0,1.0,1.0,3038000.0
880,42,2.0,0,0.0,0.0,1.0,1.0,1.0,2464000.0
1075,274,2.0,0,1.0,1.0,0.0,1.0,1.0,4500000.0
1120,681,2.0,0,0.0,1.0,0.0,1.0,0.0,4928000.0
1185,93,3.0,0,0.0,1.0,0.0,1.0,0.0,4147000.0
1373,228,3.0,0,0.0,1.0,1.0,1.0,0.0,7211000.0
1109,228,2.0,0,0.0,1.0,1.0,1.0,0.0,5910000.0
1415,228,3.0,0,0.0,1.0,1.0,1.0,0.0,7423000.0
1782,228,3.0,0,0.0,1.0,1.0,1.0,0.0,9227000.0
1383,228,3.0,0,0.0,1.0,1.0,1.0,0.0,7263000.0
1227,228,2.0,0,0.0,1.0,1.0,1.0,0.0,6494000.0
1626,228,3.0,0,0.0,1.0,1.0,1.0,0.0,8458000.0
1755,228,3.0,0,0.0,1.0,1.0,1.0,0.0,9094000.0
1502,228,3.0,0,0.0,1.0,1.0,1.0,0.0,7847000.0
1233,228,2.0,0,0.0,1.0,1.0,1.0,0.0,6520999.000000001
1367,228,3.0,0,0.0,1.0,1.0,1.0,0.0,7184000.0
1098,228,2.0,0,0.0,1.0,1.0,1.0,0.0,5858000.0
1470,228,3.0,0,0.0,1.0,1.0,1.0,0.0,7689000.0
1211,228,3.0,0,0.0,1.0,1.0,1.0,0.0,6415000.000000001
1077,228,2.0,0,0.0,1.0,1.0,1.0,0.0,5752000.0
1206,228,2.0,0,0.0,1.0,1.0,1.0,0.0,6388000.0
1346,228,3.0,0,0.0,1.0,1.0,1.0,0.0,7078000.0
1087,228,2.0,0,0.0,1.0,1.0,1.0,0.0,5804000.0
2185,228,3.0,0,0.0,1.0,1.0,1.0,0.0,11200000.0
1453,228,3.0,0,0.0,1.0,1.0,1.0,0.0,7608000.0
1200,228,2.0,0,0.0,1.0,1.0,1.0,0.0,6361000.0
1572,228,3.0,0,0.0,1.0,1.0,1.0,0.0,8192000.0
1179,228,2.0,0,0.0,1.0,1.0,1.0,0.0,6255000.0
1701,228,3.0,0,0.0,1.0,1.0,1.0,0.0,8830000.0
1841,228,3.0,0,0.0,1.0,1.0,1.0,0.0,9517000.0
1443,228,3.0,0,0.0,1.0,1.0,1.0,0.0,7556000.0
1442,228,3.0,0,0.0,1.0,1.0,1.0,0.0,7554000.000000001
1173,228,2.0,0,0.0,1.0,1.0,1.0,0.0,6228000.0
1448,228,3.0,0,0.0,1.0,1.0,1.0,0.0,7581000.0
2121,228,3.0,0,0.0,1.0,1.0,1.0,0.0,10800000.0
1168,228,2.0,0,0.0,1.0,1.0,1.0,0.0,6203000.0
1411,228,3.0,0,0.0,1.0,1.0,1.0,0.0,7398000.0
1141,228,2.0,0,0.0,1.0,1.0,1.0,0.0,6070000.0
1276,228,3.0,0,0.0,1.0,1.0,1.0,0.0,6733000.0
1152,228,2.0,0,0.0,1.0,1.0,1.0,0.0,6125000.0
1550,228,3.0,0,0.0,1.0,1.0,1.0,0.0,8086000.0
1389,228,3.0,0,0.0,1.0,1.0,1.0,0.0,7290000.000000001
1260,228,3.0,0,0.0,1.0,1.0,1.0,0.0,6654000.000000001
1529,228,3.0,0,0.0,1.0,1.0,1.0,0.0,7980000.0
1395,228,3.0,0,0.0,1.0,1.0,1.0,0.0,7322000.0
1136,228,2.0,0,0.0,1.0,1.0,1.0,0.0,6043000.0
1270,228,3.0,0,0.0,1.0,1.0,1.0,0.0,6706000.0
1399,228,3.0,0,0.0,1.0,1.0,1.0,0.0,7342000.0
1650,692,3.0,0,0.0,0.0,0.0,0.0,0.0,7800000.0
1500,692,3.0,0,0.0,0.0,0.0,0.0,0.0,6800000.0
1140,77,2.0,0,0.0,1.0,1.0,1.0,0.0,5700000.0
1220,77,2.0,0,0.0,1.0,1.0,1.0,0.0,6000000.0
1150,77,2.0,0,0.0,1.0,1.0,1.0,0.0,5755000.0
1350,77,3.0,0,0.0,1.0,1.0,1.0,0.0,6695000.0
1180,77,2.0,0,0.0,1.0,1.0,1.0,0.0,5896000.0
1130,77,2.0,0,0.0,1.0,1.0,1.0,0.0,5600000.0
1160,77,2.0,0,0.0,1.0,1.0,1.0,0.0,5800000.0
1325,77,3.0,0,0.0,1.0,1.0,1.0,0.0,6577000.0
1090,77,2.0,0,0.0,1.0,1.0,1.0,0.0,5473000.0
1170,77,2.0,0,0.0,1.0,1.0,1.0,0.0,5849000.0
1165,77,2.0,0,0.0,1.0,1.0,1.0,0.0,5825000.0
1160,77,2.0,0,0.0,1.0,1.0,1.0,0.0,5800000.0
1810,292,3.0,0,1.0,1.0,1.0,1.0,1.0,16900000.0
1740,292,3.0,0,1.0,1.0,1.0,1.0,1.0,14900000.0
1630,292,3.0,0,1.0,1.0,1.0,1.0,1.0,14100000.0
1440,292,2.0,0,1.0,1.0,1.0,1.0,1.0,12100000.0
1245,292,2.0,0,1.0,1.0,1.0,1.0,1.0,10700000.0
1098,681,2.0,0,0.0,1.0,0.0,1.0,1.0,4831000.0
1215,420,3.0,0,1.0,1.0,1.0,1.0,0.0,3632000.0
990,420,2.0,0,1.0,1.0,1.0,1.0,0.0,2960000.0
1125,420,2.0,0,1.0,1.0,1.0,1.0,0.0,3363000.0000000005
950,30,2.0,0,0.0,1.0,1.0,1.0,1.0,3087000.0
1225,30,3.0,0,0.0,1.0,1.0,1.0,1.0,3981000.0
1025,30,2.0,0,0.0,1.0,1.0,1.0,1.0,3331000.0
645,30,1.0,0,0.0,1.0,1.0,1.0,1.0,2096000.0
1505,165,3.0,0,1.0,1.0,1.0,1.0,1.0,8218000.000000001
1535,165,3.0,0,1.0,1.0,1.0,1.0,1.0,8370999.000000001
1470,165,3.0,0,1.0,1.0,1.0,1.0,1.0,8039000.0
1045,165,2.0,0,1.0,1.0,1.0,1.0,1.0,5868000.0
1075,165,2.0,0,1.0,1.0,1.0,1.0,1.0,6021000.0
1290,165,2.0,0,1.0,1.0,1.0,1.0,1.0,7194000.0
1380,165,2.0,0,1.0,1.0,1.0,1.0,1.0,7581000.0
1465,165,3.0,0,1.0,1.0,1.0,1.0,1.0,8137000.0
2790,517,4.0,0,1.0,1.0,1.0,1.0,1.0,28000000.0
1320,517,2.0,0,1.0,1.0,1.0,1.0,1.0,13000000.0
1000,42,1.0,0,0.0,1.0,0.0,1.0,1.0,2800000.0
2170,247,3.0,0,1.0,1.0,1.0,1.0,1.0,14000000.0
1691,247,3.0,0,1.0,1.0,1.0,1.0,1.0,10900000.0
3205,63,4.0,0,1.0,1.0,1.0,1.0,1.0,29900000.0
3033,63,4.0,0,1.0,1.0,1.0,1.0,1.0,28300000.0
2522,63,3.0,0,1.0,1.0,1.0,1.0,1.0,23500000.0
2480,63,3.0,0,1.0,1.0,1.0,1.0,1.0,23100000.0
2378,63,3.0,0,1.0,1.0,1.0,1.0,1.0,21400000.0
1800,233,3.0,0,1.0,1.0,1.0,1.0,1.0,7830000.0
1372,233,2.0,0,1.0,1.0,1.0,1.0,1.0,5968000.0
1242,232,2.0,0,1.0,1.0,1.0,0.0,1.0,6085000.0
1110,232,2.0,0,1.0,1.0,1.0,0.0,1.0,5439000.0
1380,232,3.0,0,1.0,1.0,1.0,0.0,1.0,6762000.0
1120,232,2.0,0,1.0,1.0,1.0,0.0,1.0,5488000.0
1118,232,2.0,0,1.0,1.0,1.0,0.0,1.0,5478000.0
1518,232,3.0,0,1.0,1.0,1.0,0.0,1.0,7438000.0
1386,232,3.0,0,1.0,1.0,1.0,0.0,1.0,6791000.0
1224,232,2.0,0,1.0,1.0,1.0,0.0,1.0,5997000.0
1358,232,3.0,0,1.0,1.0,1.0,0.0,1.0,6654000.000000001
1222,232,2.0,0,1.0,1.0,1.0,0.0,1.0,5987000.0
1430,232,3.0,0,1.0,1.0,1.0,0.0,1.0,7006999.0
728,232,1.0,0,1.0,1.0,1.0,0.0,1.0,3567000.0
1235,232,2.0,0,1.0,1.0,1.0,0.0,1.0,6051000.0
1434,232,3.0,0,1.0,1.0,1.0,0.0,1.0,7026000.000000001
1212,232,2.0,0,1.0,1.0,1.0,0.0,1.0,5938000.0
1273,232,2.0,0,1.0,1.0,1.0,0.0,1.0,6237000.0
1220,232,2.0,0,1.0,1.0,1.0,0.0,1.0,5978000.0
1147,232,2.0,0,1.0,1.0,1.0,0.0,1.0,5620000.0
1255,232,2.0,0,1.0,1.0,1.0,0.0,1.0,6149000.0
1468,232,3.0,0,1.0,1.0,1.0,0.0,1.0,7193000.000000001
1264,232,2.0,0,1.0,1.0,1.0,0.0,1.0,6193000.0
1735,31,3.0,0,1.0,1.0,1.0,1.0,1.0,9369000.0
1495,31,3.0,0,1.0,1.0,1.0,1.0,1.0,8073000.0
1700,31,3.0,0,1.0,1.0,1.0,1.0,1.0,9180000.0
1440,187,3.0,0,0.0,1.0,1.0,1.0,1.0,7028000.0
1245,187,2.0,0,0.0,1.0,1.0,1.0,1.0,6148000.0
1510,187,3.0,0,0.0,1.0,1.0,1.0,1.0,7344000.0
1305,187,2.0,0,0.0,1.0,1.0,1.0,1.0,6419000.0
1120,187,2.0,0,0.0,1.0,1.0,1.0,1.0,5584000.0
1295,187,3.0,0,0.0,1.0,1.0,1.0,1.0,6374000.0
1225,187,2.0,0,0.0,1.0,1.0,1.0,1.0,6058000.0
1430,187,3.0,0,0.0,1.0,1.0,1.0,1.0,6983000.0
1300,187,2.0,0,0.0,1.0,1.0,1.0,1.0,6396000.0
1470,187,3.0,0,0.0,1.0,1.0,1.0,1.0,7163000.0
1275,187,2.0,0,0.0,1.0,1.0,1.0,1.0,6283000.0
1410,187,3.0,0,0.0,1.0,1.0,1.0,1.0,6893000.000000001
1140,187,2.0,0,0.0,1.0,1.0,1.0,1.0,5674000.0
1415,187,3.0,0,0.0,1.0,1.0,1.0,1.0,6915000.000000001
1455,187,3.0,0,0.0,1.0,1.0,1.0,1.0,7095999.000000001
1520,187,3.0,0,0.0,1.0,1.0,1.0,1.0,7389000.0
1260,187,2.0,0,0.0,1.0,1.0,1.0,1.0,6216000.0
1525,187,3.0,0,0.0,1.0,1.0,1.0,1.0,7412000.0
1125,187,2.0,0,0.0,1.0,1.0,1.0,1.0,5606000.0
1255,187,2.0,0,0.0,1.0,1.0,1.0,1.0,6193000.0
1135,187,2.0,0,0.0,1.0,1.0,1.0,1.0,5651000.0
2936,164,3.0,0,1.0,1.0,1.0,1.0,1.0,35500000.0
1597,214,3.0,0,1.0,1.0,1.0,1.0,1.0,11399999.0
1514,214,3.0,0,1.0,1.0,1.0,1.0,1.0,10800000.0
1431,214,2.0,0,1.0,1.0,1.0,1.0,1.0,10200000.0
1365,214,2.0,0,1.0,1.0,1.0,1.0,1.0,9800000.0
1205,681,2.0,0,1.0,1.0,1.0,1.0,1.0,7900000.0
1007,681,2.0,0,1.0,1.0,1.0,1.0,1.0,6570000.0
2243,672,3.0,0,1.0,1.0,1.0,1.0,1.0,22799999.0
2051,672,3.0,0,1.0,1.0,1.0,1.0,1.0,21200000.0
1350,100,3.0,0,0.0,1.0,0.0,1.0,1.0,7200000.0
1225,100,3.0,0,0.0,1.0,0.0,1.0,1.0,6500000.0
1165,100,2.0,0,0.0,1.0,0.0,1.0,1.0,6200000.0
1315,532,3.0,0,1.0,0.0,1.0,1.0,0.0,4732000.0
1320,532,2.0,0,1.0,0.0,1.0,1.0,0.0,4750000.0
1250,532,2.0,0,1.0,0.0,1.0,1.0,0.0,4498000.0
1290,532,3.0,0,1.0,0.0,1.0,1.0,0.0,4870000.0
1290,532,2.0,0,1.0,0.0,1.0,1.0,0.0,4642000.0
1365,532,3.0,0,1.0,0.0,1.0,1.0,0.0,4912000.0
1500,532,3.0,0,1.0,0.0,1.0,1.0,0.0,5398000.0
1200,532,2.0,0,1.0,0.0,1.0,1.0,0.0,4318000.0
1075,42,3.0,0,0.0,0.0,1.0,1.0,1.0,3010000.0
870,42,2.0,0,0.0,0.0,1.0,1.0,1.0,2436000.0
1000,42,2.0,0,0.0,0.0,1.0,1.0,1.0,2800000.0
1210,42,3.0,0,0.0,0.0,1.0,1.0,1.0,3388000.0000000005
900,42,2.0,0,0.0,0.0,1.0,1.0,1.0,2520000.0
1745,77,3.0,0,1.0,1.0,1.0,0.0,1.0,10800000.0
1417,77,2.0,0,1.0,1.0,1.0,0.0,1.0,8868000.0
1814,77,3.0,0,1.0,1.0,1.0,0.0,1.0,11399999.0
1503,77,2.0,0,1.0,1.0,1.0,0.0,1.0,9366000.0
1814,233,3.0,0,1.0,1.0,1.0,1.0,1.0,11200000.0
1595,233,3.0,0,1.0,1.0,1.0,1.0,1.0,9888000.0
1759,233,3.0,0,1.0,1.0,1.0,1.0,1.0,10800000.0
1839,308,3.0,0,1.0,1.0,1.0,1.0,1.0,25500000.0
2461,308,4.0,0,1.0,1.0,1.0,1.0,1.0,34000000.0
1249,308,2.0,0,1.0,1.0,1.0,1.0,1.0,17500000.0
2503,308,4.0,0,1.0,1.0,1.0,1.0,1.0,34500000.0
1385,308,2.0,0,1.0,1.0,1.0,1.0,1.0,19500000.0
1286,429,3.0,0,0.0,1.0,0.0,1.0,1.0,7100000.0
1163,429,2.0,0,0.0,1.0,0.0,1.0,1.0,6400000.0
966,429,2.0,0,0.0,1.0,0.0,1.0,1.0,5500000.0
814,429,2.0,0,0.0,1.0,0.0,1.0,1.0,4300000.0
708,429,2.0,0,0.0,1.0,0.0,1.0,1.0,3800000.0
3360,221,4.0,0,1.0,1.0,1.0,1.0,1.0,26000000.0
2210,221,3.0,0,1.0,1.0,1.0,1.0,1.0,18600000.0
1930,221,3.0,0,1.0,1.0,1.0,1.0,1.0,17300000.0
1890,221,3.0,0,1.0,1.0,1.0,1.0,1.0,17100000.0
1330,221,2.0,0,1.0,1.0,1.0,1.0,1.0,11800000.0
4600,206,4.0,0,1.0,1.0,1.0,0.0,1.0,66900000.0
8331,206,5.0,0,1.0,1.0,1.0,0.0,1.0,170600000.0
8902,206,5.0,0,1.0,1.0,1.0,0.0,1.0,182300000.0
5112,206,5.0,0,1.0,1.0,1.0,0.0,1.0,74300000.0
6500,206,4.0,0,0.0,1.0,0.0,1.0,1.0,60100000.0
3900,206,4.0,0,0.0,1.0,0.0,1.0,1.0,36000000.0
3895,206,4.0,0,0.0,1.0,0.0,1.0,1.0,36000000.0
5654,206,4.0,0,0.0,1.0,0.0,1.0,1.0,52200000.0
5500,206,4.0,0,0.0,1.0,0.0,1.0,1.0,50800000.0
4622,229,4.0,0,1.0,1.0,0.0,1.0,1.0,49600000.0
4322,229,4.0,0,1.0,1.0,0.0,1.0,1.0,46400000.0
4400,206,4.0,0,1.0,1.0,1.0,0.0,1.0,64000000.0
4200,206,3.0,0,1.0,1.0,1.0,0.0,1.0,61100000.0
9700,206,5.0,0,1.0,1.0,1.0,0.0,1.0,198600000.0
3670,206,3.0,0,1.0,1.0,1.0,0.0,1.0,53400000.0
9900,206,5.0,0,1.0,1.0,1.0,0.0,1.0,202700000.0
8300,206,5.0,0,1.0,1.0,1.0,0.0,1.0,170000000.0
7700,206,4.0,0,1.0,1.0,1.0,0.0,1.0,157700000.0
3897,206,3.0,0,1.0,1.0,1.0,0.0,1.0,56700000.0
1570,164,3.0,0,0.0,1.0,1.0,1.0,1.0,6594000.0
1410,164,3.0,0,0.0,1.0,1.0,1.0,1.0,5922000.0
1580,164,3.0,0,0.0,1.0,1.0,1.0,1.0,6636000.0
1610,164,3.0,0,0.0,1.0,1.0,1.0,1.0,6762000.0
1195,164,2.0,0,0.0,1.0,1.0,1.0,1.0,5019000.0
1590,164,3.0,0,0.0,1.0,1.0,1.0,1.0,6678000.0
1600,164,3.0,0,0.0,1.0,1.0,1.0,1.0,6720000.0
1200,164,2.0,0,0.0,1.0,1.0,1.0,1.0,5040000.0
1565,164,3.0,0,0.0,1.0,1.0,1.0,1.0,6573000.0
1638,406,3.0,0,0.0,1.0,1.0,1.0,1.0,8353000.0
1584,406,3.0,0,0.0,1.0,1.0,1.0,1.0,8078000.0
1288,406,2.0,0,0.0,1.0,1.0,1.0,1.0,6568000.000000001
1521,406,3.0,0,0.0,1.0,1.0,1.0,1.0,7756999.0
1422,406,3.0,0,0.0,1.0,1.0,1.0,1.0,7252000.0
1367,406,3.0,0,0.0,1.0,1.0,1.0,1.0,6970999.000000001
2597,202,4.0,0,0.0,1.0,1.0,1.0,1.0,19500000.0
1447,165,3.0,0,1.0,1.0,1.0,0.0,1.0,6331000.0
2569,202,4.0,0,0.0,1.0,1.0,1.0,1.0,18500000.0
2219,165,3.0,0,1.0,1.0,1.0,0.0,1.0,9730000.0
1525,165,3.0,0,1.0,1.0,1.0,0.0,1.0,6641000.0
1727,165,3.0,0,1.0,1.0,1.0,0.0,1.0,7520999.000000001
1274,301,2.0,0,1.0,1.0,1.0,1.0,1.0,11100000.0
1588,301,3.0,0,1.0,1.0,1.0,1.0,1.0,14200000.0
1300,165,2.0,0,1.0,1.0,1.0,0.0,1.0,5739000.0
1204,301,2.0,0,1.0,1.0,1.0,1.0,1.0,10500000.0
1531,165,3.0,0,1.0,1.0,1.0,0.0,1.0,6667000.0
2140,301,3.0,0,1.0,1.0,1.0,1.0,1.0,19100000.0
1375,31,2.0,0,1.0,1.0,1.0,1.0,1.0,7177000.0
1309,31,2.0,0,1.0,1.0,1.0,1.0,1.0,6831999.0
1176,31,2.0,0,1.0,1.0,1.0,1.0,1.0,6138000.0
1370,31,2.0,0,1.0,1.0,1.0,1.0,1.0,7151000.000000001
1843,31,3.0,0,1.0,1.0,1.0,1.0,1.0,9620000.0
1320,31,2.0,0,1.0,1.0,1.0,1.0,1.0,6890000.000000001
1841,31,3.0,0,1.0,1.0,1.0,1.0,1.0,9610000.0
1950,31,3.0,0,1.0,1.0,1.0,1.0,1.0,10100000.0
1559,31,3.0,0,1.0,1.0,1.0,1.0,1.0,8137000.0
1498,31,3.0,0,1.0,1.0,1.0,1.0,1.0,7819000.0
1800,31,3.0,0,1.0,1.0,1.0,1.0,1.0,9396000.0
1669,31,3.0,0,1.0,1.0,1.0,1.0,1.0,8712000.0
1340,31,2.0,0,1.0,1.0,1.0,1.0,1.0,6994000.0
1339,31,2.0,0,1.0,1.0,1.0,1.0,1.0,6989000.0
1657,31,3.0,0,1.0,1.0,1.0,1.0,1.0,8649000.0
1860,31,3.0,0,1.0,1.0,1.0,1.0,1.0,9709000.0
1660,31,3.0,0,1.0,1.0,1.0,1.0,1.0,8665000.0
1798,31,3.0,0,1.0,1.0,1.0,1.0,1.0,9385000.0
1332,31,2.0,0,1.0,1.0,1.0,1.0,1.0,6953000.0
1665,31,3.0,0,1.0,1.0,1.0,1.0,1.0,8691000.0
935,100,2.0,0,1.0,1.0,1.0,1.0,1.0,5070000.0
1350,100,3.0,0,1.0,1.0,1.0,1.0,1.0,6183000.0
1350,100,3.0,0,1.0,1.0,1.0,1.0,1.0,6183000.0
1225,100,2.0,0,1.0,1.0,1.0,1.0,1.0,5610000.0
1225,100,2.0,0,1.0,1.0,1.0,1.0,1.0,5610000.0
1270,202,2.0,0,1.0,1.0,1.0,1.0,1.0,9500000.0
1550,202,3.0,0,1.0,1.0,1.0,1.0,1.0,12500000.0
1550,202,3.0,0,1.0,1.0,1.0,1.0,1.0,12000000.0
1460,202,3.0,0,1.0,1.0,1.0,1.0,1.0,10400000.0
1830,202,3.0,0,1.0,1.0,1.0,1.0,1.0,13500000.0
985,93,2.0,0,0.0,1.0,0.0,1.0,0.0,3447000.0
1467,202,2.0,0,1.0,1.0,1.0,1.0,1.0,8216000.0
2067,202,3.0,0,1.0,1.0,1.0,1.0,1.0,11600000.0
1808,202,3.0,0,1.0,1.0,1.0,1.0,1.0,10100000.0
1085,202,3.0,0,1.0,1.0,1.0,1.0,1.0,8864000.0
1050,202,3.0,0,1.0,1.0,1.0,1.0,1.0,8019000.0
2772,506,3.0,0,1.0,1.0,1.0,1.0,1.0,64000000.0
1048,681,2.0,0,0.0,1.0,0.0,1.0,0.0,4611000.0
1428,681,3.0,0,0.0,1.0,0.0,1.0,0.0,6221000.0
1255,493,2.0,0,1.0,1.0,1.0,1.0,1.0,5380000.0
1482,234,3.0,0,1.0,1.0,0.0,0.0,1.0,7631999.0
1284,234,2.0,0,1.0,1.0,0.0,0.0,1.0,6612000.0
1057,234,2.0,0,1.0,1.0,0.0,0.0,1.0,5443000.0
1800,240,3.0,0,0.0,0.0,0.0,1.0,0.0,18000000.0
1400,634,3.0,0,0.0,0.0,0.0,1.0,0.0,6200000.0
1998,149,3.0,0,0.0,1.0,0.0,1.0,1.0,35900000.0
1388,149,3.0,0,0.0,1.0,0.0,1.0,1.0,24900000.0
1498,149,2.0,0,0.0,1.0,0.0,1.0,1.0,26900000.0
1078,149,2.0,0,0.0,1.0,0.0,1.0,1.0,19400000.0
1265,164,2.0,0,1.0,1.0,1.0,1.0,1.0,8000000.0
2187,80,4.0,0,0.0,1.0,0.0,1.0,1.0,27400000.0
1196,80,2.0,0,0.0,1.0,0.0,1.0,1.0,15000000.0
1135,119,2.0,0,0.0,0.0,0.0,1.0,0.0,6000000.0
1885,715,3.0,0,0.0,1.0,0.0,1.0,1.0,9000000.0
1440,715,3.0,0,0.0,1.0,0.0,1.0,1.0,6900000.0
1392,45,2.0,0,1.0,1.0,1.0,1.0,1.0,6950000.0
1320,45,3.0,0,1.0,1.0,1.0,1.0,1.0,6711000.0
771,45,1.0,0,1.0,1.0,1.0,1.0,1.0,4209000.0
1128,45,2.0,0,1.0,1.0,1.0,1.0,1.0,5478000.0
568,45,1.0,0,1.0,1.0,1.0,1.0,1.0,3267000.0
2221,45,4.0,0,1.0,1.0,1.0,1.0,1.0,11100000.0
1268,45,2.0,0,1.0,1.0,1.0,1.0,1.0,6731000.0
1272,45,2.0,0,1.0,1.0,1.0,1.0,1.0,6385000.0
2147,45,4.0,0,1.0,1.0,1.0,1.0,1.0,10800000.0
1275,92,2.0,0,1.0,1.0,1.0,0.0,1.0,9278000.0
1360,92,3.0,0,1.0,1.0,1.0,1.0,1.0,9859000.0
2616,140,3.0,0,0.0,1.0,1.0,1.0,1.0,14800000.0
1323,140,3.0,0,0.0,1.0,1.0,1.0,1.0,7400000.0
1207,140,2.0,0,0.0,1.0,1.0,1.0,1.0,7200000.0
792,140,2.0,0,0.0,1.0,1.0,1.0,1.0,4500000.0
800,140,2.0,0,0.0,1.0,1.0,1.0,1.0,4553000.0
2976,215,3.0,0,1.0,1.0,1.0,1.0,1.0,21500000.0
2916,215,3.0,0,1.0,1.0,1.0,1.0,1.0,21300000.0
2254,215,3.0,0,1.0,1.0,1.0,1.0,1.0,16200000.0
2212,215,3.0,0,1.0,1.0,1.0,0.0,1.0,16000000.0
2212,215,3.0,0,1.0,1.0,1.0,1.0,1.0,16000000.0
795,140,2.0,0,0.0,1.0,1.0,1.0,1.0,4518000.0
3963,215,4.0,0,1.0,1.0,1.0,1.0,1.0,28800000.0
3891,215,4.0,0,1.0,1.0,1.0,1.0,1.0,28500000.0
2180,77,4.0,0,1.0,1.0,1.0,1.0,1.0,11299999.0
2180,77,4.0,0,1.0,1.0,1.0,1.0,1.0,11299999.0
1830,77,4.0,0,1.0,1.0,1.0,1.0,1.0,9516000.0
1960,77,3.0,0,1.0,1.0,1.0,1.0,1.0,10100000.0
1410,77,3.0,0,1.0,1.0,1.0,1.0,1.0,7331999.0
1885,77,2.0,0,1.0,1.0,1.0,1.0,1.0,9802000.0
1255,77,2.0,0,1.0,1.0,1.0,1.0,1.0,6526000.000000001
1255,77,2.0,0,1.0,1.0,1.0,1.0,1.0,6526000.000000001
1805,77,3.0,0,1.0,1.0,1.0,1.0,1.0,11000000.0
1805,77,3.0,0,1.0,1.0,1.0,1.0,1.0,11000000.0
1207,140,2.0,0,0.0,1.0,1.0,1.0,0.0,7200000.0
1043,140,2.0,0,0.0,1.0,1.0,1.0,1.0,6100000.0
2563,229,3.0,0,1.0,1.0,1.0,1.0,1.0,24300000.0
2536,229,3.0,0,1.0,1.0,1.0,1.0,1.0,24100000.0
2482,229,3.0,0,1.0,1.0,1.0,1.0,1.0,23600000.0
1615,92,3.0,0,1.0,1.0,1.0,1.0,1.0,11600000.0
2200,229,3.0,0,1.0,1.0,1.0,1.0,1.0,20900000.0
4336,229,4.0,0,1.0,1.0,1.0,1.0,1.0,41200000.0
4273,229,4.0,0,1.0,1.0,1.0,1.0,1.0,40599999.0
4046,229,4.0,0,1.0,1.0,1.0,1.0,1.0,38400000.0
3563,229,4.0,0,1.0,1.0,1.0,1.0,1.0,33800000.0
3463,229,4.0,0,1.0,1.0,1.0,1.0,1.0,32900000.0
2700,229,4.0,0,1.0,1.0,1.0,1.0,1.0,25700000.0
1275,92,2.0,0,1.0,1.0,1.0,1.0,1.0,9278000.0
1098,140,3.0,0,0.0,1.0,1.0,1.0,1.0,7200000.0
3832,215,4.0,0,1.0,1.0,1.0,1.0,1.0,28100000.0
2893,215,4.0,0,1.0,1.0,1.0,0.0,1.0,21500000.0
1939,206,3.0,0,0.0,1.0,1.0,1.0,1.0,13600000.0
1628,206,3.0,0,0.0,1.0,1.0,1.0,1.0,11399999.0
2893,215,4.0,0,1.0,1.0,1.0,1.0,1.0,21500000.0
2825,215,4.0,0,1.0,1.0,1.0,1.0,1.0,21000000.0
3044,215,3.0,0,1.0,1.0,1.0,1.0,1.0,22000000.0
1615,92,3.0,0,1.0,1.0,1.0,1.0,1.0,11600000.0
2200,229,3.0,0,1.0,1.0,1.0,1.0,1.0,20900000.0
1476,77,3.0,0,1.0,1.0,1.0,1.0,1.0,11500000.0
1527,77,3.0,0,1.0,1.0,1.0,1.0,1.0,12500000.0
1265,77,3.0,0,1.0,1.0,1.0,1.0,1.0,10500000.0
1515,92,3.0,0,1.0,1.0,1.0,1.0,1.0,10900000.0
940,140,2.0,0,0.0,1.0,1.0,1.0,1.0,6000000.0
3832,215,4.0,0,1.0,1.0,1.0,1.0,1.0,28100000.0
2893,215,4.0,0,1.0,1.0,1.0,0.0,1.0,21500000.0
1090,140,1.0,0,0.0,1.0,1.0,1.0,1.0,5000000.0
1020,140,1.0,0,0.0,1.0,1.0,1.0,1.0,4800000.0
2437,229,3.0,0,1.0,1.0,1.0,1.0,1.0,23200000.0
1687,206,3.0,0,0.0,1.0,1.0,1.0,1.0,11800000.0
1712,206,3.0,0,0.0,1.0,1.0,1.0,1.0,12000000.0
1812,206,3.0,0,0.0,1.0,1.0,1.0,1.0,12700000.0
1911,206,3.0,0,0.0,1.0,1.0,1.0,1.0,13400000.0
3870,206,4.0,0,1.0,1.0,0.0,0.0,1.0,38900000.0
1135,323,2.0,0,0.0,0.0,0.0,1.0,0.0,6000000.0
1555,164,3.0,0,1.0,1.0,1.0,1.0,1.0,9700000.0
1482,164,3.0,0,1.0,1.0,1.0,1.0,1.0,9300000.0
2540,80,4.0,0,0.0,1.0,0.0,1.0,1.0,31800000.0
1376,202,2.0,0,1.0,1.0,1.0,1.0,1.0,7706000.0
2202,202,3.0,0,1.0,1.0,1.0,1.0,1.0,12300000.0
1530,100,3.0,0,1.0,1.0,1.0,1.0,1.0,9400000.0
1404,100,3.0,0,1.0,1.0,1.0,1.0,1.0,8600000.0
1157,100,2.0,0,1.0,1.0,1.0,1.0,1.0,7200000.0
1565,164,3.0,0,1.0,1.0,1.0,1.0,1.0,9800000.0
1255,164,2.0,0,1.0,1.0,1.0,1.0,1.0,7900000.0
1240,624,2.0,0,1.0,1.0,1.0,1.0,0.0,4340000.0
1185,624,2.0,0,1.0,1.0,1.0,1.0,0.0,4147000.0
1120,624,2.0,0,1.0,1.0,1.0,1.0,0.0,3920000.0000000005
840,624,2.0,0,1.0,1.0,1.0,1.0,0.0,2940000.0
1315,624,2.0,0,1.0,1.0,1.0,1.0,0.0,4602000.0
1295,624,2.0,0,1.0,1.0,1.0,1.0,0.0,4532000.0
1235,624,2.0,0,1.0,1.0,1.0,1.0,0.0,4322000.0
760,624,1.0,0,1.0,1.0,1.0,1.0,0.0,2660000.0
1605,624,3.0,0,1.0,1.0,1.0,1.0,0.0,5617000.0
920,624,2.0,0,1.0,1.0,1.0,1.0,0.0,3220000.0000000005
660,624,1.0,0,1.0,1.0,1.0,1.0,0.0,2310000.0
1220,624,2.0,0,1.0,1.0,1.0,1.0,0.0,4270000.0
810,624,1.0,0,1.0,1.0,1.0,1.0,0.0,2835000.0
1395,323,2.0,0,0.0,0.0,0.0,1.0,0.0,7320000.0
1395,323,1.0,0,0.0,0.0,0.0,1.0,0.0,7150000.0
1305,323,1.0,0,0.0,0.0,0.0,1.0,0.0,6700000.0
1395,323,1.0,0,0.0,0.0,0.0,1.0,0.0,7150000.0
1395,323,1.0,0,0.0,0.0,0.0,1.0,0.0,7150000.0
1305,119,2.0,0,0.0,0.0,0.0,1.0,0.0,6850000.0
1395,323,2.0,0,0.0,0.0,0.0,1.0,0.0,7300000.0
1305,323,1.0,0,0.0,0.0,0.0,1.0,0.0,6800000.0
1340,323,2.0,0,0.0,0.0,0.0,1.0,0.0,7100000.0
1290,323,1.0,0,0.0,0.0,0.0,1.0,0.0,6800000.0
1395,323,1.0,0,0.0,0.0,0.0,1.0,0.0,7100000.0
985,93,2.0,0,0.0,1.0,0.0,1.0,0.0,3447000.0
5600,230,4.0,0,1.0,1.0,1.0,1.0,1.0,61300000.0
5249,230,4.0,0,1.0,1.0,1.0,1.0,1.0,57500000.0
4449,230,4.0,0,1.0,1.0,1.0,1.0,1.0,48700000.0
3103,230,3.0,0,1.0,1.0,1.0,1.0,1.0,30900000.0
3077,230,3.0,0,1.0,1.0,1.0,1.0,1.0,30600000.0
2711,230,3.0,0,1.0,1.0,1.0,1.0,1.0,27000000.0
2671,230,3.0,0,1.0,1.0,1.0,1.0,1.0,26600000.0
1250,692,2.0,0,1.0,0.0,1.0,1.0,0.0,5550000.0
1012,692,2.0,0,1.0,0.0,1.0,1.0,0.0,4500000.0
1839,308,3.0,0,1.0,1.0,1.0,1.0,1.0,25400000.0
1385,308,2.0,0,1.0,1.0,1.0,1.0,1.0,19300000.0
1623,526,3.0,0,1.0,1.0,1.0,1.0,1.0,13899999.0
4237,715,4.0,0,1.0,1.0,1.0,1.0,1.0,29600000.0
2795,715,3.0,0,1.0,1.0,1.0,1.0,1.0,19500000.0
1273,715,2.0,0,1.0,1.0,1.0,1.0,1.0,7500000.0
2461,308,4.0,0,1.0,1.0,1.0,1.0,1.0,33900000.0
1839,308,3.0,0,1.0,1.0,1.0,1.0,1.0,25400000.0
1249,308,2.0,0,1.0,1.0,1.0,1.0,1.0,17400000.0
1378,526,2.0,0,1.0,1.0,1.0,1.0,1.0,11800000.0
1169,526,2.0,0,1.0,1.0,1.0,1.0,1.0,10000000.0
3122,715,4.0,0,1.0,1.0,1.0,1.0,1.0,21800000.0
1705,715,3.0,0,1.0,1.0,1.0,1.0,1.0,9900000.0
1271,202,2.0,0,0.0,1.0,0.0,1.0,1.0,5719000.0
1788,103,3.0,0,1.0,1.0,1.0,1.0,1.0,14300000.0
1370,681,3.0,0,1.0,1.0,0.0,1.0,0.0,5480000.0
1139,681,2.0,0,1.0,1.0,0.0,1.0,0.0,4556000.0
1154,681,2.0,0,1.0,1.0,0.0,1.0,0.0,4616000.0
1224,681,2.0,0,1.0,1.0,0.0,1.0,0.0,4896000.0
1164,681,2.0,0,1.0,1.0,0.0,1.0,0.0,4656000.0
1271,202,2.0,0,0.0,1.0,0.0,1.0,1.0,5719000.0
1485,634,3.0,0,0.0,1.0,0.0,1.0,1.0,9100000.0
1300,634,2.0,0,0.0,1.0,0.0,1.0,1.0,8400000.0
1135,634,2.0,0,0.0,1.0,0.0,1.0,1.0,7100000.0
960,634,2.0,0,0.0,1.0,0.0,1.0,1.0,6100000.0
3245,165,4.0,0,1.0,1.0,1.0,1.0,1.0,23100000.0
2150,165,4.0,0,1.0,1.0,1.0,1.0,1.0,13700000.0
1590,165,3.0,0,1.0,1.0,1.0,1.0,1.0,11000000.0
1500,165,3.0,0,1.0,1.0,1.0,1.0,1.0,10300000.0
1415,165,2.0,0,1.0,1.0,1.0,1.0,1.0,9500000.0
2942,202,4.0,0,0.0,1.0,0.0,1.0,1.0,40000000.0
2368,202,4.0,0,0.0,1.0,0.0,1.0,1.0,25000000.0
1946,202,3.0,0,0.0,1.0,0.0,1.0,1.0,20000000.0
1752,202,3.0,0,0.0,1.0,0.0,1.0,1.0,17700000.0
1483,202,2.0,0,0.0,1.0,0.0,1.0,1.0,14400000.0
3729,206,4.0,0,1.0,1.0,1.0,1.0,1.0,37000000.0
2927,206,3.0,0,1.0,1.0,1.0,1.0,1.0,31000000.0
1463,231,3.0,0,0.0,0.0,0.0,1.0,0.0,7300000.0
1150,444,2.0,0,0.0,0.0,0.0,1.0,0.0,5500000.0
1720,77,3.0,0,1.0,1.0,1.0,1.0,1.0,7223999.000000001
1322,77,2.0,0,1.0,1.0,1.0,1.0,1.0,5552000.0
1230,77,2.0,0,1.0,1.0,1.0,1.0,1.0,5166000.0
1836,103,3.0,0,1.0,1.0,1.0,1.0,1.0,14600000.0
1778,103,3.0,0,1.0,1.0,1.0,1.0,1.0,14200000.0
1980,103,3.0,0,1.0,1.0,1.0,1.0,1.0,15800000.0
705,103,1.0,0,1.0,1.0,1.0,1.0,1.0,5640000.0
1392,103,2.0,0,1.0,1.0,1.0,1.0,1.0,11100000.0
1825,103,3.0,0,1.0,1.0,1.0,1.0,1.0,14600000.0
1659,103,3.0,0,1.0,1.0,1.0,1.0,1.0,13200000.0
1596,710,3.0,0,1.0,1.0,0.0,1.0,1.0,10600000.0
1574,710,3.0,0,1.0,1.0,0.0,1.0,1.0,10600000.0
1173,710,2.0,0,1.0,1.0,0.0,1.0,1.0,8200000.0
1561,207,3.0,0,0.0,1.0,0.0,1.0,1.0,10500000.0
1450,207,3.0,0,0.0,1.0,0.0,1.0,1.0,9800000.0
1180,207,2.0,0,0.0,1.0,0.0,1.0,1.0,8100000.0
1180,207,2.0,0,0.0,0.0,0.0,0.0,0.0,8100000.0
3112,231,4.0,0,0.0,1.0,0.0,1.0,1.0,29400000.0
2370,231,3.0,0,0.0,1.0,0.0,1.0,1.0,23000000.0
2370,231,3.0,0,0.0,1.0,0.0,1.0,1.0,23000000.0
2370,231,3.0,0,0.0,1.0,0.0,1.0,1.0,23000000.0
1085,318,2.0,0,1.0,0.0,1.0,1.0,0.0,4557000.0
1010,318,2.0,0,1.0,0.0,1.0,1.0,0.0,4242000.0
1100,318,2.0,0,1.0,0.0,1.0,1.0,0.0,4620000.0
1271,202,2.0,0,0.0,1.0,0.0,1.0,1.0,5719000.0
1541,202,3.0,0,0.0,1.0,0.0,0.0,1.0,7242000.0
1385,202,2.0,0,0.0,1.0,0.0,0.0,1.0,6509000.0
1451,202,3.0,0,0.0,1.0,0.0,0.0,1.0,6819000.0
1419,202,3.0,0,0.0,1.0,0.0,0.0,1.0,6669000.0
1213,202,2.0,0,0.0,1.0,0.0,0.0,1.0,5701000.0
1269,202,2.0,0,0.0,1.0,0.0,0.0,1.0,5964000.0
1171,202,2.0,0,0.0,1.0,0.0,0.0,1.0,5503000.0
1197,202,2.0,0,0.0,1.0,0.0,0.0,1.0,5625000.0
1100,681,2.0,0,0.0,0.0,0.0,1.0,0.0,4995000.0
1100,681,2.0,0,0.0,1.0,0.0,1.0,1.0,4995000.0
976,681,2.0,0,0.0,1.0,0.0,1.0,0.0,4294000.0
1080,710,2.0,0,0.0,1.0,1.0,1.0,1.0,4590000.0
1115,710,2.0,0,0.0,1.0,1.0,1.0,1.0,4738000.0
1095,710,2.0,0,0.0,1.0,1.0,1.0,1.0,4653000.0
1125,710,2.0,0,0.0,1.0,1.0,1.0,1.0,4781000.0
1060,710,2.0,0,0.0,1.0,1.0,1.0,1.0,4505000.0
1090,710,2.0,0,0.0,1.0,1.0,1.0,1.0,4632000.0
1200,710,2.0,0,0.0,1.0,1.0,1.0,1.0,5100000.0
1800,206,3.0,0,0.0,1.0,1.0,1.0,1.0,15700000.0
1682,206,3.0,0,0.0,1.0,1.0,1.0,1.0,14100000.0
1270,202,2.0,0,1.0,1.0,1.0,1.0,1.0,9200000.0
1880,202,3.0,0,1.0,1.0,1.0,1.0,1.0,13200000.0
1460,202,3.0,0,1.0,1.0,1.0,1.0,1.0,10400000.0
1395,323,2.0,0,0.0,0.0,0.0,0.0,0.0,7300000.0
1305,323,2.0,0,0.0,0.0,0.0,0.0,0.0,6655000.0
1395,323,1.0,0,0.0,0.0,0.0,1.0,0.0,7100000.0
1305,323,2.0,0,0.0,0.0,0.0,0.0,0.0,6700000.0
1395,634,2.0,0,0.0,0.0,0.0,0.0,0.0,7100000.0
1395,323,2.0,0,0.0,0.0,0.0,0.0,0.0,7100000.0
1290,323,1.0,0,0.0,0.0,0.0,1.0,0.0,6798999.000000001
1395,323,1.0,0,0.0,0.0,0.0,1.0,0.0,7298000.0
3103,230,3.0,0,1.0,1.0,1.0,1.0,1.0,32000000.0
1000,493,2.0,0,1.0,0.0,1.0,1.0,0.0,4160000.0
1275,493,3.0,0,1.0,0.0,1.0,1.0,0.0,5228000.0
1055,493,2.0,0,1.0,0.0,1.0,1.0,0.0,4373000.0
1295,493,3.0,0,1.0,0.0,1.0,1.0,0.0,5306000.0
1070,493,2.0,0,1.0,0.0,1.0,1.0,0.0,4431000.0
1785,490,3.0,0,0.0,1.0,0.0,1.0,1.0,14800000.0
1245,490,3.0,0,0.0,1.0,0.0,1.0,1.0,7500000.0
1800,206,3.0,0,0.0,1.0,1.0,1.0,1.0,14500000.0
1682,206,3.0,0,0.0,1.0,1.0,1.0,1.0,14100000.0
1309,206,2.0,0,0.0,1.0,1.0,1.0,1.0,10200000.0
1438,77,3.0,0,1.0,1.0,1.0,1.0,1.0,69000000.0
1337,77,3.0,0,1.0,1.0,1.0,1.0,1.0,6417000.0
952,77,2.0,0,1.0,1.0,1.0,1.0,1.0,4569000.0
1346,77,3.0,0,1.0,1.0,1.0,1.0,1.0,6459999.000000001
1387,77,3.0,0,1.0,1.0,1.0,1.0,1.0,6656999.0
1359,77,3.0,0,1.0,1.0,1.0,1.0,1.0,6523000.0
1298,77,3.0,0,1.0,1.0,1.0,1.0,1.0,6230000.0
1036,77,2.0,0,1.0,1.0,1.0,1.0,1.0,4972000.0
997,77,2.0,0,1.0,1.0,1.0,1.0,1.0,4785000.0
1400,77,3.0,0,1.0,1.0,1.0,1.0,1.0,6720000.0
2424,77,4.0,0,0.0,1.0,0.0,1.0,1.0,13700000.0
1653,77,3.0,0,0.0,1.0,0.0,1.0,1.0,9240000.0
1235,77,2.0,0,0.0,1.0,0.0,1.0,1.0,7180000.0
644,77,1.0,0,1.0,1.0,1.0,1.0,1.0,3940000.0
1600,318,3.0,0,1.0,1.0,1.0,1.0,1.0,6878000.0
1070,318,2.0,0,1.0,1.0,1.0,1.0,1.0,4599000.0
2134,681,3.0,0,1.0,1.0,1.0,1.0,1.0,15000000.0
1110,681,2.0,0,0.0,1.0,1.0,1.0,1.0,6533000.0
1320,318,2.0,0,1.0,1.0,1.0,1.0,1.0,5674000.0
1345,681,2.0,0,0.0,1.0,1.0,1.0,1.0,7467000.0
1655,681,3.0,0,1.0,1.0,1.0,1.0,1.0,11000000.0
1000,318,2.0,0,0.0,0.0,0.0,0.0,0.0,3800000.0
940,318,2.0,0,0.0,0.0,0.0,0.0,0.0,3572000.0
1020,318,2.0,0,0.0,0.0,0.0,0.0,0.0,3876000.0
1015,93,2.0,0,0.0,0.0,0.0,0.0,0.0,4099000.0
1655,681,3.0,0,1.0,1.0,1.0,1.0,1.0,11000000.0
1180,42,3.0,0,0.0,0.0,1.0,1.0,1.0,3304000.0
1085,42,2.0,0,0.0,0.0,1.0,1.0,1.0,3038000.0
880,42,2.0,0,0.0,0.0,1.0,1.0,1.0,2464000.0
2165,517,3.0,0,1.0,1.0,1.0,1.0,1.0,18800000.0
1795,517,2.0,0,1.0,1.0,1.0,1.0,1.0,15000000.0
5249,230,4.0,0,1.0,1.0,1.0,1.0,1.0,58099999.0
1500,493,3.0,0,1.0,1.0,1.0,1.0,1.0,5600000.0
1608,493,3.0,0,1.0,1.0,1.0,1.0,1.0,5451000.0
1255,493,2.0,0,1.0,1.0,1.0,1.0,1.0,5380000.0
1580,493,3.0,0,1.0,1.0,1.0,1.0,1.0,5356000.0
1255,493,2.0,0,1.0,1.0,1.0,1.0,1.0,5380000.0
1200,493,2.0,0,1.0,1.0,1.0,1.0,1.0,4440000.0
1200,493,2.0,0,1.0,1.0,1.0,1.0,1.0,4440000.0
1300,493,2.0,0,1.0,1.0,1.0,1.0,1.0,4500000.0
1570,493,3.0,0,1.0,1.0,1.0,1.0,1.0,5322000.0
1255,493,2.0,0,1.0,1.0,1.0,1.0,1.0,5380000.0
1570,493,3.0,0,1.0,1.0,1.0,1.0,1.0,5322000.0
1580,493,3.0,0,1.0,1.0,1.0,1.0,1.0,5530000.0
1304,493,2.0,0,1.0,1.0,1.0,1.0,1.0,5148000.0
1200,493,2.0,0,1.0,1.0,1.0,1.0,1.0,5200000.0
1303,493,2.0,0,1.0,1.0,1.0,1.0,1.0,5381000.0
1196,493,2.0,0,1.0,1.0,1.0,1.0,1.0,5148000.0
1304,493,2.0,0,1.0,1.0,1.0,1.0,1.0,4433000.0
1490,517,3.0,0,1.0,1.0,1.0,1.0,1.0,12700000.0
2742,103,4.0,0,1.0,1.0,1.0,1.0,0.0,35500000.0
4689,672,4.0,0,1.0,1.0,1.0,1.0,1.0,50000000.0
2243,672,3.0,0,1.0,1.0,1.0,1.0,1.0,22799999.0
2051,672,3.0,0,1.0,1.0,1.0,1.0,1.0,21200000.0
677,77,1.0,0,0.0,1.0,0.0,1.0,1.0,2920000.0
525,77,1.0,0,0.0,1.0,0.0,1.0,1.0,2157000.0
2672,103,3.0,0,1.0,1.0,1.0,1.0,0.0,35200000.0
1380,651,3.0,0,0.0,1.0,0.0,1.0,1.0,9500000.0
985,651,2.0,0,0.0,1.0,0.0,1.0,1.0,6800000.0
1533,140,3.0,0,0.0,1.0,1.0,1.0,1.0,6798000.0
1384,140,3.0,0,0.0,1.0,1.0,1.0,1.0,6172000.0
1186,140,2.0,0,0.0,1.0,1.0,1.0,1.0,5341000.0
1090,140,2.0,0,0.0,1.0,1.0,1.0,1.0,4938000.0
776,140,1.0,0,0.0,1.0,1.0,1.0,1.0,3619000.0
711,140,1.0,0,0.0,1.0,1.0,1.0,1.0,3372999.0
1599,715,3.0,0,1.0,1.0,1.0,1.0,1.0,8673000.0
1365,715,3.0,0,1.0,1.0,1.0,1.0,1.0,7456000.0
1217,715,2.0,0,1.0,1.0,1.0,1.0,1.0,6687000.0
1171,715,2.0,0,1.0,1.0,1.0,1.0,1.0,6448000.0
1726,214,3.0,0,1.0,1.0,1.0,1.0,1.0,9458000.0
1005,166,2.0,0,0.0,1.0,0.0,1.0,0.0,4000000.0
1536,268,3.0,0,1.0,1.0,1.0,1.0,1.0,10700000.0
2210,221,3.0,0,1.0,1.0,1.0,1.0,1.0,18600000.0
1535,681,3.0,0,0.0,1.0,1.0,1.0,1.0,8434000.0
1485,681,3.0,0,0.0,1.0,1.0,1.0,1.0,8509000.0
1080,77,2.0,0,0.0,1.0,1.0,1.0,1.0,5426000.0
1047,98,2.0,0,1.0,1.0,1.0,1.0,1.0,8400000.0
1970,710,3.0,0,1.0,1.0,1.0,1.0,1.0,16200000.0
2860,710,4.0,0,1.0,1.0,1.0,1.0,1.0,23200000.0
1695,221,3.0,0,1.0,1.0,0.0,1.0,1.0,13500000.0
1330,221,3.0,0,1.0,1.0,1.0,1.0,1.0,11800000.0
1815,710,3.0,0,1.0,1.0,1.0,1.0,1.0,15000000.0
1890,221,3.0,0,1.0,1.0,1.0,1.0,1.0,17100000.0
3360,221,4.0,0,1.0,1.0,1.0,1.0,1.0,26000000.0
1763,221,3.0,0,1.0,1.0,0.0,1.0,1.0,13799999.0
1397,98,3.0,0,1.0,1.0,1.0,1.0,1.0,11100000.0
2321,681,3.0,0,1.0,1.0,1.0,1.0,1.0,17100000.0
1216,681,2.0,0,1.0,1.0,1.0,1.0,1.0,9100000.0
2830,681,4.0,0,1.0,1.0,1.0,1.0,1.0,20000000.0
1325,710,2.0,0,0.0,1.0,1.0,1.0,1.0,4505000.0
1480,710,3.0,0,0.0,1.0,1.0,1.0,1.0,5032000.0
1155,710,2.0,0,0.0,1.0,1.0,1.0,1.0,3927000.0000000005
1285,710,2.0,0,0.0,1.0,1.0,1.0,1.0,4369000.0
1515,710,3.0,0,0.0,1.0,1.0,1.0,1.0,5151000.0
1280,710,2.0,0,0.0,1.0,1.0,1.0,1.0,4352000.0
1290,710,2.0,0,0.0,1.0,1.0,1.0,1.0,4386000.0
1190,710,2.0,0,0.0,1.0,1.0,1.0,1.0,4046000.0
1285,710,2.0,0,0.0,1.0,1.0,1.0,1.0,4369000.0
1460,202,3.0,0,0.0,1.0,0.0,1.0,1.0,10600000.0
1230,301,2.0,0,0.0,1.0,0.0,1.0,1.0,9800000.0
1220,202,2.0,0,1.0,1.0,1.0,1.0,1.0,8863000.0
1591,301,3.0,0,0.0,1.0,0.0,1.0,1.0,13799999.0
1230,232,2.0,0,0.0,1.0,0.0,1.0,1.0,8500000.0
1709,187,3.0,0,1.0,1.0,1.0,1.0,1.0,9050000.0
1330,187,2.0,0,1.0,1.0,1.0,1.0,1.0,7000000.0
1709,187,3.0,0,1.0,1.0,1.0,1.0,1.0,9050000.0
1104,225,2.0,0,0.0,1.0,0.0,1.0,1.0,6698999.000000001
1220,301,2.0,0,1.0,1.0,1.0,1.0,1.0,5499000.0
1489,264,3.0,0,0.0,1.0,0.0,1.0,1.0,9000000.0
1299,187,2.0,0,1.0,1.0,1.0,1.0,1.0,6800000.0
1843,264,3.0,0,0.0,1.0,0.0,1.0,1.0,8499000.0
1257,264,2.0,0,0.0,1.0,0.0,1.0,1.0,6498999.000000001
1195,634,2.0,0,0.0,1.0,1.0,1.0,1.0,6800000.0
1165,634,2.0,0,0.0,1.0,1.0,1.0,1.0,7800000.0
1340,264,2.0,0,0.0,1.0,0.0,1.0,1.0,7800000.0
1339,264,2.0,0,0.0,1.0,0.0,1.0,1.0,7800000.0
2220,672,3.0,0,1.0,1.0,1.0,1.0,1.0,22500000.0
2243,672,3.0,0,1.0,1.0,1.0,1.0,1.0,24000000.0
1776,70,3.0,0,0.0,1.0,0.0,1.0,1.0,17200000.0
2370,86,3.0,0,1.0,1.0,1.0,1.0,1.0,22500000.0
1603,634,3.0,0,0.0,1.0,1.0,1.0,1.0,9000000.0
1410,681,3.0,0,0.0,1.0,0.0,0.0,0.0,6133000.0
1475,681,3.0,0,0.0,1.0,0.0,0.0,0.0,6416000.0
1410,681,3.0,0,0.0,1.0,0.0,0.0,0.0,6133000.0
990,681,2.0,0,0.0,1.0,0.0,0.0,0.0,4306000.0
1475,681,3.0,0,0.0,1.0,0.0,0.0,0.0,6416000.0
1120,681,2.0,0,0.0,1.0,0.0,0.0,0.0,4872000.0
990,681,2.0,0,0.0,1.0,0.0,0.0,0.0,4306000.0
1150,681,2.0,0,0.0,1.0,0.0,0.0,0.0,5002000.0
1120,681,2.0,0,0.0,1.0,0.0,0.0,0.0,4872000.0
1150,681,2.0,0,0.0,1.0,0.0,0.0,0.0,5002000.0
1690,681,3.0,0,0.0,1.0,0.0,0.0,0.0,7351000.000000001
1690,681,3.0,0,0.0,1.0,0.0,0.0,0.0,7351000.000000001
1060,681,2.0,0,0.0,1.0,0.0,0.0,0.0,4611000.0
1060,681,2.0,0,0.0,1.0,0.0,0.0,0.0,4611000.0
1595,681,3.0,0,0.0,1.0,0.0,0.0,0.0,6938000.0
1595,681,3.0,0,0.0,1.0,0.0,0.0,0.0,6938000.0
1471,207,2.0,0,1.0,0.0,1.0,1.0,0.0,5972000.0
1340,63,3.0,0,0.0,1.0,0.0,1.0,0.0,5100000.0
1340,63,3.0,0,0.0,1.0,0.0,1.0,1.0,4600000.0
1773,293,3.0,0,1.0,1.0,1.0,1.0,1.0,12000000.0
1811,293,3.0,0,1.0,1.0,1.0,1.0,1.0,12200000.0
1483,293,2.0,0,1.0,1.0,1.0,1.0,1.0,10200000.0
1816,293,3.0,0,1.0,1.0,1.0,1.0,1.0,12400000.0
1389,293,2.0,0,1.0,1.0,1.0,1.0,1.0,9595000.0
1761,293,3.0,0,1.0,1.0,1.0,1.0,1.0,11900000.0
1260,166,2.0,0,0.0,1.0,0.0,1.0,0.0,5050000.0
920,166,1.0,0,0.0,1.0,0.0,1.0,0.0,3735000.0
1295,93,3.0,0,1.0,1.0,1.0,1.0,1.0,5180000.0
920,93,2.0,0,1.0,1.0,1.0,1.0,1.0,3700000.0
920,166,1.0,0,0.0,1.0,0.0,1.0,0.0,3735000.0
1260,166,3.0,0,0.0,1.0,0.0,1.0,0.0,5050000.0
1015,93,2.0,0,0.0,0.0,0.0,0.0,0.0,4099000.0
920,241,2.0,0,0.0,0.0,0.0,0.0,0.0,3735000.0
920,93,2.0,0,0.0,1.0,0.0,1.0,0.0,3735000.0
920,241,2.0,0,0.0,1.0,0.0,1.0,0.0,3735000.0
920,166,2.0,0,0.0,1.0,0.0,1.0,0.0,3734000.0000000005
1015,166,2.0,0,0.0,0.0,0.0,0.0,0.0,4099000.0
1015,241,2.0,0,0.0,1.0,0.0,1.0,0.0,4099000.0
1143,493,2.0,0,1.0,1.0,1.0,1.0,1.0,4800000.0
1551,493,3.0,0,1.0,1.0,1.0,1.0,1.0,6514000.0
1200,493,2.0,0,1.0,1.0,1.0,1.0,1.0,4440000.0
1196,493,2.0,0,1.0,1.0,1.0,1.0,1.0,5000000.0
1530,493,3.0,0,1.0,1.0,1.0,1.0,1.0,5202000.0
1306,493,2.0,0,1.0,1.0,1.0,1.0,1.0,4440000.0
1255,493,2.0,0,1.0,1.0,1.0,1.0,1.0,5380000.0
1693,493,3.0,0,1.0,1.0,1.0,1.0,1.0,5739000.0
1530,493,3.0,0,1.0,1.0,1.0,1.0,1.0,6426000.000000001
1540,493,3.0,0,1.0,1.0,1.0,1.0,1.0,5800000.0
1196,493,2.0,0,1.0,1.0,1.0,1.0,1.0,5148000.0
1419,493,2.0,0,1.0,1.0,1.0,1.0,1.0,6028000.0
1608,493,3.0,0,1.0,1.0,1.0,1.0,1.0,5451000.0
1200,493,2.0,0,1.0,1.0,1.0,1.0,1.0,4400000.0
1255,493,2.0,0,1.0,1.0,1.0,1.0,1.0,5380000.0
1693,493,3.0,0,1.0,1.0,1.0,1.0,1.0,5739000.0
1530,493,3.0,0,1.0,1.0,1.0,1.0,1.0,6426000.000000001
1540,493,3.0,0,1.0,1.0,1.0,1.0,1.0,5800000.0
1196,493,2.0,0,1.0,1.0,1.0,1.0,1.0,5148000.0
1419,493,2.0,0,1.0,1.0,1.0,1.0,1.0,6028000.0
1200,493,2.0,0,1.0,1.0,1.0,1.0,1.0,4440000.0
1530,493,3.0,0,1.0,1.0,1.0,1.0,1.0,6400000.0
1267,493,2.0,0,1.0,1.0,1.0,1.0,1.0,5380000.0
1200,493,2.0,0,1.0,1.0,1.0,1.0,1.0,4440000.0
1500,493,3.0,0,1.0,1.0,1.0,1.0,1.0,5600000.0
1530,493,3.0,0,1.0,1.0,1.0,1.0,1.0,6466000.0
1570,493,3.0,0,1.0,1.0,1.0,1.0,1.0,5322000.0
1693,493,3.0,0,1.0,1.0,1.0,1.0,1.0,5739000.0
1551,493,3.0,0,1.0,1.0,1.0,1.0,1.0,5257000.0
1608,493,3.0,0,1.0,1.0,1.0,1.0,1.0,5451000.0
1530,493,3.0,0,1.0,1.0,1.0,1.0,1.0,6466000.0
1527,493,3.0,0,1.0,1.0,1.0,1.0,1.0,6413000.0
1196,493,2.0,0,1.0,1.0,1.0,1.0,1.0,5148000.0
1530,493,3.0,0,1.0,1.0,1.0,1.0,1.0,6400000.0
1200,493,2.0,0,1.0,1.0,1.0,1.0,1.0,4440000.0
1196,493,2.0,0,1.0,1.0,1.0,1.0,1.0,5000000.0
1530,493,3.0,0,1.0,1.0,1.0,1.0,1.0,5202000.0
1306,493,2.0,0,1.0,1.0,1.0,1.0,1.0,4440000.0
1200,493,2.0,0,1.0,1.0,1.0,1.0,1.0,4400000.0
1570,493,3.0,0,1.0,1.0,1.0,1.0,1.0,5322000.0
1693,493,3.0,0,1.0,1.0,1.0,1.0,1.0,5739000.0
1551,493,3.0,0,1.0,1.0,1.0,1.0,1.0,5257000.0
1608,493,3.0,0,1.0,1.0,1.0,1.0,1.0,5451000.0
1530,493,3.0,0,1.0,1.0,1.0,1.0,1.0,6466000.0
1196,493,2.0,0,1.0,1.0,1.0,1.0,1.0,5148000.0
1530,493,3.0,0,1.0,1.0,1.0,1.0,1.0,6400000.0
1196,493,2.0,0,1.0,1.0,1.0,1.0,1.0,5148000.0
1530,493,3.0,0,1.0,1.0,1.0,1.0,1.0,6466000.0
1527,493,3.0,0,1.0,1.0,1.0,1.0,1.0,6413000.0
1200,493,2.0,0,1.0,1.0,1.0,1.0,1.0,5040000.0
1306,493,2.0,0,1.0,1.0,1.0,1.0,1.0,5485000.0
1530,493,3.0,0,1.0,1.0,1.0,1.0,1.0,6426000.000000001
1200,493,2.0,0,1.0,1.0,1.0,1.0,1.0,4440000.0
1530,493,3.0,0,1.0,1.0,1.0,1.0,1.0,6459999.000000001
1200,493,2.0,0,1.0,1.0,1.0,1.0,1.0,4400000.0
1196,493,2.0,0,1.0,1.0,1.0,1.0,1.0,5148000.0
1551,493,3.0,0,1.0,1.0,1.0,1.0,1.0,6514000.0
1530,493,3.0,0,1.0,1.0,1.0,1.0,1.0,6400000.0
1530,493,3.0,0,1.0,1.0,1.0,1.0,1.0,6400000.0
1200,493,2.0,0,1.0,1.0,1.0,1.0,1.0,4440000.0
1187,493,2.0,0,1.0,1.0,1.0,1.0,1.0,4440000.0
1419,493,2.0,0,1.0,1.0,1.0,1.0,1.0,5959000.0
1200,493,2.0,0,1.0,1.0,1.0,1.0,1.0,5040000.0
1200,493,2.0,0,1.0,1.0,1.0,1.0,1.0,4440000.0
1419,493,2.0,0,1.0,1.0,1.0,1.0,1.0,6028000.0
1530,493,2.0,0,1.0,1.0,1.0,1.0,1.0,6400000.0
1255,493,2.0,0,1.0,1.0,1.0,1.0,1.0,5380000.0
1196,493,2.0,0,1.0,1.0,1.0,1.0,1.0,5023000.0
1196,493,2.0,0,1.0,1.0,1.0,1.0,1.0,5023000.0
1295,493,2.0,0,1.0,1.0,1.0,1.0,1.0,5400000.0
1196,493,2.0,0,1.0,1.0,1.0,1.0,1.0,5148000.0
1303,493,2.0,0,1.0,1.0,1.0,1.0,1.0,5400000.0
1200,493,2.0,0,1.0,1.0,1.0,1.0,1.0,4440000.0
1196,493,2.0,0,1.0,1.0,1.0,1.0,1.0,4784000.0
1143,493,2.0,0,1.0,1.0,1.0,1.0,1.0,4800000.0
1200,493,2.0,0,1.0,1.0,1.0,1.0,1.0,4440000.0
1068,165,2.0,0,1.0,1.0,1.0,1.0,1.0,3897999.0
920,93,2.0,0,1.0,1.0,1.0,1.0,1.0,3761999.0
1005,93,2.0,0,1.0,1.0,1.0,1.0,1.0,4110000.0
1005,93,2.0,0,1.0,1.0,1.0,1.0,1.0,4000000.0
975,93,2.0,0,1.0,1.0,1.0,1.0,1.0,3958000.0
920,93,2.0,0,1.0,1.0,1.0,1.0,1.0,3735000.0
1005,93,2.0,0,1.0,1.0,1.0,1.0,1.0,4079999.0
1005,93,2.0,0,1.0,1.0,1.0,1.0,1.0,4079999.0
975,93,2.0,0,1.0,1.0,1.0,1.0,1.0,3929000.0
955,93,2.0,0,1.0,1.0,1.0,1.0,1.0,3820000.0000000005
1055,93,2.0,0,1.0,1.0,1.0,1.0,1.0,4220000.0
1005,93,2.0,0,1.0,1.0,1.0,1.0,1.0,4020000.0000000005
1260,93,3.0,0,1.0,1.0,1.0,1.0,1.0,5077000.0
1000,140,2.0,0,0.0,1.0,1.0,1.0,1.0,4500000.0
1000,140,2.0,0,0.0,1.0,1.0,1.0,1.0,4400000.0
1792,86,3.0,0,1.0,1.0,1.0,1.0,1.0,15200000.0
3012,86,4.0,0,1.0,1.0,1.0,1.0,1.0,25600000.0
2370,86,3.0,0,1.0,1.0,1.0,1.0,1.0,20099999.0
1850,319,3.0,0,1.0,1.0,1.0,1.0,1.0,11900000.0
1850,319,3.0,0,1.0,1.0,1.0,1.0,1.0,12100000.0
1850,319,3.0,0,1.0,1.0,1.0,1.0,1.0,12300000.0
1850,319,3.0,0,1.0,1.0,1.0,1.0,1.0,12300000.0
1100,213,2.0,0,1.0,0.0,1.0,1.0,0.0,4100000.0
1198,77,2.0,0,1.0,1.0,1.0,1.0,1.0,6830000.0
1198,77,2.0,0,1.0,1.0,1.0,1.0,1.0,6750000.0
1197,77,2.0,0,1.0,1.0,1.0,1.0,1.0,6800000.0
1000,140,2.0,0,1.0,1.0,1.0,1.0,1.0,3840000.0
1000,140,2.0,0,1.0,1.0,1.0,1.0,1.0,3800000.0
1000,140,2.0,0,1.0,1.0,1.0,1.0,1.0,4000000.0
1000,140,2.0,0,1.0,1.0,1.0,1.0,1.0,3847999.0
1000,140,2.0,0,1.0,1.0,1.0,1.0,1.0,3835000.0
1000,140,2.0,0,1.0,1.0,1.0,1.0,1.0,3825000.0
1000,140,2.0,0,1.0,1.0,1.0,1.0,1.0,3865000.0
1005,93,2.0,0,1.0,1.0,1.0,1.0,1.0,3900000.0
1055,93,2.0,0,1.0,0.0,0.0,1.0,0.0,4100000.0
1000,93,2.0,0,1.0,0.0,0.0,1.0,0.0,4000000.0
1055,93,2.0,0,1.0,0.0,0.0,1.0,0.0,4100000.0
1365,93,3.0,0,1.0,0.0,0.0,1.0,0.0,5300000.0
1055,93,2.0,0,1.0,0.0,0.0,1.0,0.0,4100000.0
1365,93,3.0,0,1.0,0.0,0.0,1.0,0.0,5300000.0
1365,93,3.0,0,1.0,0.0,0.0,1.0,0.0,5300000.0
1055,93,2.0,0,1.0,0.0,0.0,1.0,0.0,4100000.0
1365,93,3.0,0,1.0,0.0,0.0,1.0,0.0,5300000.0
1050,93,2.0,0,1.0,0.0,0.0,1.0,0.0,4100000.0
1300,403,3.0,0,0.0,1.0,0.0,1.0,1.0,8450000.0
1230,403,3.0,0,0.0,1.0,0.0,1.0,1.0,7995000.0
1305,403,3.0,0,0.0,1.0,0.0,1.0,1.0,8874000.0
1195,403,3.0,0,0.0,1.0,0.0,1.0,1.0,7767000.0
1300,403,3.0,0,0.0,1.0,0.0,1.0,1.0,8450000.0
1545,51,3.0,0,1.0,1.0,1.0,1.0,1.0,13899999.0
2240,51,3.0,0,1.0,1.0,1.0,1.0,1.0,20099999.0
1750,51,3.0,0,1.0,1.0,1.0,1.0,1.0,15700000.0
1750,51,3.0,0,1.0,1.0,1.0,1.0,1.0,15700000.0
1520,426,3.0,0,1.0,1.0,1.0,1.0,1.0,9800000.0
1180,426,2.0,0,1.0,1.0,1.0,1.0,1.0,7650000.0
1180,426,2.0,0,1.0,1.0,1.0,1.0,1.0,7200000.0
1520,426,3.0,0,1.0,1.0,1.0,1.0,1.0,10200000.0
1933,426,3.0,0,1.0,1.0,1.0,1.0,1.0,12800000.0
1826,426,3.0,0,1.0,1.0,1.0,1.0,1.0,12600000.0
1749,426,3.0,0,1.0,1.0,1.0,1.0,1.0,13600000.0
1749,426,3.0,0,1.0,1.0,1.0,1.0,1.0,12600000.0
1749,426,3.0,0,1.0,1.0,1.0,1.0,1.0,12600000.0
1739,426,3.0,0,1.0,1.0,1.0,1.0,1.0,12400000.0
1691,247,3.0,0,1.0,1.0,1.0,1.0,1.0,10900000.0
2170,247,3.0,0,1.0,1.0,1.0,1.0,1.0,14000000.0
1691,247,3.0,0,1.0,1.0,1.0,1.0,1.0,10900000.0
1145,710,2.0,0,0.0,1.0,1.0,1.0,0.0,4751000.0
1100,710,2.0,0,0.0,1.0,1.0,1.0,0.0,4565000.0
1590,493,3.0,0,0.0,0.0,0.0,0.0,0.0,9222000.0
1305,403,3.0,0,0.0,1.0,0.0,1.0,1.0,8874000.0
1300,403,3.0,0,0.0,1.0,0.0,1.0,1.0,8450000.0
1545,51,3.0,0,1.0,1.0,1.0,1.0,1.0,13899999.0
1730,51,3.0,0,1.0,1.0,1.0,1.0,1.0,15500000.0
1480,489,3.0,0,0.0,1.0,0.0,1.0,1.0,9000000.0
1545,51,3.0,0,1.0,1.0,1.0,1.0,1.0,13899999.0
1241,77,2.0,0,1.0,1.0,1.0,1.0,1.0,7600000.0
1232,77,2.0,0,1.0,1.0,1.0,1.0,1.0,7300000.0
1221,77,2.0,0,1.0,1.0,1.0,1.0,1.0,7450000.0
1220,77,2.0,0,1.0,1.0,1.0,1.0,1.0,7300000.0
1210,77,2.0,0,1.0,1.0,1.0,1.0,1.0,7000000.0
1375,77,3.0,0,1.0,1.0,1.0,1.0,1.0,7950000.0
1368,77,3.0,0,1.0,1.0,1.0,1.0,1.0,8350000.0
1375,77,3.0,0,1.0,1.0,1.0,1.0,1.0,8250000.0
1368,77,3.0,0,1.0,1.0,1.0,1.0,1.0,8050000.0
1366,77,3.0,0,1.0,1.0,1.0,1.0,1.0,7800000.0
1358,77,3.0,0,1.0,1.0,1.0,1.0,1.0,7800000.0
1241,77,2.0,0,1.0,1.0,1.0,1.0,1.0,7800000.0
1232,77,2.0,0,1.0,1.0,1.0,1.0,1.0,7450000.0
1055,93,2.0,0,1.0,0.0,0.0,1.0,0.0,4100000.0
1365,93,3.0,0,1.0,0.0,0.0,1.0,0.0,5300000.0
1055,93,2.0,0,1.0,0.0,0.0,1.0,0.0,4000000.0
1055,93,2.0,0,1.0,0.0,0.0,1.0,0.0,4100000.0
1055,93,2.0,0,1.0,0.0,0.0,1.0,0.0,4100000.0
1055,93,4.0,0,1.0,0.0,0.0,1.0,0.0,4100000.0
1020,93,2.0,0,1.0,1.0,1.0,1.0,1.0,4100000.0
1055,93,2.0,0,1.0,1.0,1.0,1.0,1.0,4200000.0
920,93,1.0,0,1.0,1.0,1.0,1.0,1.0,3735000.0
920,241,1.0,0,0.0,1.0,0.0,1.0,0.0,3735000.0
920,93,1.0,0,0.0,1.0,0.0,1.0,0.0,3735000.0
1260,93,2.0,0,0.0,1.0,0.0,1.0,0.0,5050000.0
1260,93,3.0,0,1.0,1.0,1.0,1.0,1.0,5100000.0
1015,93,2.0,0,1.0,1.0,1.0,1.0,1.0,4000000.0
1055,93,2.0,0,1.0,1.0,1.0,1.0,1.0,4200000.0
1280,93,3.0,0,1.0,1.0,1.0,1.0,1.0,5075000.0
1005,93,2.0,0,0.0,0.0,0.0,0.0,0.0,3975000.0
1005,93,2.0,0,1.0,1.0,1.0,1.0,1.0,4000000.0
1055,93,2.0,0,0.0,0.0,0.0,0.0,0.0,4100000.0
1055,93,2.0,0,1.0,0.0,0.0,1.0,0.0,4100000.0
1280,93,3.0,0,1.0,0.0,0.0,1.0,0.0,5100000.0
1055,93,2.0,0,1.0,0.0,0.0,1.0,0.0,4100000.0
1053,93,2.0,0,1.0,0.0,0.0,1.0,0.0,4100000.0
1054,93,2.0,0,1.0,0.0,0.0,1.0,0.0,4100000.0
1361,93,3.0,0,1.0,0.0,0.0,1.0,0.0,5300000.0
1365,93,3.0,0,1.0,0.0,0.0,1.0,0.0,5300000.0
1750,51,3.0,0,1.0,1.0,1.0,1.0,1.0,15700000.0
788,165,2.0,0,1.0,1.0,1.0,1.0,1.0,2876000.0
718,165,2.0,0,1.0,1.0,1.0,1.0,1.0,2620000.0
1005,165,2.0,0,1.0,1.0,1.0,1.0,1.0,3668000.0
1054,93,2.0,0,1.0,0.0,0.0,1.0,0.0,4100000.0
1361,93,3.0,0,1.0,0.0,0.0,1.0,0.0,5300000.0
1365,93,3.0,0,1.0,0.0,0.0,1.0,0.0,5300000.0
1750,51,3.0,0,1.0,1.0,1.0,1.0,1.0,15700000.0
788,165,2.0,0,1.0,1.0,1.0,1.0,1.0,2876000.0
718,165,2.0,0,1.0,1.0,1.0,1.0,1.0,2620000.0
1005,165,2.0,0,1.0,1.0,1.0,1.0,1.0,3668000.0
1332,165,3.0,0,1.0,1.0,1.0,1.0,1.0,4861000.0
1122,213,2.0,0,0.0,0.0,1.0,1.0,0.0,4880000.0
1215,254,2.0,0,0.0,1.0,0.0,1.0,1.0,4900000.0
1745,710,3.0,0,0.0,1.0,1.0,1.0,1.0,5933000.0
1660,710,3.0,0,0.0,1.0,1.0,1.0,1.0,5644000.0
1850,319,3.0,0,1.0,1.0,1.0,1.0,1.0,11900000.0
1850,319,3.0,0,1.0,1.0,1.0,1.0,1.0,11800000.0
1850,319,3.0,0,1.0,1.0,1.0,1.0,1.0,12200000.0
1850,319,3.0,0,1.0,1.0,1.0,1.0,1.0,12100000.0
1850,319,3.0,0,1.0,1.0,1.0,1.0,1.0,12500000.0
1850,319,3.0,0,1.0,1.0,1.0,1.0,1.0,12100000.0
1850,319,3.0,0,1.0,1.0,1.0,1.0,1.0,12300000.0
1850,319,3.0,0,1.0,1.0,1.0,1.0,1.0,11500000.0
1850,319,3.0,0,1.0,1.0,1.0,1.0,1.0,11900000.0
1116,213,2.0,0,0.0,0.0,1.0,1.0,0.0,4854000.0
1107,213,2.0,0,0.0,0.0,1.0,1.0,0.0,4815000.0
1161,213,2.0,0,0.0,0.0,1.0,1.0,0.0,5050000.0
1062,213,2.0,0,0.0,0.0,1.0,1.0,0.0,4619000.0
1100,213,2.0,0,0.0,0.0,1.0,1.0,0.0,4785000.0
4450,517,4.0,0,0.0,1.0,1.0,1.0,0.0,44900000.0
4310,517,4.0,0,0.0,1.0,1.0,1.0,0.0,43400000.0
4000,517,4.0,0,0.0,1.0,1.0,1.0,0.0,40300000.0
1143,213,2.0,0,0.0,0.0,1.0,1.0,0.0,4972000.0
1089,213,2.0,0,0.0,0.0,1.0,1.0,0.0,4737000.0
1505,165,3.0,0,1.0,1.0,1.0,1.0,1.0,8218000.000000001
1535,165,3.0,0,1.0,1.0,1.0,1.0,1.0,8370999.000000001
1470,165,3.0,0,1.0,1.0,1.0,1.0,1.0,8039000.0
1045,165,2.0,0,1.0,1.0,1.0,1.0,1.0,5868000.0
1075,165,2.0,0,1.0,1.0,1.0,1.0,1.0,6021000.0
1290,165,2.0,0,1.0,1.0,1.0,1.0,1.0,7194000.0
1380,165,2.0,0,1.0,1.0,1.0,1.0,1.0,7581000.0
1465,165,3.0,0,1.0,1.0,1.0,1.0,1.0,8137000.0
1901,365,3.0,0,1.0,1.0,1.0,1.0,1.0,19300000.0
3029,365,3.0,0,1.0,1.0,1.0,1.0,1.0,30900000.0
1447,221,3.0,0,1.0,1.0,1.0,1.0,1.0,17500000.0
2293,221,4.0,0,1.0,1.0,1.0,1.0,1.0,25000000.0
1170,311,2.0,0,0.0,0.0,0.0,0.0,0.0,5500000.0
1482,234,3.0,0,1.0,1.0,0.0,0.0,1.0,7631999.0
1284,234,2.0,0,1.0,1.0,0.0,0.0,1.0,6612000.0
1057,234,2.0,0,1.0,1.0,0.0,0.0,1.0,5443000.0
1047,651,2.0,0,1.0,1.0,1.0,1.0,0.0,5339000.0
1030,651,2.0,0,1.0,1.0,1.0,1.0,0.0,5253000.0
1586,651,3.0,0,1.0,1.0,1.0,1.0,0.0,8088000.0
1387,651,3.0,0,1.0,1.0,1.0,1.0,0.0,7073000.0
1254,651,2.0,0,1.0,1.0,1.0,1.0,0.0,6395000.0
1426,651,3.0,0,1.0,1.0,1.0,1.0,0.0,7272000.0
1394,651,3.0,0,1.0,1.0,1.0,1.0,0.0,7109000.0
1430,651,3.0,0,1.0,1.0,1.0,1.0,0.0,7293000.000000001
1501,651,3.0,0,1.0,1.0,1.0,1.0,0.0,7655000.0
1335,651,3.0,0,1.0,1.0,1.0,1.0,0.0,6808000.0
1835,710,3.0,0,1.0,1.0,1.0,1.0,1.0,11600000.0
1850,710,3.0,0,1.0,1.0,1.0,1.0,1.0,11700000.0
1860,710,3.0,0,1.0,1.0,1.0,1.0,1.0,11700000.0
1765,710,3.0,0,1.0,1.0,1.0,1.0,1.0,11200000.0
1830,710,3.0,0,1.0,1.0,1.0,1.0,1.0,11500000.0
1730,710,3.0,0,1.0,1.0,1.0,1.0,1.0,11000000.0
1195,681,2.0,0,1.0,1.0,1.0,1.0,1.0,8800000.0
2321,681,3.0,0,1.0,1.0,1.0,1.0,1.0,15400000.0
1393,493,3.0,0,1.0,1.0,0.0,1.0,1.0,7900000.0
1800,492,3.0,0,0.0,0.0,0.0,1.0,1.0,16500000.0
720,319,1.0,0,0.0,0.0,1.0,1.0,0.0,3024000.0
1250,319,2.0,0,0.0,0.0,1.0,1.0,0.0,5250000.0
1225,319,2.0,0,0.0,0.0,1.0,1.0,0.0,5145000.0
1190,319,2.0,0,0.0,0.0,1.0,1.0,0.0,4998000.0
1200,319,2.0,0,0.0,0.0,1.0,1.0,0.0,5040000.0
1100,319,2.0,0,0.0,0.0,1.0,1.0,0.0,4620000.0
1140,165,2.0,0,1.0,0.0,1.0,1.0,0.0,3420000.0000000005
940,165,2.0,0,1.0,0.0,1.0,1.0,0.0,2820000.0
1320,165,3.0,0,1.0,0.0,1.0,1.0,0.0,3960000.0
1160,165,2.0,0,1.0,0.0,1.0,1.0,0.0,3479999.0
960,165,2.0,0,1.0,0.0,1.0,1.0,0.0,2880000.0
1060,165,2.0,0,1.0,0.0,1.0,1.0,0.0,3180000.0
1140,213,2.0,0,0.0,0.0,1.0,1.0,1.0,5100000.0
1195,681,2.0,0,1.0,1.0,1.0,1.0,1.0,8800000.0
2321,681,3.0,0,1.0,1.0,1.0,1.0,1.0,15400000.0
1655,681,3.0,0,1.0,1.0,1.0,1.0,1.0,11000000.0
1080,318,2.0,0,0.0,0.0,0.0,0.0,0.0,5250000.0
1555,253,3.0,0,0.0,1.0,1.0,1.0,1.0,8230000.0
960,681,2.0,0,0.0,1.0,1.0,1.0,0.0,5400000.0
1225,318,2.0,0,0.0,0.0,0.0,0.0,0.0,5400000.0
1555,253,3.0,0,0.0,1.0,1.0,1.0,1.0,8500000.0
1555,253,3.0,0,0.0,1.0,1.0,1.0,1.0,8600000.0
2600,365,4.0,0,1.0,1.0,1.0,1.0,1.0,26200000.0
3590,365,4.0,0,1.0,1.0,1.0,1.0,1.0,36200000.0
3701,365,4.0,0,1.0,1.0,1.0,1.0,1.0,37500000.0
3170,365,4.0,0,1.0,1.0,1.0,1.0,1.0,31700000.0
2807,365,4.0,0,1.0,1.0,1.0,1.0,1.0,28400000.0
3012,231,4.0,0,0.0,1.0,0.0,1.0,1.0,29300000.0
1901,493,3.0,0,1.0,1.0,1.0,1.0,1.0,9999000.0
1839,308,3.0,0,1.0,1.0,1.0,1.0,1.0,25500000.0
2461,308,4.0,0,1.0,1.0,1.0,1.0,1.0,34000000.0
1249,308,2.0,0,1.0,1.0,1.0,1.0,1.0,17500000.0
2503,308,4.0,0,1.0,1.0,1.0,1.0,1.0,34500000.0
1385,308,2.0,0,1.0,1.0,1.0,1.0,1.0,19500000.0
1195,681,2.0,0,1.0,1.0,1.0,1.0,1.0,8800000.0
2321,681,3.0,0,1.0,1.0,1.0,1.0,1.0,15400000.0
1655,681,3.0,0,1.0,1.0,1.0,1.0,1.0,11000000.0
1275,92,2.0,0,1.0,1.0,1.0,0.0,1.0,9277000.0
1615,92,3.0,0,1.0,1.0,1.0,0.0,1.0,11600000.0
1515,92,3.0,0,1.0,1.0,1.0,0.0,1.0,10900000.0
1455,92,3.0,0,1.0,1.0,1.0,0.0,1.0,10500000.0
1360,92,3.0,0,1.0,1.0,1.0,0.0,1.0,9859000.0
1011,221,1.0,0,1.0,1.0,1.0,1.0,1.0,4550000.0
3517,301,4.0,0,1.0,1.0,1.0,1.0,1.0,40400000.0
2883,301,3.0,0,1.0,1.0,1.0,1.0,1.0,33100000.0
3498,301,4.0,0,1.0,1.0,1.0,1.0,1.0,40199999.0
3621,301,4.0,0,1.0,1.0,1.0,1.0,1.0,41600000.0
2929,301,3.0,0,1.0,1.0,1.0,1.0,1.0,33600000.0
2791,301,3.0,0,1.0,1.0,1.0,1.0,1.0,32000000.0
1310,165,3.0,0,1.0,1.0,1.0,1.0,1.0,4800000.0
2350,493,3.0,0,0.0,0.0,0.0,1.0,0.0,13500000.0
4053,495,4.0,0,0.0,1.0,1.0,1.0,1.0,68700000.0
814,429,2.0,0,0.0,1.0,0.0,1.0,1.0,4359000.0
1405,235,3.0,0,0.0,1.0,0.0,1.0,0.0,8570000.0
3613,709,4.0,0,0.0,1.0,0.0,1.0,1.0,23500000.0
1545,715,3.0,0,1.0,1.0,0.0,1.0,1.0,9900000.0
2678,495,3.0,0,0.0,1.0,1.0,1.0,1.0,46100000.0
966,429,3.0,0,0.0,1.0,0.0,1.0,1.0,5055000.0
1286,429,3.0,0,0.0,1.0,0.0,1.0,1.0,6819000.0
708,429,2.0,0,0.0,1.0,0.0,1.0,1.0,3872999.0
1535,165,3.0,0,1.0,1.0,1.0,1.0,1.0,8370999.000000001
1470,165,3.0,0,1.0,1.0,1.0,1.0,1.0,8039000.0
1045,165,2.0,0,1.0,1.0,1.0,1.0,1.0,5868000.0
1075,165,2.0,0,1.0,1.0,1.0,1.0,1.0,6021000.0
1290,165,2.0,0,1.0,1.0,1.0,1.0,1.0,7194000.0
1380,165,2.0,0,1.0,1.0,1.0,1.0,1.0,7581000.0
1465,165,3.0,0,1.0,1.0,1.0,1.0,1.0,8137000.0
1284,234,2.0,0,1.0,1.0,0.0,0.0,1.0,6612000.0
1057,234,2.0,0,1.0,1.0,0.0,0.0,1.0,5443000.0
1482,234,3.0,0,1.0,1.0,0.0,0.0,1.0,7631999.0
930,213,1.0,0,0.0,1.0,1.0,1.0,1.0,4371000.0
930,213,1.0,0,0.0,1.0,1.0,1.0,1.0,4371000.0
1040,213,1.0,0,0.0,1.0,1.0,1.0,1.0,4888000.0
975,213,2.0,0,0.0,1.0,1.0,1.0,1.0,4582000.0
930,213,1.0,0,0.0,1.0,1.0,1.0,1.0,4371000.0
1040,213,1.0,0,0.0,1.0,1.0,1.0,1.0,4888000.0
975,213,2.0,0,0.0,1.0,1.0,1.0,1.0,4582000.0
1028,213,2.0,0,0.0,1.0,1.0,1.0,1.0,4831000.0
1031,213,2.0,0,0.0,1.0,1.0,1.0,1.0,4845000.0
1033,213,2.0,0,0.0,1.0,1.0,1.0,1.0,4855000.0
1407,213,1.0,0,1.0,0.0,1.0,1.0,1.0,5200000.0
905,501,1.0,0,1.0,1.0,1.0,1.0,1.0,4163000.0000000005
1107,221,1.0,0,1.0,1.0,1.0,1.0,1.0,4950000.0
1030,501,1.0,0,1.0,0.0,1.0,1.0,1.0,4738000.0
1151,234,2.0,0,1.0,1.0,1.0,1.0,1.0,6655000.0
1295,234,2.0,0,1.0,1.0,1.0,1.0,1.0,7476000.000000001
1696,234,3.0,0,1.0,1.0,1.0,1.0,1.0,9762000.0
1700,234,3.0,0,1.0,1.0,1.0,1.0,1.0,9785000.0
2700,491,3.0,0,1.0,1.0,1.0,1.0,1.0,17900000.0
1900,517,3.0,0,1.0,1.0,1.0,1.0,1.0,16000000.0
1900,517,3.0,0,1.0,1.0,1.0,1.0,1.0,16000000.0
1900,517,3.0,0,1.0,1.0,1.0,1.0,1.0,16000000.0
2000,206,3.0,0,1.0,1.0,1.0,1.0,1.0,16500000.0
2700,206,2.0,0,1.0,1.0,0.0,1.0,0.0,28000000.0
2200,526,3.0,0,1.0,1.0,1.0,1.0,1.0,18500000.0
1500,235,3.0,0,0.0,1.0,0.0,1.0,0.0,8900000.0
1350,143,2.0,0,0.0,0.0,0.0,1.0,0.0,6061000.0
1650,143,3.0,0,0.0,0.0,0.0,1.0,0.0,7408000.0
1355,143,3.0,0,0.0,0.0,0.0,1.0,0.0,6083000.0
1325,143,2.0,0,0.0,0.0,0.0,1.0,0.0,5949000.0
1260,143,2.0,0,0.0,0.0,0.0,1.0,0.0,5657000.0
1225,143,2.0,0,0.0,0.0,0.0,1.0,0.0,5500000.0
1300,143,2.0,0,0.0,0.0,0.0,1.0,0.0,5837000.0
4622,229,4.0,0,1.0,1.0,0.0,1.0,1.0,50100000.0
4622,229,4.0,0,1.0,1.0,0.0,1.0,1.0,50100000.0
1097,77,2.0,0,0.0,0.0,0.0,1.0,1.0,4600000.0
1076,77,2.0,0,0.0,1.0,0.0,1.0,1.0,4500000.0
1235,77,2.0,0,0.0,1.0,0.0,1.0,1.0,5150000.0
1163,429,2.0,0,0.0,1.0,0.0,1.0,1.0,6233000.0
1560,715,3.0,0,1.0,1.0,0.0,1.0,1.0,10100000.0
538,318,1.0,0,0.0,0.0,0.0,1.0,0.0,3500000.0
1873,318,3.0,0,0.0,1.0,0.0,1.0,1.0,11600000.0
4053,495,4.0,0,0.0,1.0,1.0,1.0,1.0,68700000.0
1476,77,3.0,0,1.0,1.0,1.0,1.0,1.0,9335000.0
1265,77,3.0,0,1.0,1.0,1.0,1.0,1.0,8001000.000000001
1527,77,3.0,0,1.0,1.0,1.0,1.0,1.0,9658000.0
538,318,1.0,0,0.0,0.0,0.0,1.0,0.0,3500000.0
1891,247,3.0,0,0.0,1.0,1.0,1.0,1.0,11600000.0
1877,247,3.0,0,0.0,1.0,1.0,1.0,1.0,11399999.0
1845,247,3.0,0,0.0,1.0,1.0,1.0,1.0,11000000.0
1888,247,3.0,0,0.0,1.0,1.0,1.0,1.0,11500000.0
1892,247,3.0,0,0.0,1.0,1.0,1.0,1.0,11700000.0
1798,247,3.0,0,0.0,1.0,1.0,1.0,1.0,10800000.0
1862,247,3.0,0,0.0,1.0,1.0,1.0,1.0,11200000.0
1216,235,2.0,0,0.0,0.0,0.0,1.0,0.0,5900000.0
1340,235,3.0,0,0.0,1.0,0.0,1.0,0.0,8500000.0
3628,709,4.0,0,0.0,1.0,0.0,1.0,1.0,23600000.0
1000,140,2.0,0,1.0,1.0,1.0,1.0,1.0,3800000.0
1076,77,2.0,0,0.0,0.0,0.0,1.0,1.0,4500000.0
1097,77,2.0,0,0.0,1.0,0.0,1.0,1.0,4600000.0
1076,77,2.0,0,0.0,0.0,0.0,1.0,1.0,4550000.0
1235,77,2.0,0,1.0,1.0,0.0,1.0,1.0,5150000.0
1124,77,1.0,0,1.0,1.0,0.0,1.0,1.0,4700000.0
1076,77,2.0,0,1.0,1.0,0.0,1.0,1.0,4560000.0
1097,77,2.0,0,1.0,1.0,0.0,1.0,1.0,4635000.0
1635,715,3.0,0,1.0,1.0,0.0,1.0,1.0,10600000.0
4332,229,4.0,0,1.0,1.0,0.0,1.0,1.0,46500000.0
1272,235,2.0,0,0.0,0.0,0.0,1.0,0.0,6000000.0
3596,80,4.0,0,1.0,1.0,1.0,1.0,1.0,30500000.0
4239,80,5.0,0,1.0,1.0,1.0,1.0,1.0,36000000.0
2666,80,3.0,0,1.0,1.0,1.0,1.0,1.0,22599999.0
1750,51,3.0,0,1.0,1.0,1.0,1.0,1.0,15700000.0
1545,51,3.0,0,1.0,1.0,1.0,1.0,1.0,13899999.0
1195,403,3.0,0,0.0,1.0,0.0,1.0,1.0,8365000.000000001
1205,403,3.0,0,0.0,1.0,0.0,1.0,1.0,7831999.0
1195,403,3.0,0,0.0,1.0,0.0,1.0,1.0,7767000.0
1044,403,3.0,0,0.0,1.0,0.0,1.0,0.0,9174000.0
1230,403,3.0,0,0.0,1.0,0.0,1.0,1.0,8662000.0
1300,403,3.0,0,0.0,1.0,0.0,1.0,1.0,9100000.0
1300,403,3.0,0,0.0,1.0,0.0,1.0,1.0,9100000.0
1205,403,3.0,0,0.0,1.0,0.0,1.0,1.0,7831999.0
1305,403,3.0,0,0.0,1.0,0.0,1.0,0.0,8874000.0
1205,403,3.0,0,0.0,1.0,0.0,1.0,1.0,8492000.0
1195,403,3.0,0,0.0,1.0,0.0,1.0,1.0,7767000.0
1545,51,3.0,0,1.0,1.0,1.0,1.0,1.0,14700000.0
1205,403,3.0,0,0.0,1.0,0.0,1.0,1.0,8435000.0
1195,403,3.0,0,0.0,1.0,0.0,1.0,1.0,8365000.000000001
1205,403,3.0,0,0.0,1.0,0.0,1.0,1.0,7831999.0
1205,403,3.0,0,0.0,1.0,0.0,1.0,1.0,8435000.0
1195,403,3.0,0,0.0,1.0,0.0,1.0,1.0,8365000.000000001
1305,403,3.0,0,0.0,1.0,0.0,1.0,1.0,8874000.0
1195,403,3.0,0,0.0,1.0,0.0,1.0,1.0,8365000.000000001
1205,403,3.0,0,0.0,1.0,0.0,1.0,1.0,8492000.0
1195,403,3.0,0,0.0,1.0,0.0,1.0,1.0,7767000.0
1545,51,3.0,0,1.0,1.0,1.0,1.0,1.0,13899999.0
1545,51,3.0,0,1.0,1.0,1.0,1.0,1.0,13899999.0
1545,51,3.0,0,1.0,1.0,1.0,1.0,1.0,13899999.0
1545,51,3.0,0,1.0,1.0,1.0,1.0,1.0,13899999.0
1545,51,3.0,0,1.0,1.0,1.0,1.0,1.0,13899999.0
1545,51,3.0,0,1.0,1.0,1.0,1.0,1.0,13899999.0
1901,493,3.0,0,1.0,1.0,0.0,1.0,1.0,10800000.0
1901,493,3.0,0,1.0,1.0,0.0,1.0,1.0,10800000.0
1337,493,3.0,0,1.0,1.0,0.0,1.0,1.0,7900000.0
1337,493,3.0,0,1.0,1.0,0.0,1.0,1.0,7900000.0
1978,323,3.0,0,1.0,1.0,0.0,1.0,1.0,13799999.0
1505,235,3.0,0,0.0,1.0,0.0,1.0,0.0,9436000.0
1535,165,3.0,0,1.0,1.0,1.0,1.0,1.0,8700000.0
1110,165,2.0,0,1.0,1.0,1.0,1.0,1.0,6400000.0
1455,231,3.0,0,0.0,1.0,0.0,1.0,1.0,9200000.0
1105,232,2.0,0,1.0,1.0,1.0,1.0,1.0,7000000.0
3273,80,3.0,0,1.0,1.0,1.0,1.0,1.0,27799999.000000004
2697,80,3.0,0,1.0,1.0,1.0,1.0,1.0,22900000.0
5300,80,5.0,0,1.0,1.0,1.0,1.0,1.0,45000000.0
3633,80,4.0,0,1.0,1.0,1.0,1.0,1.0,30800000.0
5384,80,5.0,0,1.0,1.0,1.0,1.0,1.0,45700000.0
4289,80,5.0,0,1.0,1.0,1.0,1.0,1.0,36400000.0
1393,493,3.0,0,1.0,1.0,0.0,1.0,1.0,7900000.0
4977,506,4.0,0,1.0,1.0,1.0,1.0,1.0,113400000.0
1635,715,3.0,0,1.0,1.0,0.0,0.0,1.0,10600000.0
1635,715,3.0,0,1.0,1.0,0.0,1.0,1.0,10600000.0
1475,715,3.0,0,1.0,1.0,0.0,0.0,1.0,9200000.0
1360,235,3.0,0,0.0,1.0,0.0,1.0,0.0,8700000.0
1560,715,3.0,0,1.0,1.0,0.0,1.0,1.0,10100000.0
1405,235,3.0,0,0.0,1.0,0.0,1.0,0.0,8570000.0
1360,235,3.0,0,0.0,1.0,0.0,1.0,0.0,8700000.0
1408,493,3.0,0,1.0,1.0,0.0,1.0,1.0,8025000.0
1076,77,2.0,0,0.0,0.0,0.0,1.0,1.0,4300000.0
1841,501,3.0,0,1.0,1.0,1.0,1.0,1.0,11399999.0
1183,235,2.0,0,0.0,0.0,0.0,1.0,0.0,6300000.0
1620,715,3.0,0,1.0,1.0,0.0,1.0,1.0,10300000.0
1869,501,3.0,0,1.0,1.0,1.0,1.0,1.0,11500000.0
1337,493,3.0,0,1.0,1.0,0.0,1.0,1.0,7900000.0
1360,235,3.0,0,0.0,1.0,0.0,1.0,0.0,8700000.0
1470,214,3.0,0,1.0,1.0,1.0,1.0,1.0,10100000.0
1575,214,3.0,0,1.0,1.0,1.0,1.0,1.0,10800000.0
1360,214,2.0,0,1.0,1.0,1.0,1.0,1.0,9446000.0
1715,214,3.0,0,1.0,1.0,1.0,1.0,1.0,11700000.0
1184,214,2.0,0,1.0,1.0,1.0,1.0,1.0,8306999.0
655,214,1.0,0,1.0,1.0,1.0,1.0,1.0,4883000.0
1680,214,3.0,0,1.0,1.0,1.0,1.0,1.0,11500000.0
1195,214,2.0,0,1.0,1.0,1.0,1.0,1.0,8378000.0
820,214,1.0,0,1.0,1.0,1.0,1.0,1.0,5951000.0
1310,468,3.0,1,0.0,0.0,0.0,0.0,0.0,5500000.0
1126,339,2.0,1,0.0,1.0,0.0,1.0,1.0,5350000.0
1307,270,3.0,1,1.0,1.0,1.0,0.0,1.0,8205000.0
576,381,1.0,1,1.0,1.0,1.0,1.0,1.0,2950000.0
1207,295,3.0,1,1.0,1.0,1.0,1.0,1.0,7600000.0
604,324,2.0,1,1.0,0.0,0.0,0.0,0.0,2234000.0
986,454,2.0,1,0.0,0.0,0.0,1.0,0.0,5521000.0
1345,486,3.0,1,1.0,1.0,1.0,1.0,0.0,6321000.0
510,604,1.0,1,0.0,0.0,0.0,0.0,0.0,3404000.0
1508,657,3.0,1,1.0,1.0,0.0,1.0,1.0,11600000.0
1245,270,2.0,1,1.0,1.0,1.0,1.0,0.0,6536000.0
1565,32,3.0,1,0.0,0.0,0.0,1.0,0.0,24200000.0
1306,389,2.0,1,0.0,1.0,0.0,0.0,0.0,8162000.0
1113,619,2.0,1,0.0,0.0,0.0,0.0,0.0,6190000.0
1479,389,3.0,1,1.0,1.0,1.0,1.0,0.0,9613000.0
1640,619,3.0,1,1.0,1.0,1.0,1.0,1.0,7542000.0
1112,374,2.0,1,0.0,0.0,0.0,0.0,0.0,6338000.0
645,44,2.0,1,0.0,1.0,1.0,1.0,1.0,2724000.0
1310,468,3.0,1,0.0,0.0,0.0,0.0,0.0,5500000.0
1126,339,2.0,1,0.0,1.0,0.0,1.0,1.0,5350000.0
1307,270,3.0,1,1.0,1.0,1.0,0.0,1.0,8205000.0
576,381,1.0,1,1.0,1.0,1.0,1.0,1.0,2950000.0
1207,295,3.0,1,1.0,1.0,1.0,1.0,1.0,7600000.0
604,324,2.0,1,1.0,0.0,0.0,0.0,0.0,2234000.0
986,454,2.0,1,0.0,0.0,0.0,1.0,0.0,5521000.0
1345,486,3.0,1,1.0,1.0,1.0,1.0,0.0,6321000.0
510,604,1.0,1,0.0,0.0,0.0,0.0,0.0,3404000.0
1508,657,3.0,1,1.0,1.0,0.0,1.0,1.0,11600000.0
1245,270,2.0,1,1.0,1.0,1.0,1.0,0.0,6536000.0
1565,32,3.0,1,0.0,0.0,0.0,1.0,0.0,24200000.0
1306,389,2.0,1,0.0,1.0,0.0,0.0,0.0,8162000.0
1113,619,2.0,1,0.0,0.0,0.0,0.0,0.0,6190000.0
1479,389,3.0,1,1.0,1.0,1.0,1.0,0.0,9613000.0
1640,619,3.0,1,1.0,1.0,1.0,1.0,1.0,7542000.0
1112,374,2.0,1,0.0,0.0,0.0,0.0,0.0,6338000.0
645,44,2.0,1,0.0,1.0,1.0,1.0,1.0,2724000.0
738,660,2.0,1,0.0,0.0,0.0,0.0,0.0,3388000.0000000005
804,468,2.0,1,0.0,0.0,0.0,1.0,0.0,3175000.0
701,359,2.0,1,0.0,0.0,0.0,0.0,0.0,4065999.0
1350,343,2.0,1,0.0,0.0,0.0,1.0,0.0,6500000.0
785,654,2.0,1,0.0,0.0,0.0,0.0,0.0,5500000.0
538,502,1.0,1,1.0,1.0,1.0,1.0,1.0,3500000.0
1361,520,2.0,1,0.0,1.0,0.0,1.0,1.0,17000000.0
677,44,2.0,1,1.0,0.0,1.0,1.0,0.0,2499000.0
868,454,2.0,1,0.0,0.0,0.0,0.0,0.0,4165999.0
920,343,2.0,1,0.0,0.0,0.0,1.0,0.0,4875000.0
850,476,2.0,1,0.0,0.0,0.0,0.0,0.0,3442000.0
850,454,2.0,1,0.0,0.0,0.0,0.0,0.0,4165000.0
1019,451,2.0,1,0.0,0.0,0.0,0.0,0.0,5298000.0
1080,454,3.0,1,0.0,0.0,0.0,1.0,0.0,5184000.0
1943,364,3.0,1,0.0,1.0,0.0,1.0,1.0,10000000.0
1245,337,3.0,1,1.0,0.0,0.0,1.0,0.0,6225000.0
817,469,2.0,1,0.0,0.0,0.0,0.0,0.0,5599000.0
779,295,2.0,1,1.0,0.0,1.0,0.0,0.0,2960000.0
1330,693,2.0,1,0.0,0.0,0.0,0.0,0.0,7200000.0
2011,6,4.0,1,0.0,0.0,0.0,0.0,0.0,35000000.0
1112,425,2.0,1,0.0,0.0,1.0,0.0,0.0,4998000.0
900,124,2.0,1,0.0,0.0,0.0,1.0,0.0,6500000.0
1641,416,3.0,1,0.0,0.0,0.0,1.0,0.0,8675000.0
963,32,2.0,1,0.0,0.0,0.0,1.0,1.0,6259000.0
1062,280,3.0,1,1.0,1.0,1.0,1.0,1.0,3400000.0
940,674,2.0,1,0.0,0.0,0.0,1.0,0.0,12000000.0
1400,322,3.0,1,0.0,0.0,0.0,0.0,0.0,5999000.0
1671,657,3.0,1,0.0,0.0,1.0,0.0,0.0,10400000.0
1952,619,3.0,1,0.0,0.0,0.0,1.0,0.0,8000000.0
944,619,2.0,1,0.0,0.0,1.0,1.0,0.0,5003000.0
975,477,1.0,1,0.0,0.0,0.0,1.0,0.0,4192000.0
1060,466,3.0,1,0.0,0.0,0.0,0.0,0.0,5500000.0
1481,469,3.0,1,1.0,0.0,0.0,1.0,0.0,9110000.0
965,604,2.0,1,0.0,0.0,0.0,0.0,0.0,3377000.0000000005
1128,360,3.0,1,0.0,0.0,0.0,0.0,0.0,5978000.0
1219,477,3.0,1,0.0,0.0,0.0,0.0,0.0,6000000.0
1300,291,2.0,1,0.0,0.0,0.0,0.0,0.0,12000000.0
1298,687,3.0,1,0.0,0.0,0.0,0.0,0.0,9086000.0
1900,619,3.0,1,0.0,1.0,0.0,1.0,0.0,9500000.0
1213,159,3.0,1,1.0,0.0,0.0,1.0,0.0,5500000.0
1560,182,3.0,1,0.0,0.0,0.0,0.0,0.0,20000000.0
2325,425,3.0,1,1.0,1.0,1.0,1.0,1.0,17500000.0
1389,381,3.0,1,1.0,1.0,1.0,1.0,1.0,6800000.0
1250,374,3.0,1,0.0,0.0,0.0,1.0,0.0,6463000.0
1603,44,3.0,1,0.0,1.0,1.0,1.0,1.0,6409999.000000001
1000,638,2.0,1,0.0,0.0,0.0,0.0,0.0,5000000.0
1238,467,3.0,1,0.0,0.0,1.0,1.0,0.0,5261000.0
1603,44,3.0,1,0.0,1.0,1.0,1.0,1.0,6409999.000000001
789,669,2.0,1,0.0,0.0,0.0,0.0,0.0,3000000.0
2533,494,3.0,1,1.0,1.0,1.0,1.0,0.0,43000000.0
923,339,2.0,1,0.0,0.0,1.0,1.0,0.0,4153000.0
2000,469,3.0,1,0.0,0.0,0.0,0.0,0.0,13200000.0
960,343,2.0,1,1.0,0.0,1.0,0.0,0.0,3850000.0
1170,81,2.0,1,0.0,0.0,0.0,1.0,0.0,19300000.0
1471,374,3.0,1,0.0,1.0,0.0,1.0,1.0,9000000.0
768,419,2.0,1,0.0,0.0,0.0,1.0,0.0,3072000.0
657,236,2.0,1,0.0,0.0,0.0,1.0,0.0,4800000.0
700,44,2.0,1,1.0,0.0,1.0,1.0,0.0,2500000.0
954,419,2.0,1,0.0,0.0,0.0,0.0,0.0,4100000.0
722,419,2.0,1,0.0,0.0,0.0,0.0,0.0,3032000.0
1645,619,3.0,1,0.0,1.0,1.0,1.0,1.0,9746000.0
1443,467,3.0,1,1.0,1.0,1.0,1.0,1.0,6203000.0
894,193,2.0,1,0.0,0.0,0.0,0.0,0.0,3500000.0
1323,124,3.0,1,0.0,0.0,0.0,1.0,0.0,7936000.0
745,605,2.0,1,0.0,0.0,0.0,1.0,0.0,4000000.0
560,4,1.0,1,0.0,0.0,0.0,0.0,0.0,2800000.0
2056,436,2.0,1,0.0,1.0,0.0,1.0,1.0,43099999.0
920,639,3.0,1,0.0,0.0,0.0,0.0,0.0,10000000.0
1250,248,2.0,1,0.0,1.0,1.0,1.0,1.0,9000000.0
721,17,2.0,1,0.0,0.0,0.0,0.0,0.0,3881000.0
855,467,2.0,1,1.0,0.0,0.0,0.0,0.0,3300000.0
1569,676,3.0,1,0.0,0.0,0.0,1.0,0.0,11700000.0
850,32,2.0,1,0.0,1.0,1.0,1.0,1.0,13600000.0
1140,477,2.0,1,0.0,1.0,0.0,1.0,1.0,7000000.0
660,468,1.0,1,0.0,0.0,0.0,0.0,0.0,2771000.0
643,468,1.0,1,0.0,0.0,0.0,0.0,0.0,2699000.0
1196,468,2.0,1,0.0,0.0,0.0,0.0,0.0,5022000.0
633,468,1.0,1,0.0,0.0,0.0,0.0,0.0,2657000.0
926,468,2.0,1,0.0,0.0,0.0,0.0,0.0,3888000.0000000005
650,468,1.0,1,0.0,0.0,0.0,0.0,0.0,2729000.0
1931,468,3.0,1,0.0,0.0,0.0,0.0,0.0,8108000.0
538,270,1.0,1,1.0,1.0,1.0,0.0,1.0,3306000.0
1314,270,3.0,1,1.0,1.0,1.0,0.0,1.0,8248999.000000001
1027,270,2.0,1,1.0,1.0,1.0,0.0,1.0,6447000.0
1358,270,3.0,1,1.0,1.0,1.0,0.0,1.0,8525000.0
1024,270,2.0,1,1.0,1.0,1.0,0.0,1.0,6428000.0
2686,270,4.0,1,1.0,1.0,1.0,0.0,1.0,16800000.0
1561,270,3.0,1,1.0,1.0,1.0,0.0,1.0,9799000.0
1296,270,3.0,1,1.0,1.0,1.0,0.0,1.0,8136000.0
1566,270,3.0,1,1.0,1.0,1.0,0.0,1.0,9831000.0
1829,270,3.0,1,1.0,1.0,1.0,0.0,1.0,11399999.0
1564,270,3.0,1,1.0,1.0,1.0,0.0,1.0,9818000.0
1348,270,3.0,1,1.0,1.0,1.0,0.0,1.0,8462000.0
1944,270,3.0,1,1.0,1.0,1.0,0.0,1.0,12200000.0
2640,270,4.0,1,1.0,1.0,1.0,0.0,1.0,16500000.0
549,270,1.0,1,1.0,1.0,1.0,0.0,1.0,3372999.0
2630,270,4.0,1,1.0,1.0,1.0,0.0,1.0,16500000.0
2616,270,4.0,1,1.0,1.0,1.0,0.0,1.0,16399999.0
1599,270,3.0,1,1.0,1.0,1.0,0.0,1.0,10000000.0
855,381,2.0,1,1.0,1.0,1.0,1.0,1.0,3990000.0
1536,339,3.0,1,0.0,1.0,0.0,1.0,1.0,7295999.000000001
1339,339,2.0,1,0.0,1.0,0.0,1.0,1.0,6360000.0
1791,339,3.0,1,0.0,1.0,0.0,1.0,1.0,8507000.0
936,295,2.0,1,1.0,1.0,1.0,1.0,1.0,5500000.0
1179,295,3.0,1,1.0,1.0,1.0,1.0,1.0,7550000.0
988,295,2.0,1,1.0,1.0,1.0,1.0,1.0,5735000.0
955,295,2.0,1,1.0,1.0,1.0,1.0,1.0,5560000.0
1224,295,3.0,1,1.0,1.0,1.0,1.0,1.0,7700000.0
958,295,2.0,1,1.0,1.0,1.0,1.0,1.0,5580000.0
948,295,2.0,1,1.0,1.0,1.0,1.0,1.0,5520000.0
648,324,2.0,1,1.0,0.0,0.0,0.0,0.0,2397000.0
1076,454,2.0,1,0.0,0.0,0.0,1.0,0.0,6025000.0
1030,454,2.0,1,0.0,0.0,0.0,1.0,0.0,5768000.0
812,454,2.0,1,0.0,0.0,0.0,1.0,0.0,4547000.0
930,454,2.0,1,0.0,0.0,0.0,1.0,0.0,5208000.0
1300,454,3.0,1,0.0,0.0,0.0,1.0,0.0,7280000.0
1382,486,3.0,1,1.0,1.0,1.0,1.0,0.0,6495000.0
1445,486,3.0,1,1.0,1.0,1.0,1.0,0.0,6791000.0
1551,486,3.0,1,1.0,1.0,1.0,1.0,0.0,7289000.0
1626,486,3.0,1,1.0,1.0,1.0,1.0,0.0,7642000.0
753,604,2.0,1,0.0,0.0,0.0,0.0,0.0,4641000.0
801,604,2.0,1,0.0,0.0,0.0,0.0,0.0,4907000.0
761,604,2.0,1,0.0,0.0,0.0,0.0,0.0,4685000.0
727,604,2.0,1,0.0,0.0,0.0,0.0,0.0,4498000.0
784,604,2.0,1,0.0,0.0,0.0,0.0,0.0,4812000.0
1431,657,3.0,1,1.0,1.0,0.0,1.0,1.0,11000000.0
1494,657,3.0,1,1.0,1.0,0.0,1.0,1.0,11500000.0
1296,657,3.0,1,1.0,1.0,0.0,1.0,1.0,10000000.0
1302,657,3.0,1,1.0,1.0,0.0,1.0,1.0,10000000.0
1432,657,3.0,1,1.0,1.0,0.0,1.0,1.0,11000000.0
1367,657,3.0,1,1.0,1.0,0.0,1.0,1.0,10500000.0
1349,657,3.0,1,1.0,1.0,0.0,1.0,1.0,10400000.0
1551,657,3.0,1,1.0,1.0,0.0,1.0,1.0,12000000.0
1485,657,3.0,1,1.0,1.0,0.0,1.0,1.0,11500000.0
1353,657,3.0,1,1.0,1.0,0.0,1.0,1.0,10400000.0
1352,657,3.0,1,1.0,1.0,0.0,1.0,1.0,10400000.0
1396,657,3.0,1,1.0,1.0,0.0,1.0,1.0,10800000.0
1239,270,2.0,1,1.0,1.0,1.0,1.0,0.0,6504000.000000001
1647,270,3.0,1,1.0,1.0,1.0,1.0,0.0,8646000.0
1229,270,2.0,1,1.0,1.0,1.0,1.0,0.0,6452000.0
1618,270,3.0,1,1.0,1.0,1.0,1.0,0.0,8494000.0
1227,270,2.0,1,1.0,1.0,1.0,1.0,0.0,6441000.0
1231,270,2.0,1,1.0,1.0,1.0,1.0,0.0,6462000.0
1230,270,2.0,1,1.0,1.0,1.0,1.0,0.0,6456999.0
1604,270,3.0,1,1.0,1.0,1.0,1.0,0.0,8421000.0
1208,270,2.0,1,1.0,1.0,1.0,1.0,0.0,6342000.0
527,270,1.0,1,1.0,1.0,1.0,1.0,0.0,2766000.0
1671,657,3.0,1,0.0,0.0,1.0,0.0,0.0,9357000.0
1606,270,3.0,1,1.0,1.0,1.0,1.0,0.0,8431000.0
1827,657,4.0,1,0.0,0.0,1.0,0.0,0.0,10200000.0
1614,270,3.0,1,1.0,1.0,1.0,1.0,0.0,8473000.0
1200,270,2.0,1,1.0,1.0,1.0,1.0,0.0,6300000.0
1546,657,3.0,1,0.0,0.0,1.0,0.0,0.0,8657000.0
1569,270,3.0,1,1.0,1.0,1.0,1.0,0.0,8237000.0
1452,657,2.0,1,0.0,0.0,1.0,0.0,0.0,8131000.0
574,270,1.0,1,1.0,1.0,1.0,1.0,0.0,3013000.0
576,270,1.0,1,1.0,1.0,1.0,1.0,0.0,3024000.0
1286,657,2.0,1,0.0,0.0,1.0,0.0,0.0,7201000.000000001
1316,270,2.0,1,1.0,1.0,1.0,1.0,0.0,6909000.0
1550,657,3.0,1,0.0,0.0,1.0,0.0,0.0,8680000.0
1554,270,3.0,1,1.0,1.0,1.0,1.0,0.0,8158000.0
1421,657,2.0,1,0.0,0.0,1.0,0.0,0.0,7956999.0
566,270,1.0,1,1.0,1.0,1.0,1.0,0.0,2971000.0
1288,270,2.0,1,1.0,1.0,1.0,1.0,0.0,6762000.0
1289,657,2.0,1,0.0,0.0,1.0,0.0,0.0,7218000.000000001
568,270,1.0,1,1.0,1.0,1.0,1.0,0.0,2982000.0
1563,270,3.0,1,1.0,1.0,1.0,1.0,0.0,8205000.0
1593,657,3.0,1,0.0,0.0,1.0,0.0,0.0,8920000.0
1302,270,2.0,1,1.0,1.0,1.0,1.0,0.0,6834999.000000001
1528,657,3.0,1,0.0,0.0,1.0,0.0,0.0,8556000.0
564,270,1.0,1,1.0,1.0,1.0,1.0,0.0,2961000.0
1846,389,3.0,1,0.0,1.0,0.0,0.0,0.0,11500000.0
1850,389,3.0,1,0.0,1.0,0.0,0.0,0.0,11500000.0
920,395,2.0,1,1.0,0.0,1.0,1.0,0.0,4140000.0
952,395,2.0,1,1.0,0.0,1.0,1.0,0.0,4284000.0
950,395,2.0,1,1.0,0.0,1.0,1.0,0.0,4275000.0
891,395,2.0,1,1.0,0.0,1.0,1.0,0.0,4009000.0000000005
956,395,2.0,1,1.0,0.0,1.0,1.0,0.0,4302000.0
906,395,2.0,1,1.0,0.0,1.0,1.0,0.0,4077000.0000000005
987,395,2.0,1,1.0,0.0,1.0,1.0,0.0,4441000.0
993,395,2.0,1,1.0,0.0,1.0,1.0,0.0,4468000.0
927,395,2.0,1,1.0,0.0,1.0,1.0,0.0,4171000.0
942,395,2.0,1,1.0,0.0,1.0,1.0,0.0,4239000.0
931,395,2.0,1,1.0,0.0,1.0,1.0,0.0,4189000.0
865,395,2.0,1,1.0,0.0,1.0,1.0,0.0,3892000.0
1161,32,3.0,1,1.0,0.0,1.0,1.0,0.0,15000000.0
1500,6,3.0,1,0.0,0.0,0.0,0.0,0.0,27300000.0
1437,619,3.0,1,0.0,0.0,0.0,0.0,0.0,7784999.000000001
1310,619,3.0,1,0.0,0.0,0.0,0.0,0.0,7841000.0
1006,619,2.0,1,0.0,0.0,0.0,0.0,0.0,5663000.0
1120,619,2.0,1,0.0,0.0,0.0,0.0,0.0,6224000.0
1119,619,2.0,1,0.0,0.0,0.0,0.0,0.0,6219000.0
1118,619,2.0,1,0.0,0.0,0.0,0.0,0.0,6214000.0
1004,619,2.0,1,0.0,0.0,0.0,0.0,0.0,5778000.0
1115,619,2.0,1,0.0,0.0,0.0,0.0,0.0,6200000.0
1114,619,2.0,1,0.0,0.0,0.0,0.0,0.0,6195000.0
1003,619,2.0,1,0.0,0.0,0.0,0.0,0.0,5648000.0
1094,619,2.0,1,0.0,0.0,0.0,0.0,0.0,6245000.0
1026,619,2.0,1,0.0,0.0,0.0,0.0,0.0,5816000.0
1103,619,2.0,1,0.0,0.0,0.0,0.0,0.0,6141000.0
1075,619,2.0,1,0.0,0.0,0.0,0.0,0.0,6003000.0
1073,619,2.0,1,0.0,0.0,0.0,0.0,0.0,5993000.0
1010,619,2.0,1,0.0,0.0,0.0,0.0,0.0,5682000.0
1009,619,2.0,1,0.0,0.0,0.0,0.0,0.0,5678000.0
1124,619,2.0,1,0.0,0.0,0.0,0.0,0.0,6776000.000000001
1133,619,2.0,1,0.0,0.0,0.0,0.0,0.0,6853000.0
1158,389,2.0,1,1.0,1.0,1.0,1.0,0.0,7527000.0
1025,389,2.0,1,1.0,1.0,1.0,1.0,0.0,6662000.0
1594,389,3.0,1,1.0,1.0,1.0,1.0,0.0,10300000.0
1106,395,2.0,1,1.0,1.0,0.0,1.0,0.0,6083000.0
1816,395,3.0,1,1.0,1.0,0.0,1.0,0.0,10200000.0
2096,395,4.0,1,1.0,1.0,0.0,1.0,0.0,11500000.0
1557,395,3.0,1,1.0,1.0,0.0,1.0,0.0,8563000.0
584,395,1.0,1,1.0,1.0,0.0,1.0,0.0,3211999.0
1633,395,3.0,1,1.0,1.0,0.0,1.0,0.0,8981000.0
598,395,1.0,1,1.0,1.0,0.0,1.0,0.0,3289000.0
993,395,2.0,1,1.0,1.0,0.0,1.0,0.0,5461000.0
1640,619,3.0,1,1.0,1.0,1.0,1.0,1.0,7542000.0
917,374,2.0,1,0.0,0.0,0.0,0.0,0.0,5226000.0
1163,374,3.0,1,0.0,0.0,0.0,0.0,0.0,6629000.000000001
979,374,2.0,1,0.0,0.0,0.0,0.0,0.0,5580000.0
929,374,2.0,1,0.0,0.0,0.0,0.0,0.0,5295000.0
906,159,2.0,1,0.0,0.0,0.0,0.0,0.0,5889000.0
942,159,2.0,1,0.0,0.0,0.0,0.0,0.0,6123000.0
1008,159,2.0,1,0.0,0.0,0.0,0.0,0.0,6552000.0
1197,159,3.0,1,0.0,0.0,0.0,0.0,0.0,7780000.0
1013,159,2.0,1,0.0,0.0,0.0,0.0,0.0,6584000.0
1102,159,3.0,1,0.0,0.0,0.0,0.0,0.0,7163000.0
913,159,2.0,1,0.0,0.0,0.0,0.0,0.0,5934000.0
1571,344,3.0,1,1.0,1.0,0.0,1.0,1.0,10200000.0
1141,344,2.0,1,1.0,1.0,0.0,1.0,1.0,7415000.000000001
1040,344,2.0,1,1.0,1.0,0.0,1.0,1.0,6758000.0
1479,344,3.0,1,1.0,1.0,0.0,1.0,1.0,9612000.0
1116,344,2.0,1,1.0,1.0,0.0,1.0,1.0,7252000.0
1158,344,2.0,1,1.0,1.0,0.0,1.0,1.0,7525000.0
1026,344,2.0,1,1.0,1.0,0.0,1.0,1.0,6667000.0
1025,344,2.0,1,1.0,1.0,0.0,1.0,1.0,6661000.0
1594,344,3.0,1,1.0,1.0,0.0,1.0,1.0,10300000.0
1568,344,3.0,1,1.0,1.0,0.0,1.0,1.0,10100000.0
1067,344,2.0,1,1.0,1.0,0.0,1.0,1.0,6934000.0
1515,619,3.0,1,1.0,1.0,1.0,1.0,1.0,6967000.0
1515,619,3.0,1,1.0,1.0,1.0,1.0,1.0,6967000.0
1415,619,2.0,1,1.0,1.0,1.0,1.0,1.0,6506999.0
1415,619,2.0,1,1.0,1.0,1.0,1.0,1.0,6506999.0
541,660,1.0,1,0.0,0.0,0.0,0.0,0.0,2529000.0
544,660,1.0,1,0.0,0.0,0.0,0.0,0.0,2542000.0
742,660,2.0,1,0.0,0.0,0.0,0.0,0.0,3404999.0
740,660,2.0,1,0.0,0.0,0.0,0.0,0.0,3397000.0
540,660,1.0,1,0.0,0.0,0.0,0.0,0.0,2525000.0
739,660,2.0,1,0.0,0.0,0.0,0.0,0.0,3392000.0
586,660,1.0,1,0.0,0.0,0.0,0.0,0.0,2725000.0
724,660,2.0,1,0.0,0.0,0.0,0.0,0.0,3327000.0000000005
583,660,1.0,1,0.0,0.0,0.0,0.0,0.0,2710000.0
550,660,1.0,1,0.0,0.0,0.0,0.0,0.0,2567000.0
745,660,2.0,1,0.0,0.0,0.0,0.0,0.0,3418000.0
582,660,1.0,1,0.0,0.0,0.0,0.0,0.0,2708000.0
546,660,1.0,1,0.0,0.0,0.0,0.0,0.0,2550000.0
747,660,2.0,1,0.0,0.0,0.0,0.0,0.0,3427000.0000000005
572,468,2.0,1,0.0,0.0,0.0,1.0,0.0,2259000.0
510,468,1.0,1,0.0,0.0,0.0,1.0,0.0,2014000.0
702,468,2.0,1,0.0,0.0,0.0,1.0,0.0,2772000.0
806,468,2.0,1,0.0,0.0,0.0,1.0,0.0,3183000.0
706,468,2.0,1,0.0,0.0,0.0,1.0,0.0,2788000.0
507,468,1.0,1,0.0,0.0,0.0,1.0,0.0,2002000.0
701,468,2.0,1,0.0,0.0,0.0,1.0,0.0,2768000.0
700,468,2.0,1,0.0,0.0,0.0,1.0,0.0,2765000.0
821,468,2.0,1,0.0,0.0,0.0,1.0,0.0,3242000.0
622,468,2.0,1,0.0,0.0,0.0,1.0,0.0,2456000.0
620,468,2.0,1,0.0,0.0,0.0,1.0,0.0,2449000.0
619,468,2.0,1,0.0,0.0,0.0,1.0,0.0,2445000.0
627,468,2.0,1,0.0,0.0,0.0,1.0,0.0,2476000.0
522,468,1.0,1,0.0,0.0,0.0,1.0,0.0,2061000.0
614,468,2.0,1,0.0,0.0,0.0,1.0,0.0,2425000.0
810,468,2.0,1,0.0,0.0,0.0,1.0,0.0,3199000.0
519,468,1.0,1,0.0,0.0,0.0,1.0,0.0,2050000.0
618,468,2.0,1,0.0,0.0,0.0,1.0,0.0,2441000.0
952,159,2.0,1,0.0,0.0,0.0,0.0,0.0,5712000.0
796,159,2.0,1,0.0,0.0,0.0,0.0,0.0,4776000.0
1270,159,3.0,1,0.0,0.0,0.0,0.0,0.0,7620000.0
930,159,2.0,1,0.0,0.0,0.0,0.0,0.0,5580000.0
897,159,2.0,1,0.0,0.0,0.0,0.0,0.0,5382000.0
1846,389,3.0,1,0.0,1.0,0.0,0.0,0.0,13300000.0
1306,389,2.0,1,0.0,1.0,0.0,0.0,0.0,9500000.0
1850,389,3.0,1,0.0,1.0,0.0,0.0,0.0,13700000.0
1092,359,2.0,1,0.0,0.0,0.0,1.0,0.0,6333000.0
701,359,2.0,1,0.0,0.0,0.0,1.0,0.0,4065999.0
778,359,2.0,1,0.0,0.0,0.0,1.0,0.0,4513000.0
638,476,1.0,1,0.0,0.0,0.0,0.0,0.0,2743000.0
550,394,1.0,1,0.0,0.0,0.0,0.0,0.0,2089999.0
2684,520,4.0,1,0.0,1.0,0.0,1.0,1.0,33500000.0
1733,520,3.0,1,0.0,1.0,0.0,1.0,1.0,21600000.0
677,44,2.0,1,1.0,0.0,1.0,1.0,0.0,2499000.0
589,454,1.0,1,0.0,0.0,0.0,0.0,0.0,2827000.0
976,454,2.0,1,0.0,0.0,0.0,0.0,0.0,4684000.0
876,454,2.0,1,0.0,0.0,0.0,0.0,0.0,4204000.0
1231,454,3.0,1,0.0,0.0,0.0,0.0,0.0,5908000.0
677,44,2.0,1,1.0,0.0,1.0,1.0,0.0,2500000.0
677,44,2.0,1,1.0,0.0,1.0,1.0,0.0,2750000.0
884,343,2.0,1,0.0,0.0,0.0,1.0,0.0,4684000.0
914,343,2.0,1,0.0,0.0,0.0,1.0,0.0,4843000.0
830,343,2.0,1,0.0,0.0,0.0,1.0,0.0,4398000.0
850,476,2.0,1,0.0,0.0,0.0,0.0,0.0,3442000.0
850,476,2.0,1,0.0,0.0,0.0,0.0,0.0,3442000.0
900,476,2.0,1,0.0,0.0,0.0,0.0,0.0,3554999.0
900,476,2.0,1,0.0,0.0,0.0,0.0,0.0,3554999.0
900,476,2.0,1,0.0,0.0,0.0,0.0,0.0,3554999.0
850,476,2.0,1,0.0,0.0,0.0,0.0,0.0,3442000.0
930,476,2.0,1,0.0,0.0,0.0,0.0,0.0,3627000.0000000005
930,476,2.0,1,0.0,0.0,0.0,0.0,0.0,3627000.0000000005
750,454,2.0,1,0.0,0.0,0.0,0.0,0.0,3675000.0
1070,454,2.0,1,0.0,0.0,0.0,0.0,0.0,5243000.0
951,706,2.0,1,0.0,0.0,0.0,0.0,0.0,6181000.0
486,706,1.0,1,0.0,0.0,0.0,0.0,0.0,3159000.0
922,706,2.0,1,0.0,0.0,0.0,0.0,0.0,5993000.0
1251,706,3.0,1,0.0,0.0,0.0,0.0,0.0,8131000.0
1070,706,2.0,1,0.0,0.0,0.0,0.0,0.0,6955000.0
1001,451,2.0,1,0.0,0.0,0.0,0.0,0.0,5205000.0
1050,451,2.0,1,0.0,0.0,0.0,0.0,0.0,5460000.0
888,451,2.0,1,0.0,0.0,0.0,0.0,0.0,4617000.0
1200,451,3.0,1,0.0,0.0,0.0,0.0,0.0,6240000.0
1000,15,2.0,1,0.0,0.0,0.0,1.0,0.0,11500000.0
1000,4,2.0,1,0.0,0.0,0.0,1.0,0.0,8000000.0
725,454,2.0,1,0.0,0.0,0.0,1.0,0.0,3479999.0
806,454,2.0,1,0.0,0.0,0.0,1.0,0.0,3868000.0
756,454,2.0,1,0.0,0.0,0.0,1.0,0.0,3628000.0
766,454,2.0,1,0.0,0.0,0.0,1.0,0.0,3676000.0
1000,337,2.0,1,1.0,0.0,0.0,1.0,0.0,5000000.0
1003,337,2.0,1,1.0,0.0,0.0,1.0,0.0,5015000.0
1161,337,3.0,1,1.0,0.0,0.0,1.0,0.0,5805000.0
898,337,2.0,1,1.0,0.0,0.0,1.0,0.0,4490000.0
815,469,2.0,1,0.0,0.0,0.0,0.0,0.0,5599000.0
1250,35,3.0,1,0.0,0.0,0.0,1.0,0.0,17400000.0
570,655,2.0,1,1.0,1.0,0.0,1.0,1.0,2500000.0
570,655,1.0,1,1.0,1.0,0.0,1.0,1.0,2475000.0
575,655,1.0,1,1.0,1.0,0.0,1.0,1.0,2480000.0
1020,344,2.0,1,0.0,1.0,0.0,1.0,0.0,5300000.0
677,44,2.0,1,1.0,0.0,1.0,1.0,0.0,2520000.0
677,44,1.0,1,1.0,0.0,1.0,1.0,0.0,2675000.0
677,44,2.0,1,1.0,0.0,1.0,1.0,0.0,2475000.0
900,669,2.0,1,1.0,0.0,0.0,0.0,0.0,3443000.0
552,669,1.0,1,1.0,0.0,0.0,0.0,0.0,2003000.0
881,295,2.0,1,1.0,0.0,1.0,0.0,0.0,3347000.0
700,669,2.0,1,1.0,0.0,0.0,0.0,0.0,2731000.0
892,44,2.0,1,0.0,0.0,0.0,0.0,0.0,3700000.0
840,736,2.0,1,0.0,0.0,0.0,1.0,0.0,5000000.0
900,469,2.0,1,0.0,0.0,0.0,0.0,0.0,12000000.0
1200,469,3.0,1,0.0,0.0,0.0,0.0,0.0,10000000.0
1500,194,3.0,1,1.0,0.0,1.0,1.0,0.0,8500000.0
1100,344,2.0,1,0.0,1.0,0.0,1.0,0.0,5750000.0
1045,344,2.0,1,0.0,1.0,0.0,1.0,0.0,5350000.0
677,44,2.0,1,1.0,0.0,1.0,1.0,0.0,2475000.0
677,44,2.0,1,1.0,0.0,1.0,1.0,0.0,2480000.0
677,44,2.0,1,1.0,0.0,1.0,1.0,0.0,2495000.0
1054,44,2.0,1,0.0,0.0,0.0,0.0,0.0,4200000.0
1055,44,2.0,1,0.0,0.0,0.0,0.0,0.0,4230000.0
677,44,2.0,1,1.0,0.0,1.0,1.0,0.0,2500000.0
677,44,2.0,1,1.0,0.0,1.0,1.0,0.0,2475000.0
677,44,2.0,1,1.0,0.0,1.0,1.0,0.0,2475000.0
677,44,2.0,1,1.0,0.0,1.0,1.0,0.0,2480000.0
677,44,2.0,1,1.0,0.0,1.0,1.0,0.0,2495000.0
1054,44,2.0,1,0.0,0.0,0.0,0.0,0.0,4200000.0
1055,44,2.0,1,0.0,0.0,0.0,0.0,0.0,4230000.0
574,44,1.0,1,0.0,0.0,0.0,0.0,0.0,2295000.0
892,44,2.0,1,0.0,0.0,0.0,0.0,0.0,3701000.0
677,44,2.0,1,1.0,0.0,1.0,1.0,0.0,2525000.0
570,44,1.0,1,0.0,1.0,1.0,1.0,1.0,2450000.0
570,44,1.0,1,0.0,1.0,1.0,1.0,1.0,2460000.0
1100,655,1.0,1,1.0,1.0,0.0,1.0,1.0,4300000.0
915,655,1.0,1,1.0,1.0,0.0,1.0,1.0,4200000.0
1000,655,1.0,1,1.0,1.0,0.0,1.0,1.0,4250000.0
1200,655,1.0,1,1.0,1.0,0.0,1.0,1.0,4350000.0
570,655,1.0,1,1.0,1.0,0.0,1.0,1.0,2400000.0
550,655,1.0,1,1.0,1.0,0.0,1.0,1.0,2450000.0
570,655,1.0,1,1.0,1.0,0.0,1.0,1.0,2490000.0
550,655,1.0,1,1.0,1.0,0.0,1.0,1.0,2400000.0
570,655,1.0,1,1.0,1.0,0.0,1.0,1.0,2485000.0
570,655,1.0,1,1.0,1.0,0.0,1.0,1.0,2475000.0
570,655,1.0,1,1.0,1.0,0.0,1.0,1.0,2500000.0
575,655,1.0,1,1.0,1.0,0.0,1.0,1.0,2475000.0
677,44,1.0,1,1.0,0.0,1.0,1.0,0.0,2700000.0
570,655,1.0,1,1.0,1.0,0.0,1.0,1.0,2500000.0
570,655,1.0,1,1.0,1.0,0.0,1.0,1.0,2475000.0
570,655,1.0,1,1.0,1.0,0.0,1.0,1.0,2475000.0
677,44,2.0,1,1.0,0.0,1.0,1.0,0.0,2650000.0
677,44,2.0,1,1.0,0.0,1.0,1.0,0.0,2675000.0
1077,425,2.0,1,0.0,0.0,1.0,0.0,0.0,4841000.0
1043,425,2.0,1,0.0,0.0,1.0,0.0,0.0,4688000.0
1347,425,3.0,1,0.0,0.0,1.0,0.0,0.0,6054000.0
1281,425,3.0,1,0.0,0.0,1.0,0.0,0.0,5758000.0
1321,425,3.0,1,0.0,0.0,1.0,0.0,0.0,5937000.0
1361,425,3.0,1,0.0,0.0,1.0,0.0,0.0,6117000.0
1294,425,3.0,1,0.0,0.0,1.0,0.0,0.0,5816000.0
1091,425,2.0,1,0.0,0.0,1.0,0.0,0.0,4904000.0
1038,425,2.0,1,0.0,0.0,1.0,0.0,0.0,4665000.0
997,425,2.0,1,0.0,0.0,1.0,0.0,0.0,4481000.0
994,309,2.0,1,0.0,0.0,0.0,1.0,1.0,6461000.0
984,309,2.0,1,0.0,0.0,0.0,1.0,1.0,6396000.0
994,309,2.0,1,0.0,0.0,0.0,1.0,1.0,6461000.0
1031,309,2.0,1,0.0,0.0,0.0,1.0,1.0,6636000.0
963,309,2.0,1,0.0,0.0,0.0,1.0,1.0,6259000.0
963,309,2.0,1,0.0,0.0,0.0,1.0,1.0,6259000.0
984,309,2.0,1,0.0,0.0,0.0,1.0,1.0,6396000.0
983,309,2.0,1,0.0,0.0,0.0,1.0,1.0,6389000.0
984,32,2.0,1,0.0,0.0,0.0,1.0,1.0,6396000.0
840,736,2.0,1,0.0,0.0,0.0,1.0,0.0,5400000.0
840,736,2.0,1,0.0,0.0,0.0,1.0,0.0,5050000.0
550,124,1.0,1,0.0,0.0,0.0,0.0,0.0,3800000.0
804,454,2.0,1,0.0,0.0,0.0,0.0,0.0,4020000.0000000005
950,454,3.0,1,0.0,0.0,0.0,0.0,0.0,4750000.0
891,454,2.0,1,0.0,0.0,0.0,0.0,0.0,4455000.0
604,454,1.0,1,0.0,0.0,0.0,0.0,0.0,3020000.0
857,454,2.0,1,0.0,0.0,0.0,0.0,0.0,4285000.0
773,454,2.0,1,0.0,0.0,0.0,0.0,0.0,3865000.0
1005,454,3.0,1,0.0,0.0,0.0,0.0,0.0,5025000.0
850,454,2.0,1,0.0,0.0,0.0,0.0,0.0,4250000.0
845,736,2.0,1,0.0,0.0,0.0,0.0,0.0,5070000.0
975,736,2.0,1,0.0,0.0,0.0,1.0,0.0,5850000.0
550,223,1.0,1,0.0,0.0,0.0,1.0,0.0,3000000.0
900,476,2.0,1,0.0,0.0,0.0,0.0,0.0,3510000.0
930,476,2.0,1,0.0,0.0,0.0,0.0,0.0,3627000.0000000005
900,476,2.0,1,0.0,0.0,0.0,0.0,0.0,3510000.0
550,223,1.0,1,0.0,0.0,0.0,0.0,0.0,2750000.0
550,736,1.0,1,0.0,0.0,0.0,0.0,0.0,2850000.0
900,124,2.0,1,0.0,0.0,0.0,0.0,0.0,6600000.0
1069,32,2.0,1,0.0,0.0,0.0,1.0,1.0,6948000.0
994,32,2.0,1,0.0,0.0,0.0,1.0,1.0,6461000.0
983,32,2.0,1,0.0,0.0,0.0,1.0,1.0,6389000.0
984,32,2.0,1,0.0,0.0,0.0,1.0,1.0,6396000.0
994,32,2.0,1,0.0,0.0,0.0,1.0,1.0,6461000.0
994,32,2.0,1,0.0,0.0,0.0,1.0,1.0,6461000.0
994,32,2.0,1,0.0,0.0,0.0,1.0,1.0,6461000.0
983,32,2.0,1,0.0,0.0,0.0,1.0,1.0,6389000.0
983,35,2.0,1,0.0,0.0,0.0,1.0,1.0,6389000.0
984,32,2.0,1,0.0,0.0,0.0,1.0,1.0,6396000.0
994,32,2.0,1,0.0,0.0,0.0,1.0,1.0,6461000.0
1062,280,3.0,1,1.0,1.0,1.0,1.0,1.0,3400000.0
880,736,2.0,1,0.0,0.0,0.0,0.0,0.0,4831000.0
1469,296,3.0,1,0.0,0.0,1.0,1.0,0.0,9548000.0
984,296,2.0,1,0.0,0.0,1.0,1.0,0.0,6396000.0
1409,296,3.0,1,0.0,0.0,1.0,1.0,0.0,9158000.0
983,296,2.0,1,0.0,0.0,1.0,1.0,0.0,6389000.0
1051,296,2.0,1,0.0,0.0,1.0,1.0,0.0,6831000.0
1021,296,2.0,1,0.0,0.0,1.0,1.0,0.0,6636000.0
994,296,2.0,1,0.0,0.0,1.0,1.0,0.0,6461000.0
1010,296,2.0,1,0.0,0.0,1.0,1.0,0.0,6565000.000000001
1265,296,3.0,1,0.0,0.0,1.0,1.0,0.0,8222000.0
1069,296,2.0,1,0.0,0.0,1.0,1.0,0.0,6948000.0
963,296,2.0,1,0.0,0.0,1.0,1.0,0.0,6259000.0
897,736,2.0,1,0.0,0.0,0.0,0.0,0.0,3229000.0
900,653,2.0,1,0.0,0.0,0.0,0.0,0.0,4000000.0
1265,309,3.0,1,0.0,0.0,0.0,1.0,1.0,8222000.0
983,309,2.0,1,0.0,0.0,0.0,1.0,1.0,6389000.0
984,309,2.0,1,0.0,0.0,0.0,1.0,1.0,6396000.0
1069,309,2.0,1,0.0,0.0,0.0,1.0,1.0,6948000.0
1409,309,3.0,1,0.0,0.0,0.0,1.0,1.0,9158000.0
984,309,2.0,1,0.0,0.0,0.0,1.0,1.0,6396000.0
983,309,2.0,1,0.0,0.0,0.0,1.0,1.0,6389000.0
1469,309,3.0,1,0.0,0.0,0.0,1.0,1.0,9548000.0
983,309,2.0,1,0.0,0.0,0.0,1.0,1.0,6389000.0
984,309,2.0,1,0.0,0.0,0.0,1.0,1.0,6396000.0
1469,309,3.0,1,0.0,0.0,0.0,1.0,1.0,9548000.0
1010,309,2.0,1,0.0,0.0,0.0,1.0,1.0,6565000.000000001
1409,309,3.0,1,0.0,0.0,0.0,1.0,1.0,9158000.0
963,309,2.0,1,0.0,0.0,0.0,1.0,1.0,6259000.0
1021,309,2.0,1,0.0,0.0,0.0,1.0,1.0,6636000.0
994,309,2.0,1,0.0,0.0,0.0,1.0,1.0,6461000.0
1409,309,3.0,1,0.0,0.0,0.0,1.0,1.0,9158000.0
1469,309,3.0,1,0.0,0.0,0.0,1.0,1.0,9548000.0
1265,309,3.0,1,0.0,0.0,0.0,1.0,1.0,8222000.0
1409,309,3.0,1,0.0,0.0,0.0,1.0,1.0,9158000.0
1469,309,3.0,1,0.0,0.0,0.0,1.0,1.0,9548000.0
1265,309,3.0,1,0.0,0.0,0.0,1.0,1.0,8222000.0
1085,687,2.0,1,0.0,0.0,0.0,0.0,0.0,7052000.0
1971,623,3.0,1,1.0,1.0,1.0,1.0,1.0,8353000.0
1595,623,3.0,1,1.0,1.0,1.0,1.0,1.0,7252000.0
1827,657,4.0,1,0.0,0.0,1.0,0.0,0.0,11399999.0
1286,657,2.0,1,0.0,0.0,1.0,0.0,0.0,8037000.0
1421,657,2.0,1,0.0,0.0,1.0,0.0,0.0,8881000.0
1593,657,3.0,1,0.0,0.0,1.0,0.0,0.0,9956000.0
1528,657,3.0,1,0.0,0.0,1.0,0.0,0.0,9550000.0
1951,619,4.0,1,0.0,0.0,1.0,1.0,0.0,9387000.0
1951,619,4.0,1,0.0,0.0,0.0,1.0,0.0,9400000.0
1191,47,3.0,1,0.0,0.0,0.0,0.0,0.0,6500000.0
591,465,1.0,1,1.0,1.0,0.0,0.0,0.0,3581000.0
1180,465,3.0,1,1.0,1.0,0.0,0.0,0.0,7150000.0
956,465,2.0,1,1.0,1.0,0.0,0.0,0.0,5793000.0
657,465,2.0,1,1.0,1.0,0.0,0.0,0.0,3981000.0
591,465,1.0,1,1.0,1.0,0.0,0.0,0.0,3581000.0
1180,465,3.0,1,1.0,1.0,0.0,0.0,0.0,7150000.0
956,465,2.0,1,1.0,1.0,0.0,0.0,0.0,5793000.0
657,465,2.0,1,1.0,1.0,0.0,0.0,0.0,3981000.0
1225,623,3.0,1,1.0,1.0,1.0,0.0,0.0,4165000.0
1225,623,3.0,1,1.0,1.0,1.0,0.0,0.0,4165000.0
977,623,2.0,1,1.0,1.0,1.0,0.0,0.0,3321000.0
977,623,2.0,1,1.0,1.0,1.0,0.0,0.0,3321000.0
900,124,2.0,1,1.0,0.0,0.0,1.0,0.0,6948999.000000001
895,124,2.0,1,1.0,0.0,0.0,1.0,0.0,6912000.0
875,124,2.0,1,1.0,0.0,0.0,1.0,0.0,6765000.000000001
932,619,2.0,1,0.0,0.0,1.0,1.0,0.0,4939000.0
1671,657,3.0,1,0.0,0.0,1.0,1.0,0.0,10800000.0
1286,657,2.0,1,0.0,0.0,1.0,1.0,0.0,8494000.0
1528,657,3.0,1,0.0,0.0,1.0,1.0,0.0,10100000.0
645,44,2.0,1,0.0,1.0,1.0,1.0,1.0,2724000.0
1278,280,2.0,1,0.0,1.0,0.0,1.0,1.0,4599000.0
1705,280,3.0,1,0.0,1.0,0.0,1.0,1.0,6136000.0
1221,280,2.0,1,0.0,1.0,0.0,1.0,1.0,4394000.0
1586,280,3.0,1,0.0,1.0,0.0,1.0,1.0,5708000.0
1723,280,3.0,1,0.0,1.0,0.0,1.0,1.0,6201000.0
1529,280,3.0,1,0.0,1.0,0.0,1.0,1.0,5502000.0
1237,280,2.0,1,0.0,1.0,0.0,1.0,1.0,4451000.0
1666,280,3.0,1,0.0,1.0,0.0,1.0,1.0,5995000.0
1546,657,3.0,1,0.0,0.0,1.0,0.0,0.0,9662000.0
1452,657,2.0,1,0.0,0.0,1.0,0.0,0.0,9075000.0
1550,657,3.0,1,0.0,0.0,1.0,0.0,0.0,9687000.0
1444,343,3.0,1,0.0,1.0,1.0,0.0,0.0,9500000.0
1444,343,3.0,1,0.0,1.0,1.0,0.0,0.0,9500000.0
1541,343,3.0,1,0.0,1.0,1.0,0.0,0.0,10100000.0
1541,343,3.0,1,0.0,1.0,1.0,0.0,0.0,10100000.0
1395,343,3.0,1,0.0,1.0,1.0,0.0,0.0,9200000.0
1395,343,3.0,1,0.0,1.0,1.0,0.0,0.0,9200000.0
2500,117,3.0,1,0.0,1.0,0.0,1.0,0.0,47500000.0
1500,117,3.0,1,0.0,1.0,0.0,1.0,0.0,21000000.0
2102,288,3.0,1,0.0,0.0,0.0,1.0,0.0,29400000.0
2062,32,3.0,1,1.0,1.0,1.0,1.0,1.0,22000000.0
2458,117,3.0,1,0.0,0.0,0.0,1.0,0.0,33600000.0
2062,32,3.0,1,1.0,1.0,1.0,1.0,1.0,22000000.0
2042,288,3.0,1,0.0,0.0,0.0,1.0,0.0,28500000.0
2062,32,3.0,1,1.0,1.0,1.0,1.0,1.0,21000000.0
1555,32,2.0,1,1.0,1.0,1.0,1.0,1.0,15500000.0
1191,47,3.0,1,0.0,0.0,0.0,0.0,0.0,6400000.0
2500,494,3.0,1,0.0,1.0,1.0,1.0,0.0,37500000.0
3150,494,4.0,1,0.0,0.0,0.0,0.0,0.0,65000000.0
3150,494,4.0,1,0.0,0.0,0.0,1.0,0.0,65000000.0
540,736,1.0,1,0.0,0.0,0.0,0.0,0.0,2979000.0
525,736,1.0,1,0.0,0.0,0.0,0.0,0.0,2950000.0
1970,163,3.0,1,0.0,1.0,0.0,1.0,1.0,28000000.0
550,736,1.0,1,0.0,0.0,0.0,0.0,0.0,3011000.0
975,736,2.0,1,0.0,0.0,0.0,0.0,0.0,7500000.0
3405,288,4.0,1,0.0,1.0,0.0,1.0,1.0,45000000.0
3050,15,3.0,1,0.0,0.0,0.0,1.0,0.0,54900000.0
2781,494,4.0,1,0.0,1.0,0.0,1.0,0.0,55599999.0
2348,494,3.0,1,0.0,1.0,0.0,1.0,0.0,46900000.0
2316,15,3.0,1,0.0,0.0,0.0,0.0,0.0,32500000.0
945,477,2.0,1,0.0,0.0,0.0,1.0,0.0,4063000.0000000005
765,477,1.0,1,0.0,0.0,0.0,1.0,0.0,3365000.0
765,477,1.0,1,0.0,0.0,0.0,1.0,0.0,3289000.0
725,477,1.0,1,0.0,0.0,0.0,1.0,0.0,3117000.0
2902,436,3.0,1,1.0,0.0,0.0,0.0,0.0,59000000.0
2902,436,3.0,1,1.0,0.0,0.0,1.0,0.0,59000000.0
1330,47,3.0,1,0.0,0.0,0.0,0.0,0.0,7200000.0
1183,47,3.0,1,0.0,0.0,0.0,0.0,0.0,6400000.0
697,47,3.0,1,0.0,0.0,0.0,0.0,0.0,6600000.0
740,466,2.0,1,0.0,0.0,0.0,0.0,0.0,3931000.0
900,466,2.0,1,0.0,0.0,0.0,0.0,0.0,4730000.0
1060,466,3.0,1,0.0,0.0,0.0,0.0,0.0,5529000.0
700,466,2.0,1,0.0,0.0,0.0,0.0,0.0,3732000.0
760,466,2.0,1,0.0,0.0,0.0,0.0,0.0,4033000.0
740,466,2.0,1,0.0,0.0,0.0,0.0,0.0,3931000.0
500,295,1.0,1,0.0,0.0,0.0,0.0,0.0,2535000.0
600,295,1.0,1,0.0,0.0,0.0,1.0,0.0,3264000.0
640,295,1.0,1,0.0,0.0,0.0,0.0,0.0,3347000.0
720,295,2.0,1,0.0,0.0,0.0,0.0,0.0,3972999.0
590,295,2.0,1,0.0,0.0,0.0,0.0,0.0,2982000.0
700,295,2.0,1,0.0,0.0,0.0,0.0,0.0,3869000.0
500,295,1.0,1,0.0,0.0,0.0,0.0,0.0,2535000.0
1090,295,2.0,1,0.0,0.0,0.0,0.0,0.0,5862000.0
590,295,2.0,1,0.0,0.0,0.0,0.0,0.0,2982000.0
700,466,2.0,1,0.0,0.0,0.0,0.0,0.0,3732000.0
760,466,2.0,1,0.0,0.0,0.0,0.0,0.0,4033000.0
740,466,2.0,1,0.0,0.0,0.0,0.0,0.0,3931000.0
600,295,1.0,1,0.0,0.0,0.0,1.0,0.0,3264000.0
1198,469,2.0,1,1.0,0.0,0.0,1.0,0.0,7367000.0
1938,654,3.0,1,1.0,1.0,1.0,1.0,1.0,24200000.0
1100,657,2.0,1,0.0,1.0,0.0,0.0,1.0,6589000.0
2610,494,3.0,1,1.0,1.0,1.0,0.0,1.0,56100000.0
2450,494,3.0,1,1.0,1.0,1.0,0.0,1.0,52600000.0
3225,494,4.0,1,1.0,1.0,1.0,0.0,1.0,75700000.0
2255,494,3.0,1,1.0,1.0,1.0,0.0,1.0,48400000.0
3810,494,4.0,1,1.0,1.0,1.0,0.0,1.0,104700000.0
2400,494,3.0,1,1.0,1.0,1.0,0.0,1.0,51600000.0
2200,494,3.0,1,1.0,1.0,1.0,0.0,1.0,47300000.0
1307,270,3.0,1,1.0,1.0,1.0,0.0,1.0,8792000.0
1314,270,3.0,1,1.0,1.0,1.0,0.0,1.0,8836000.0
1027,270,2.0,1,1.0,1.0,1.0,0.0,1.0,6995999.000000001
1358,270,3.0,1,1.0,1.0,1.0,0.0,1.0,9119000.0
1024,270,2.0,1,1.0,1.0,1.0,0.0,1.0,6977000.0
2686,270,4.0,1,1.0,1.0,1.0,0.0,1.0,19000000.0
1561,270,3.0,1,1.0,1.0,1.0,0.0,1.0,10400000.0
1296,270,3.0,1,1.0,1.0,1.0,0.0,1.0,8721000.0
1566,270,3.0,1,1.0,1.0,1.0,0.0,1.0,10400000.0
1829,270,3.0,1,1.0,1.0,1.0,0.0,1.0,13200000.0
1564,270,3.0,1,1.0,1.0,1.0,0.0,1.0,10400000.0
1348,270,3.0,1,1.0,1.0,1.0,0.0,1.0,9055000.0
1944,270,3.0,1,1.0,1.0,1.0,0.0,1.0,13799999.0
2630,270,4.0,1,1.0,1.0,1.0,0.0,1.0,18600000.0
2616,270,4.0,1,1.0,1.0,1.0,0.0,1.0,18500000.0
1599,270,3.0,1,1.0,1.0,1.0,0.0,1.0,10600000.0
1173,469,2.0,1,1.0,0.0,0.0,1.0,0.0,7213000.0
1584,469,3.0,1,1.0,0.0,0.0,1.0,0.0,9741000.0
1970,654,3.0,1,1.0,1.0,1.0,1.0,1.0,24600000.0
1871,654,3.0,1,1.0,1.0,1.0,1.0,1.0,23300000.0
1431,654,2.0,1,1.0,1.0,1.0,1.0,1.0,17800000.0
1831,654,3.0,1,1.0,1.0,1.0,1.0,1.0,22799999.0
2394,674,4.0,1,0.0,1.0,0.0,1.0,1.0,25299999.0
1517,674,3.0,1,0.0,1.0,0.0,1.0,1.0,16000000.0
1516,674,3.0,1,0.0,1.0,0.0,1.0,1.0,16000000.0
1685,674,3.0,1,0.0,1.0,0.0,1.0,1.0,17800000.0
1954,674,3.0,1,0.0,1.0,0.0,1.0,1.0,20700000.0
1888,674,3.0,1,0.0,1.0,0.0,1.0,1.0,20000000.0
1695,674,3.0,1,0.0,1.0,0.0,1.0,1.0,17900000.0
1496,674,3.0,1,0.0,1.0,0.0,1.0,1.0,15800000.0
1891,674,3.0,1,0.0,1.0,0.0,1.0,1.0,20000000.0
1495,674,3.0,1,0.0,1.0,0.0,1.0,1.0,15800000.0
1474,674,3.0,1,0.0,1.0,0.0,1.0,1.0,15600000.0
1611,674,3.0,1,0.0,1.0,0.0,1.0,1.0,17000000.0
1610,674,3.0,1,0.0,1.0,0.0,1.0,1.0,17000000.0
1923,674,3.0,1,0.0,1.0,0.0,1.0,1.0,20299999.0
1925,674,3.0,1,0.0,1.0,0.0,1.0,1.0,20400000.0
2350,674,4.0,1,0.0,1.0,0.0,1.0,1.0,24900000.0
915,706,2.0,1,1.0,0.0,1.0,0.0,0.0,3202000.0000000005
915,706,2.0,1,1.0,0.0,1.0,1.0,0.0,3202000.0000000005
915,706,2.0,1,1.0,0.0,1.0,1.0,0.0,3202000.0000000005
1018,9,2.0,1,0.0,1.0,1.0,1.0,1.0,8900000.0
913,315,2.0,1,1.0,1.0,1.0,1.0,1.0,5400000.0
994,280,2.0,1,0.0,1.0,0.0,1.0,1.0,5100000.0
734,657,2.0,1,1.0,1.0,1.0,0.0,0.0,6500000.0
915,706,2.0,1,1.0,0.0,1.0,1.0,0.0,3202000.0000000005
965,604,2.0,1,0.0,0.0,0.0,1.0,0.0,3377000.0000000005
1110,706,2.0,1,1.0,0.0,1.0,1.0,0.0,3885000.0
1062,679,2.0,1,0.0,0.0,0.0,1.0,0.0,4000000.0
1062,679,2.0,1,0.0,0.0,0.0,0.0,0.0,4000000.0
1062,679,2.0,1,0.0,0.0,0.0,1.0,0.0,4000000.0
1062,679,2.0,1,0.0,0.0,0.0,0.0,0.0,4000000.0
1062,679,2.0,1,0.0,0.0,0.0,1.0,0.0,4000000.0
1062,679,2.0,1,0.0,0.0,0.0,0.0,0.0,4000000.0
1062,679,2.0,1,0.0,0.0,0.0,1.0,0.0,4000000.0
852,479,2.0,1,1.0,0.0,0.0,0.0,0.0,3322000.0
786,479,2.0,1,1.0,0.0,0.0,0.0,0.0,3065000.0
720,479,2.0,1,1.0,0.0,0.0,0.0,0.0,2808000.0
840,479,2.0,1,1.0,0.0,0.0,0.0,0.0,3276000.0
746,479,2.0,1,1.0,0.0,0.0,0.0,0.0,2909000.0
782,479,2.0,1,1.0,0.0,0.0,0.0,0.0,3049000.0
733,479,2.0,1,1.0,0.0,0.0,0.0,0.0,2858000.0
1565,296,2.0,1,1.0,1.0,1.0,1.0,1.0,8216000.0
1277,296,2.0,1,1.0,1.0,1.0,1.0,1.0,6704000.000000001
1767,296,3.0,1,1.0,1.0,1.0,1.0,1.0,9276000.0
1938,296,3.0,1,1.0,1.0,1.0,1.0,1.0,10100000.0
2627,296,3.0,1,1.0,1.0,1.0,1.0,1.0,13700000.0
3234,296,3.0,1,1.0,1.0,1.0,1.0,1.0,16900000.0
2020,296,3.0,1,1.0,1.0,1.0,1.0,1.0,10600000.0
1355,296,2.0,1,1.0,1.0,1.0,1.0,1.0,7113000.0
1639,296,2.0,1,1.0,1.0,1.0,1.0,1.0,8604000.0
1859,296,3.0,1,1.0,1.0,1.0,1.0,1.0,9759000.0
1758,296,3.0,1,1.0,1.0,1.0,1.0,1.0,9229000.0
1506,343,3.0,1,1.0,0.0,1.0,1.0,1.0,12100000.0
1444,343,3.0,1,1.0,0.0,1.0,1.0,1.0,11600000.0
1282,343,3.0,1,1.0,0.0,1.0,1.0,1.0,10200000.0
1215,343,2.0,1,1.0,0.0,1.0,1.0,1.0,9742000.0
1464,343,3.0,1,1.0,0.0,1.0,1.0,1.0,11700000.0
965,343,2.0,1,1.0,0.0,1.0,1.0,1.0,7867000.0
1100,343,2.0,1,1.0,0.0,1.0,1.0,1.0,8767000.0
1068,343,2.0,1,1.0,0.0,1.0,1.0,1.0,8589000.0
1975,6,3.0,1,0.0,1.0,0.0,1.0,1.0,30000000.0
1975,654,3.0,1,0.0,1.0,0.0,1.0,1.0,30000000.0
1024,344,2.0,1,0.0,1.0,0.0,1.0,1.0,6500000.0
592,677,1.0,1,0.0,1.0,0.0,1.0,1.0,4000000.0
1076,451,2.0,1,0.0,1.0,0.0,1.0,1.0,9000000.0
1060,679,2.0,1,0.0,0.0,0.0,0.0,0.0,4000000.0
1276,339,2.0,1,0.0,1.0,0.0,1.0,1.0,7500000.0
984,296,2.0,1,0.0,0.0,1.0,1.0,1.0,6396000.0
983,296,2.0,1,0.0,0.0,1.0,1.0,1.0,6389000.0
983,32,2.0,1,0.0,0.0,0.0,1.0,1.0,6389000.0
1051,32,2.0,1,0.0,0.0,0.0,1.0,1.0,6831000.0
994,296,2.0,1,0.0,0.0,1.0,1.0,1.0,6461000.0
1021,32,2.0,1,0.0,0.0,0.0,1.0,1.0,6636000.0
963,32,2.0,1,0.0,0.0,0.0,1.0,1.0,6259000.0
983,32,2.0,1,0.0,0.0,0.0,1.0,1.0,6389000.0
1010,32,2.0,1,0.0,0.0,0.0,1.0,1.0,6565000.000000001
1069,309,2.0,1,0.0,0.0,0.0,1.0,1.0,6948000.0
994,296,2.0,1,0.0,0.0,1.0,1.0,1.0,6461000.0
984,296,2.0,1,0.0,0.0,1.0,1.0,1.0,6396000.0
1021,32,2.0,1,0.0,0.0,0.0,1.0,1.0,6636000.0
994,309,2.0,1,0.0,0.0,0.0,1.0,1.0,6461000.0
983,296,2.0,1,0.0,0.0,1.0,1.0,1.0,6389000.0
1321,309,2.0,1,0.0,1.0,1.0,1.0,1.0,7569000.0
639,44,2.0,1,0.0,1.0,0.0,1.0,1.0,2725000.0
645,44,2.0,1,0.0,1.0,0.0,1.0,1.0,2725000.0
750,638,2.0,1,0.0,0.0,0.0,0.0,0.0,3500000.0
984,656,2.0,1,0.0,1.0,0.0,1.0,1.0,7600000.0
1128,360,3.0,1,0.0,0.0,0.0,0.0,0.0,5978000.0
1123,664,3.0,1,0.0,0.0,0.0,0.0,0.0,5900000.0
880,314,2.0,1,0.0,0.0,0.0,0.0,0.0,4600000.0
1080,314,3.0,1,0.0,0.0,0.0,0.0,0.0,5700000.0
1080,314,3.0,1,0.0,0.0,0.0,0.0,0.0,5700000.0
809,314,2.0,1,0.0,0.0,0.0,0.0,0.0,4200000.0
1058,664,3.0,1,0.0,0.0,0.0,0.0,0.0,5861000.0
1116,664,3.0,1,0.0,0.0,0.0,0.0,0.0,6138000.0
1222,664,3.0,1,0.0,0.0,0.0,0.0,0.0,6476000.000000001
871,476,2.0,1,0.0,0.0,0.0,1.0,0.0,3743000.0
750,394,1.0,1,0.0,0.0,0.0,0.0,0.0,2850000.0
835,655,2.0,1,0.0,0.0,0.0,0.0,0.0,3173000.0
871,476,2.0,1,0.0,0.0,0.0,0.0,0.0,3743000.0
984,276,2.0,1,0.0,0.0,0.0,1.0,0.0,4708000.0
884,652,2.0,1,0.0,0.0,0.0,0.0,0.0,3094000.0
920,476,2.0,1,0.0,0.0,0.0,1.0,0.0,3956000.0
600,276,1.0,1,0.0,0.0,0.0,1.0,0.0,2880000.0
871,476,2.0,1,0.0,0.0,0.0,1.0,0.0,3743000.0
920,476,2.0,1,0.0,0.0,0.0,1.0,0.0,3956000.0
638,476,1.0,1,0.0,0.0,0.0,1.0,0.0,2743000.0
885,44,2.0,1,0.0,0.0,0.0,0.0,0.0,3363000.0000000005
706,652,2.0,1,0.0,0.0,0.0,0.0,0.0,2471000.0
750,394,1.0,1,0.0,0.0,0.0,0.0,0.0,2850000.0
835,655,2.0,1,0.0,0.0,0.0,0.0,0.0,3173000.0
841,44,2.0,1,0.0,0.0,0.0,0.0,0.0,3195000.0
920,476,2.0,1,0.0,0.0,0.0,1.0,0.0,3956000.0
1160,476,2.0,1,0.0,0.0,0.0,1.0,0.0,4988000.0
550,394,1.0,1,0.0,0.0,0.0,0.0,0.0,2089999.0
805,664,2.0,1,0.0,0.0,0.0,0.0,0.0,3250000.0
809,664,2.0,1,0.0,0.0,0.0,0.0,0.0,3300000.0
1439,309,3.0,1,0.0,1.0,1.0,1.0,1.0,8214000.0
614,309,2.0,1,0.0,1.0,1.0,1.0,1.0,3893000.0
1909,309,4.0,1,0.0,1.0,1.0,1.0,1.0,10700000.0
1092,359,3.0,1,0.0,0.0,0.0,0.0,0.0,6434000.0
797,359,2.0,1,0.0,0.0,0.0,1.0,0.0,4623000.0
778,359,2.0,1,0.0,0.0,0.0,1.0,0.0,4513000.0
816,359,2.0,1,0.0,0.0,0.0,0.0,0.0,4733000.0
816,359,2.0,1,0.0,0.0,0.0,1.0,0.0,4733000.0
816,359,2.0,1,0.0,0.0,0.0,1.0,0.0,4733000.0
778,359,2.0,1,0.0,0.0,0.0,1.0,0.0,4513000.0
1159,677,2.0,1,0.0,1.0,0.0,1.0,1.0,6500000.0
1159,389,2.0,1,0.0,1.0,0.0,1.0,1.0,6500000.0
1131,46,2.0,1,0.0,1.0,1.0,1.0,1.0,6500000.0
1056,324,3.0,1,0.0,0.0,0.0,1.0,0.0,4011999.0
1255,295,3.0,1,0.0,0.0,0.0,1.0,0.0,5647000.0
1010,477,2.0,1,0.0,0.0,0.0,1.0,0.0,4545000.0
862,295,2.0,1,0.0,0.0,0.0,1.0,0.0,3879000.0
862,295,2.0,1,0.0,0.0,0.0,0.0,0.0,3879000.0
636,324,2.0,1,0.0,0.0,0.0,1.0,0.0,2416000.0
411,374,1.0,1,0.0,1.0,0.0,0.0,0.0,2250000.0
472,374,1.0,1,0.0,1.0,0.0,0.0,0.0,2584000.0
622,309,2.0,1,0.0,1.0,1.0,1.0,1.0,3934000.0000000005
1691,309,3.0,1,0.0,1.0,1.0,1.0,1.0,9643000.0
1138,309,2.0,1,0.0,1.0,1.0,1.0,1.0,6618000.000000001
1569,270,3.0,1,1.0,1.0,1.0,1.0,0.0,9861000.0
1208,270,2.0,1,1.0,1.0,1.0,1.0,0.0,7530000.0
1316,270,2.0,1,1.0,1.0,1.0,1.0,0.0,8161000.0
1647,270,3.0,1,1.0,1.0,1.0,1.0,0.0,10000000.0
1229,270,2.0,1,1.0,1.0,1.0,1.0,0.0,7652000.0
1618,270,3.0,1,1.0,1.0,1.0,1.0,0.0,9925000.0
1227,270,2.0,1,1.0,1.0,1.0,1.0,0.0,7641000.0
1288,270,2.0,1,1.0,1.0,1.0,1.0,0.0,7997000.0
1302,270,2.0,1,1.0,1.0,1.0,1.0,0.0,8079000.000000001
1200,270,2.0,1,1.0,1.0,1.0,1.0,0.0,7483000.0
1231,270,2.0,1,1.0,1.0,1.0,1.0,0.0,7664000.0
1230,270,2.0,1,1.0,1.0,1.0,1.0,0.0,7658000.0
1302,270,2.0,1,1.0,1.0,1.0,1.0,0.0,8079000.000000001
738,374,2.0,1,0.0,1.0,0.0,0.0,0.0,4000000.0
528,374,1.0,1,0.0,1.0,0.0,0.0,0.0,2890000.0
379,374,1.0,1,0.0,1.0,0.0,0.0,0.0,2075000.0
1414,374,3.0,1,0.0,1.0,0.0,0.0,0.0,7700000.0
960,374,2.0,1,0.0,1.0,0.0,0.0,0.0,5256000.0
875,374,2.0,1,0.0,1.0,0.0,0.0,0.0,4790000.0
1428,374,3.0,1,0.0,1.0,0.0,0.0,0.0,7800000.0
765,374,2.0,1,0.0,1.0,0.0,0.0,0.0,4188000.0000000005
748,374,2.0,1,0.0,1.0,0.0,0.0,0.0,4000000.0
1500,657,3.0,1,1.0,1.0,1.0,1.0,1.0,12500000.0
1298,687,3.0,1,0.0,0.0,0.0,1.0,0.0,9086000.0
1149,687,3.0,1,0.0,0.0,0.0,0.0,0.0,8043000.000000001
1149,687,3.0,1,0.0,0.0,0.0,1.0,0.0,8043000.000000001
1068,687,2.0,1,0.0,0.0,0.0,0.0,0.0,7476000.000000001
1068,687,2.0,1,0.0,0.0,0.0,1.0,0.0,7476000.000000001
899,687,2.0,1,0.0,0.0,0.0,1.0,0.0,6593000.000000001
1078,627,3.0,1,0.0,0.0,0.0,1.0,0.0,4519000.0
905,627,2.0,1,0.0,0.0,0.0,1.0,0.0,3810000.0
882,627,2.0,1,0.0,0.0,0.0,1.0,0.0,3615999.0
775,627,2.0,1,0.0,0.0,0.0,1.0,0.0,3277000.0000000005
1201,374,3.0,1,0.0,0.0,0.0,1.0,0.0,5244000.0
1039,374,2.0,1,0.0,0.0,0.0,1.0,0.0,4563000.0
971,374,2.0,1,0.0,0.0,0.0,1.0,0.0,4278000.0
899,374,2.0,1,0.0,0.0,0.0,1.0,0.0,3875000.0
781,689,2.0,1,0.0,0.0,0.0,1.0,0.0,3479999.0
1100,654,3.0,1,0.0,0.0,0.0,1.0,0.0,15400000.0
1223,419,3.0,1,0.0,0.0,0.0,1.0,0.0,5870000.0
1071,419,3.0,1,0.0,0.0,0.0,1.0,0.0,5140000.0
955,419,2.0,1,0.0,0.0,0.0,1.0,0.0,4784000.0
900,419,2.0,1,0.0,0.0,0.0,1.0,0.0,4520000.0
851,419,2.0,1,0.0,0.0,0.0,1.0,0.0,4084000.0000000005
530,419,1.0,1,0.0,0.0,0.0,1.0,0.0,2273000.0
1298,687,3.0,1,0.0,0.0,0.0,1.0,0.0,9086000.0
1149,687,3.0,1,0.0,0.0,0.0,0.0,0.0,8043000.000000001
1149,687,3.0,1,0.0,0.0,0.0,1.0,0.0,8043000.000000001
1068,687,2.0,1,0.0,0.0,0.0,0.0,0.0,7476000.000000001
1068,687,2.0,1,0.0,0.0,0.0,1.0,0.0,7476000.000000001
899,687,2.0,1,0.0,0.0,0.0,1.0,0.0,6593000.000000001
1078,627,3.0,1,0.0,0.0,0.0,1.0,0.0,4519000.0
905,627,2.0,1,0.0,0.0,0.0,1.0,0.0,3810000.0
882,627,2.0,1,0.0,0.0,0.0,1.0,0.0,3615999.0
775,627,2.0,1,0.0,0.0,0.0,1.0,0.0,3277000.0000000005
1201,374,3.0,1,0.0,0.0,0.0,1.0,0.0,5244000.0
1039,374,2.0,1,0.0,0.0,0.0,1.0,0.0,4563000.0
971,374,2.0,1,0.0,0.0,0.0,1.0,0.0,4278000.0
899,374,2.0,1,0.0,0.0,0.0,1.0,0.0,3875000.0
781,689,2.0,1,0.0,0.0,0.0,1.0,0.0,3479999.0
1300,374,3.0,1,0.0,0.0,0.0,1.0,0.0,7450000.0
1260,374,3.0,1,0.0,0.0,0.0,1.0,0.0,7130000.0
1107,374,3.0,1,0.0,0.0,0.0,1.0,0.0,6088000.0
1200,604,3.0,1,0.0,0.0,0.0,0.0,0.0,5200000.0
954,604,2.0,1,0.0,0.0,0.0,1.0,0.0,4000000.0
954,337,2.0,1,0.0,0.0,0.0,1.0,0.0,4500000.0
954,604,2.0,1,0.0,0.0,0.0,1.0,0.0,5000000.0
1320,34,3.0,1,0.0,0.0,0.0,1.0,0.0,6336000.0
1320,115,3.0,1,0.0,0.0,0.0,1.0,0.0,6336000.0
1135,374,3.0,1,0.0,0.0,0.0,1.0,0.0,5380000.0
495,374,1.0,1,0.0,0.0,0.0,1.0,0.0,2428000.0
960,374,2.0,1,0.0,0.0,0.0,1.0,0.0,4628000.0
830,374,2.0,1,0.0,0.0,0.0,1.0,0.0,4069000.0
765,374,2.0,1,0.0,0.0,0.0,1.0,0.0,3789000.0
1020,452,2.0,1,0.0,0.0,0.0,1.0,0.0,5090000.0
990,452,2.0,1,0.0,0.0,0.0,1.0,0.0,4955000.0
1310,452,3.0,1,0.0,0.0,0.0,1.0,0.0,6395000.0
1340,452,3.0,1,0.0,0.0,0.0,1.0,0.0,6530000.0
952,638,2.0,1,0.0,0.0,0.0,1.0,0.0,5150000.0
1270,638,3.0,1,0.0,0.0,0.0,1.0,0.0,6804000.000000001
1330,638,3.0,1,0.0,0.0,0.0,1.0,0.0,7116000.0
1250,638,3.0,1,0.0,0.0,0.0,1.0,0.0,6700000.0
1020,343,2.0,1,0.0,0.0,0.0,1.0,0.0,6010000.0
950,343,2.0,1,0.0,0.0,0.0,1.0,0.0,5525000.0
880,343,2.0,1,0.0,0.0,0.0,1.0,0.0,5340000.0
990,638,2.0,1,0.0,0.0,0.0,0.0,0.0,5348000.0
990,638,2.0,1,0.0,0.0,0.0,0.0,0.0,5348000.0
920,638,2.0,1,0.0,0.0,0.0,1.0,0.0,4984000.0
970,638,2.0,1,0.0,0.0,0.0,1.0,0.0,5244000.0
945,374,2.0,1,0.0,0.0,0.0,1.0,0.0,4836000.0
1068,374,2.0,1,0.0,0.0,0.0,0.0,0.0,5126000.0
1260,687,3.0,1,0.0,0.0,0.0,0.0,0.0,9198000.0
843,736,2.0,1,0.0,0.0,0.0,0.0,0.0,4172000.0
932,736,2.0,1,0.0,0.0,0.0,0.0,0.0,4613000.0
1000,736,2.0,1,0.0,0.0,0.0,0.0,0.0,4950000.0
1020,343,2.0,1,0.0,0.0,0.0,1.0,0.0,6010000.0
950,343,2.0,1,0.0,0.0,0.0,1.0,0.0,5525000.0
880,343,2.0,1,0.0,0.0,0.0,1.0,0.0,5340000.0
1260,687,3.0,1,0.0,0.0,0.0,0.0,0.0,9198000.0
843,736,2.0,1,0.0,0.0,0.0,0.0,0.0,4172000.0
932,736,2.0,1,0.0,0.0,0.0,0.0,0.0,4613000.0
1000,736,2.0,1,0.0,0.0,0.0,0.0,0.0,4950000.0
1100,736,3.0,1,0.0,0.0,0.0,0.0,0.0,5445000.0
859,604,2.0,1,0.0,0.0,0.0,0.0,0.0,4174000.0
965,604,2.0,1,0.0,0.0,0.0,0.0,0.0,4689000.0
1266,496,3.0,1,0.0,0.0,0.0,0.0,0.0,6076000.0
860,452,2.0,1,0.0,0.0,0.0,0.0,0.0,4257000.0
880,452,2.0,1,0.0,0.0,0.0,0.0,0.0,4356000.0
1020,314,2.0,1,0.0,0.0,0.0,0.0,0.0,4488000.0
1260,314,3.0,1,0.0,0.0,0.0,0.0,0.0,5544000.0
925,314,2.0,1,0.0,0.0,0.0,0.0,0.0,4070000.0000000005
870,314,2.0,1,0.0,0.0,0.0,0.0,0.0,3828000.0
869,604,2.0,1,0.0,0.0,0.0,0.0,0.0,3953000.0
983,605,2.0,1,0.0,0.0,0.0,0.0,0.0,4718000.0
1066,496,2.0,1,0.0,0.0,0.0,0.0,0.0,5116000.0
900,337,2.0,1,0.0,0.0,0.0,0.0,0.0,4140000.0
870,605,2.0,1,0.0,0.0,0.0,0.0,0.0,4176000.0
975,314,2.0,1,0.0,0.0,0.0,0.0,0.0,4290000.0
884,314,2.0,1,0.0,0.0,0.0,0.0,0.0,3889000.0
1150,452,3.0,1,0.0,0.0,0.0,0.0,0.0,7130000.0
975,604,2.0,1,0.0,0.0,0.0,1.0,0.0,4800000.0
975,604,2.0,1,0.0,0.0,0.0,1.0,0.0,4800000.0
879,604,2.0,1,0.0,0.0,0.0,1.0,0.0,4400000.0
732,374,2.0,1,0.0,0.0,0.0,0.0,0.0,3367000.0
884,343,2.0,1,1.0,0.0,1.0,1.0,0.0,4300000.0
700,374,2.0,1,0.0,0.0,0.0,0.0,0.0,3220000.0000000005
1048,124,3.0,1,0.0,0.0,0.0,1.0,0.0,5921000.0
1200,605,3.0,1,0.0,0.0,0.0,0.0,0.0,5460000.0
945,124,2.0,1,0.0,0.0,0.0,0.0,0.0,4299000.0
1200,124,3.0,1,0.0,0.0,0.0,0.0,0.0,5460000.0
983,605,2.0,1,0.0,0.0,0.0,0.0,0.0,4472000.0
1066,605,3.0,1,0.0,0.0,0.0,0.0,0.0,4850000.0
942,124,2.0,1,0.0,0.0,0.0,0.0,0.0,5181000.0
795,124,2.0,1,0.0,0.0,0.0,0.0,0.0,4372000.0
865,605,2.0,1,0.0,0.0,0.0,0.0,0.0,4086999.0
1277,337,3.0,1,0.0,0.0,0.0,0.0,0.0,6033000.0
1066,337,2.0,1,0.0,0.0,0.0,0.0,0.0,5036000.0
896,124,2.0,1,0.0,0.0,0.0,0.0,0.0,4928000.0
800,604,2.0,1,0.0,0.0,0.0,0.0,0.0,3800000.0
985,604,2.0,1,0.0,0.0,0.0,0.0,0.0,4678000.0
1266,124,3.0,1,0.0,0.0,0.0,0.0,0.0,6963000.0
1100,605,3.0,1,0.0,0.0,0.0,0.0,0.0,5197000.0
1100,121,3.0,1,0.0,0.0,0.0,0.0,0.0,6050000.0
865,604,2.0,1,0.0,0.0,0.0,0.0,0.0,4108000.0
1300,604,3.0,1,0.0,0.0,0.0,0.0,0.0,6175000.0
1100,337,3.0,1,0.0,0.0,0.0,0.0,0.0,5197000.0
800,496,2.0,1,0.0,0.0,0.0,0.0,0.0,3779999.0
865,337,2.0,1,0.0,0.0,0.0,0.0,0.0,4086999.0
1277,496,3.0,1,0.0,0.0,0.0,0.0,0.0,6033000.0
865,604,2.0,1,0.0,0.0,0.0,0.0,0.0,4108000.0
800,604,2.0,1,0.0,0.0,0.0,0.0,0.0,3800000.0
783,604,2.0,1,0.0,0.0,0.0,0.0,0.0,3719000.0
600,604,1.0,1,0.0,0.0,0.0,0.0,0.0,2850000.0
1300,736,3.0,1,0.0,0.0,0.0,0.0,0.0,6175000.0
1200,736,3.0,1,0.0,0.0,0.0,0.0,0.0,5700000.0
1100,736,3.0,1,0.0,0.0,0.0,0.0,0.0,5225000.0
985,736,2.0,1,0.0,0.0,0.0,0.0,0.0,4678000.0
943,736,2.0,1,0.0,0.0,0.0,0.0,0.0,4479000.0
865,736,2.0,1,0.0,0.0,0.0,0.0,0.0,4108000.0
888,736,2.0,1,0.0,0.0,0.0,0.0,0.0,4218000.0
1300,736,3.0,1,0.0,0.0,0.0,0.0,0.0,6175000.0
985,736,2.0,1,0.0,0.0,0.0,0.0,0.0,4678000.0
1566,654,3.0,1,0.0,0.0,0.0,1.0,0.0,19500000.0
954,159,2.0,1,1.0,0.0,0.0,1.0,0.0,4500000.0
1363,159,3.0,1,1.0,0.0,0.0,1.0,0.0,6300000.0
1225,364,3.0,1,0.0,1.0,0.0,1.0,1.0,5000000.0
970,623,2.0,1,1.0,1.0,1.0,1.0,1.0,4000000.0
983,364,2.0,1,0.0,1.0,0.0,1.0,1.0,4000000.0
977,364,2.0,1,0.0,1.0,0.0,1.0,1.0,4000000.0
1089,364,3.0,1,0.0,1.0,0.0,1.0,1.0,4500000.0
976,364,2.0,1,0.0,1.0,0.0,1.0,1.0,4000000.0
1040,687,2.0,1,0.0,0.0,0.0,1.0,0.0,6240000.0
1010,736,2.0,1,0.0,0.0,0.0,1.0,0.0,4040000.0
1040,479,2.0,1,0.0,0.0,0.0,0.0,0.0,4000000.0
835,736,2.0,1,0.0,0.0,0.0,1.0,0.0,3340000.0
1550,182,3.0,1,0.0,0.0,0.0,0.0,0.0,19000000.0
935,687,2.0,1,0.0,0.0,0.0,0.0,0.0,5610000.0
940,295,2.0,1,0.0,0.0,0.0,1.0,0.0,4653000.0
1004,295,2.0,1,0.0,0.0,0.0,1.0,0.0,4969000.0
926,295,2.0,1,0.0,0.0,0.0,1.0,0.0,4583000.0
1277,295,3.0,1,0.0,0.0,0.0,1.0,0.0,6321000.0
1212,295,3.0,1,0.0,0.0,0.0,1.0,0.0,5999000.0
1213,295,3.0,1,0.0,0.0,0.0,1.0,0.0,6004000.0
987,295,2.0,1,0.0,0.0,0.0,1.0,0.0,4885000.0
921,295,2.0,1,0.0,0.0,0.0,1.0,0.0,4558000.0
943,295,2.0,1,0.0,0.0,0.0,1.0,0.0,4667000.0
1195,295,3.0,1,0.0,0.0,0.0,1.0,0.0,5915000.0
982,295,2.0,1,0.0,0.0,0.0,1.0,0.0,4860000.0
1197,295,3.0,1,0.0,0.0,0.0,1.0,0.0,5925000.0
948,295,2.0,1,0.0,0.0,0.0,1.0,0.0,4692000.0
1267,295,3.0,1,0.0,0.0,0.0,1.0,0.0,6271000.0
925,448,2.0,1,0.0,0.0,0.0,1.0,0.0,8500000.0
1035,619,2.0,1,0.0,0.0,0.0,1.0,0.0,5000000.0
2692,313,4.0,1,1.0,0.0,1.0,1.0,0.0,65000000.0
3355,32,4.0,1,0.0,0.0,0.0,1.0,0.0,51600000.0
2450,288,3.0,1,0.0,0.0,0.0,1.0,0.0,33000000.0
1000,315,2.0,1,0.0,1.0,1.0,1.0,1.0,3600000.0
3050,15,3.0,1,0.0,0.0,0.0,1.0,0.0,54900000.0
850,465,2.0,1,0.0,0.0,0.0,1.0,0.0,5700000.0
677,44,2.0,1,0.0,0.0,0.0,1.0,0.0,2500000.0
950,291,2.0,1,0.0,0.0,0.0,1.0,0.0,11000000.0
855,381,2.0,1,1.0,1.0,1.0,1.0,1.0,4400000.0
576,381,1.0,1,1.0,1.0,1.0,1.0,1.0,3200000.0
1710,381,4.0,1,1.0,1.0,1.0,1.0,1.0,8000000.0
1184,374,3.0,1,0.0,0.0,0.0,1.0,0.0,6151000.0
905,374,2.0,1,0.0,0.0,0.0,1.0,0.0,5597000.0
1030,374,2.0,1,0.0,0.0,0.0,1.0,0.0,5587000.0
993,374,2.0,1,0.0,0.0,0.0,1.0,0.0,5246000.0
926,374,2.0,1,0.0,0.0,0.0,1.0,0.0,5208000.0
998,374,2.0,1,0.0,0.0,0.0,1.0,0.0,5270000.0
899,374,2.0,1,0.0,0.0,0.0,1.0,0.0,4801000.0
929,374,2.0,1,0.0,0.0,0.0,1.0,0.0,4943000.0
983,374,2.0,1,0.0,0.0,0.0,1.0,0.0,5199000.0
955,374,2.0,1,0.0,0.0,0.0,1.0,0.0,5066000.0
978,374,2.0,1,0.0,0.0,0.0,1.0,0.0,5175000.0
910,374,2.0,1,0.0,0.0,0.0,1.0,0.0,4853000.0
909,374,2.0,1,0.0,0.0,0.0,1.0,0.0,4924000.0
980,374,2.0,1,0.0,0.0,0.0,1.0,0.0,5184000.0
933,374,2.0,1,0.0,0.0,0.0,1.0,0.0,4962000.0
1106,395,2.0,1,1.0,1.0,0.0,1.0,0.0,6083000.0
1816,395,3.0,1,1.0,1.0,0.0,1.0,0.0,10200000.0
2096,395,4.0,1,1.0,1.0,0.0,1.0,0.0,11500000.0
1557,395,3.0,1,1.0,1.0,0.0,1.0,0.0,8563000.0
584,395,1.0,1,1.0,1.0,0.0,1.0,0.0,3211999.0
1633,395,3.0,1,1.0,1.0,0.0,1.0,0.0,8981000.0
598,395,1.0,1,1.0,1.0,0.0,1.0,0.0,3289000.0
1295,115,2.0,1,0.0,0.0,0.0,0.0,0.0,7252000.0
1300,115,2.0,1,0.0,0.0,0.0,1.0,0.0,7280000.0
1115,736,2.0,1,0.0,0.0,0.0,0.0,0.0,4460000.0
915,736,2.0,1,0.0,0.0,0.0,1.0,0.0,3660000.0
1110,736,2.0,1,0.0,0.0,0.0,0.0,0.0,3885000.0
1110,706,2.0,1,1.0,0.0,1.0,1.0,0.0,3885000.0
915,706,2.0,1,1.0,0.0,1.0,1.0,0.0,3202000.0000000005
993,395,2.0,1,1.0,1.0,0.0,1.0,0.0,5461000.0
840,44,2.0,1,0.0,0.0,0.0,0.0,0.0,4000000.0
840,44,2.0,1,0.0,0.0,0.0,0.0,0.0,4000000.0
815,44,2.0,1,0.0,0.0,0.0,0.0,0.0,4000000.0
915,44,2.0,1,0.0,0.0,0.0,0.0,0.0,4300000.0
810,44,2.0,1,0.0,0.0,0.0,0.0,0.0,3900000.0
910,44,2.0,1,0.0,0.0,0.0,0.0,0.0,4300000.0
840,44,2.0,1,0.0,0.0,0.0,0.0,0.0,3960000.0
915,44,2.0,1,0.0,0.0,0.0,0.0,0.0,4300000.0
1131,468,2.0,1,1.0,1.0,1.0,1.0,1.0,4942000.0
1107,44,2.0,1,0.0,1.0,1.0,1.0,1.0,4426000.0
1447,44,3.0,1,0.0,1.0,1.0,1.0,1.0,5786000.0
570,44,1.0,1,0.0,1.0,1.0,1.0,1.0,2279000.0
1647,44,3.0,1,0.0,1.0,1.0,1.0,1.0,6586000.0
1081,44,2.0,1,0.0,1.0,1.0,1.0,1.0,4322000.0
1229,44,3.0,1,0.0,1.0,1.0,1.0,1.0,4914000.0
1057,44,2.0,1,0.0,1.0,1.0,1.0,1.0,4226000.0
578,44,1.0,1,0.0,1.0,1.0,1.0,1.0,2311000.0
1567,44,3.0,1,0.0,1.0,1.0,1.0,1.0,6266000.0
1641,503,3.0,1,0.0,0.0,0.0,1.0,0.0,8675000.0
1641,395,3.0,1,0.0,0.0,0.0,1.0,0.0,8675000.0
1641,395,3.0,1,0.0,0.0,0.0,1.0,0.0,8675000.0
1641,395,3.0,1,0.0,0.0,0.0,1.0,0.0,8675000.0
1641,395,3.0,1,0.0,0.0,0.0,0.0,0.0,8675000.0
1641,395,3.0,1,0.0,0.0,0.0,1.0,0.0,8675000.0
1641,395,3.0,1,0.0,0.0,0.0,1.0,0.0,8675000.0
1641,395,3.0,1,0.0,0.0,0.0,1.0,0.0,8675000.0
1641,395,3.0,1,0.0,0.0,0.0,1.0,0.0,8675000.0
2062,32,3.0,1,1.0,1.0,1.0,1.0,1.0,24500000.0
1194,416,2.0,1,0.0,0.0,0.0,1.0,0.0,6217000.0
1641,359,3.0,1,0.0,0.0,0.0,1.0,0.0,8675000.0
1641,502,3.0,1,0.0,0.0,0.0,1.0,0.0,8675000.0
1641,503,3.0,1,0.0,0.0,0.0,1.0,0.0,8675000.0
1641,503,3.0,1,0.0,0.0,0.0,1.0,0.0,8675000.0
1641,359,3.0,1,0.0,0.0,0.0,1.0,0.0,8675000.0
1641,359,3.0,1,0.0,0.0,0.0,1.0,0.0,8675000.0
1641,359,3.0,1,0.0,0.0,0.0,1.0,0.0,8675000.0
1641,359,3.0,1,0.0,0.0,0.0,1.0,0.0,8675000.0
1641,359,3.0,1,0.0,0.0,0.0,1.0,0.0,8675000.0
1641,502,3.0,1,0.0,0.0,0.0,0.0,0.0,8675000.0
1641,359,3.0,1,0.0,0.0,0.0,1.0,0.0,8675000.0
1580,442,3.0,1,0.0,0.0,0.0,0.0,0.0,23000000.0
1251,467,3.0,1,0.0,0.0,1.0,1.0,0.0,5316000.0
1067,467,3.0,1,0.0,0.0,1.0,1.0,0.0,4534000.0
1036,467,2.0,1,0.0,0.0,1.0,1.0,0.0,4403000.0
1423,496,3.0,1,0.0,0.0,0.0,0.0,0.0,7541000.0
1222,496,3.0,1,0.0,0.0,0.0,0.0,0.0,6476000.000000001
960,496,2.0,1,0.0,0.0,0.0,0.0,0.0,5088000.0
883,496,2.0,1,0.0,0.0,0.0,0.0,0.0,4679000.0
1423,605,3.0,1,0.0,0.0,0.0,0.0,0.0,7541000.0
1222,605,3.0,1,0.0,0.0,0.0,0.0,0.0,6476000.000000001
960,605,2.0,1,0.0,0.0,0.0,0.0,0.0,5088000.0
883,605,2.0,1,0.0,0.0,0.0,0.0,0.0,4679000.0
1266,604,3.0,1,0.0,0.0,0.0,0.0,0.0,6140000.0
1103,604,3.0,1,0.0,0.0,0.0,0.0,0.0,5349000.0
1033,604,2.0,1,0.0,0.0,0.0,0.0,0.0,5010000.0
980,604,2.0,1,0.0,0.0,0.0,0.0,0.0,4753000.0
835,604,2.0,1,0.0,0.0,0.0,0.0,0.0,4049000.0
640,604,1.0,1,0.0,0.0,0.0,0.0,0.0,3104000.0
1400,337,3.0,1,0.0,0.0,0.0,0.0,0.0,6475000.0
1103,604,3.0,1,0.0,0.0,0.0,0.0,0.0,5349000.0
1033,604,2.0,1,0.0,0.0,0.0,0.0,0.0,5010000.0
980,604,2.0,1,0.0,0.0,0.0,0.0,0.0,4753000.0
835,604,2.0,1,0.0,0.0,0.0,0.0,0.0,4049000.0
640,604,1.0,1,0.0,0.0,0.0,0.0,0.0,3104000.0
1400,337,3.0,1,0.0,0.0,0.0,0.0,0.0,6475000.0
1283,337,3.0,1,0.0,0.0,0.0,0.0,0.0,5933000.0
1189,337,3.0,1,0.0,0.0,0.0,0.0,0.0,5499000.0
1040,337,2.0,1,0.0,0.0,0.0,0.0,0.0,4810000.0
940,337,2.0,1,0.0,0.0,0.0,0.0,0.0,4347000.0
891,337,2.0,1,0.0,0.0,0.0,0.0,0.0,4120000.0000000005
535,337,1.0,1,0.0,0.0,0.0,0.0,0.0,2474000.0
1285,605,3.0,1,0.0,0.0,0.0,0.0,0.0,6425000.0
1000,693,2.0,1,1.0,0.0,0.0,1.0,0.0,5800000.0
946,17,2.0,1,0.0,0.0,0.0,0.0,0.0,5203000.0
856,17,2.0,1,0.0,0.0,0.0,0.0,0.0,4708000.0
967,17,2.0,1,0.0,0.0,0.0,0.0,0.0,5318000.0
541,17,1.0,1,0.0,0.0,0.0,0.0,0.0,2975000.0
426,17,1.0,1,0.0,0.0,0.0,0.0,0.0,2343000.0
707,17,2.0,1,0.0,0.0,0.0,0.0,0.0,3888000.0000000005
707,17,2.0,1,0.0,0.0,0.0,0.0,0.0,3888000.0000000005
1107,44,2.0,1,0.0,1.0,1.0,1.0,1.0,4426000.0
1081,44,2.0,1,0.0,1.0,1.0,1.0,1.0,4322000.0
1057,44,2.0,1,0.0,1.0,1.0,1.0,1.0,4226000.0
578,44,1.0,1,0.0,1.0,1.0,1.0,1.0,2311000.0
1567,44,3.0,1,0.0,1.0,1.0,1.0,1.0,6266000.0
1447,44,3.0,1,0.0,1.0,1.0,1.0,1.0,5786000.0
570,44,1.0,1,0.0,1.0,1.0,1.0,1.0,2279000.0
1647,44,3.0,1,0.0,1.0,1.0,1.0,1.0,6586000.0
1229,44,3.0,1,0.0,1.0,1.0,1.0,1.0,4914000.0
660,419,1.0,1,0.0,0.0,0.0,0.0,0.0,3160000.0
941,124,2.0,1,0.0,0.0,0.0,0.0,0.0,6580000.0
809,664,2.0,1,0.0,0.0,0.0,0.0,0.0,3315999.0
924,124,2.0,1,0.0,0.0,0.0,0.0,0.0,7000000.0
1008,419,2.0,1,0.0,0.0,0.0,0.0,0.0,4840000.0
900,419,2.0,1,0.0,0.0,0.0,0.0,0.0,4140000.0
1433,427,3.0,1,0.0,0.0,0.0,1.0,0.0,10500000.0
805,419,2.0,1,0.0,0.0,0.0,0.0,0.0,3300000.0
1198,419,3.0,1,0.0,0.0,0.0,0.0,0.0,6230000.0
772,419,2.0,1,0.0,0.0,0.0,0.0,0.0,3247000.0
809,664,2.0,1,0.0,0.0,0.0,0.0,0.0,3315999.0
924,124,2.0,1,0.0,0.0,0.0,0.0,0.0,7000000.0
805,419,2.0,1,0.0,0.0,0.0,0.0,0.0,3300000.0
1198,419,3.0,1,0.0,0.0,0.0,0.0,0.0,6230000.0
930,419,2.0,1,0.0,0.0,0.0,0.0,0.0,4270000.0
619,419,1.0,1,0.0,0.0,0.0,0.0,0.0,2960000.0
1002,638,2.0,1,0.0,0.0,0.0,0.0,0.0,5200000.0
1285,638,3.0,1,0.0,0.0,0.0,0.0,0.0,6684999.000000001
1028,638,2.0,1,0.0,0.0,0.0,0.0,0.0,5345000.0
1117,419,2.0,1,0.0,0.0,0.0,0.0,0.0,5000000.0
989,419,2.0,1,0.0,0.0,0.0,0.0,0.0,5145000.0
935,419,2.0,1,0.0,0.0,0.0,0.0,0.0,4862000.0
768,419,2.0,1,0.0,0.0,0.0,0.0,0.0,3993000.0
881,419,2.0,1,0.0,0.0,0.0,0.0,0.0,4581000.0
867,419,2.0,1,0.0,0.0,0.0,0.0,0.0,4500000.0
1115,419,3.0,1,0.0,0.0,0.0,0.0,0.0,5798000.0
1197,419,3.0,1,0.0,0.0,0.0,0.0,0.0,6224000.0
941,419,2.0,1,0.0,0.0,0.0,0.0,0.0,4893000.0
1037,419,2.0,1,0.0,0.0,0.0,0.0,0.0,5392000.0
805,419,2.0,1,0.0,0.0,0.0,0.0,0.0,3300000.0
1198,419,3.0,1,0.0,0.0,0.0,0.0,0.0,6230000.0
1008,419,2.0,1,0.0,0.0,0.0,0.0,0.0,4840000.0
900,419,2.0,1,0.0,0.0,0.0,0.0,0.0,4140000.0
1293,4,3.0,1,0.0,0.0,0.0,1.0,0.0,10000000.0
930,419,2.0,1,0.0,0.0,0.0,0.0,0.0,4270000.0
900,425,2.0,1,0.0,0.0,0.0,0.0,0.0,5700000.0
760,419,2.0,1,0.0,0.0,0.0,0.0,0.0,3100000.0
1066,315,2.0,1,1.0,1.0,1.0,1.0,1.0,5116000.0
1452,315,3.0,1,1.0,1.0,1.0,1.0,1.0,6969000.0
1350,315,3.0,1,1.0,1.0,1.0,1.0,1.0,6480000.0
924,315,2.0,1,1.0,1.0,1.0,1.0,1.0,4435000.0
1369,315,3.0,1,1.0,1.0,1.0,1.0,1.0,6570999.000000001
1175,315,2.0,1,1.0,1.0,1.0,1.0,1.0,5640000.0
615,315,2.0,1,1.0,1.0,1.0,1.0,1.0,2952000.0
952,638,2.0,1,0.0,0.0,0.0,1.0,0.0,5200000.0
789,669,2.0,1,0.0,0.0,0.0,0.0,0.0,3000000.0
675,44,2.0,1,0.0,1.0,0.0,1.0,1.0,2300000.0
877,339,2.0,1,0.0,0.0,1.0,1.0,0.0,3946000.0
780,339,2.0,1,0.0,0.0,1.0,1.0,0.0,3510000.0
1018,619,2.0,1,0.0,0.0,1.0,1.0,0.0,5599000.0
1000,619,2.0,1,0.0,0.0,1.0,1.0,0.0,5500000.0
1050,619,2.0,1,0.0,0.0,1.0,1.0,0.0,5775000.0
1100,619,2.0,1,0.0,0.0,1.0,1.0,0.0,6050000.0
570,655,1.0,1,1.0,1.0,0.0,1.0,1.0,2600000.0
2000,469,3.0,1,0.0,0.0,0.0,1.0,0.0,13200000.0
1546,619,3.0,1,0.0,1.0,0.0,1.0,1.0,7500000.0
1599,270,3.0,1,0.0,1.0,0.0,1.0,1.0,10000000.0
1296,270,3.0,1,0.0,1.0,0.0,1.0,1.0,8000000.0
810,419,2.0,1,0.0,0.0,0.0,0.0,0.0,3645000.0000000005
952,360,2.0,1,0.0,0.0,0.0,1.0,0.0,5221000.0
1060,619,2.0,1,0.0,0.0,0.0,1.0,1.0,6300000.0
910,664,2.0,1,0.0,0.0,0.0,1.0,0.0,4994000.0
1641,416,3.0,1,0.0,0.0,0.0,1.0,0.0,8675000.0
1100,17,3.0,1,0.0,0.0,0.0,1.0,0.0,4510000.0
726,653,2.0,1,0.0,0.0,0.0,1.0,0.0,2976000.0
600,17,2.0,1,0.0,0.0,0.0,0.0,0.0,2850000.0
1337,655,3.0,1,1.0,1.0,0.0,1.0,1.0,6343000.0
1160,655,2.0,1,1.0,1.0,0.0,1.0,1.0,5519000.0
571,655,1.0,1,1.0,1.0,0.0,1.0,1.0,2777000.0
555,655,1.0,1,1.0,1.0,0.0,1.0,1.0,2703000.0
1184,655,2.0,1,1.0,1.0,0.0,1.0,1.0,5630000.0
563,655,1.0,1,1.0,1.0,0.0,1.0,1.0,2740000.0
1165,655,2.0,1,1.0,1.0,0.0,1.0,1.0,5542000.0
1004,655,2.0,1,1.0,1.0,0.0,1.0,1.0,4793000.0
568,655,1.0,1,1.0,1.0,0.0,1.0,1.0,2763000.0
1211,655,2.0,1,1.0,1.0,0.0,1.0,1.0,5756000.0
560,655,1.0,1,1.0,1.0,0.0,1.0,1.0,2726000.0
1217,687,2.0,1,0.0,0.0,0.0,1.0,0.0,11000000.0
1098,677,2.0,1,0.0,0.0,0.0,1.0,0.0,5500000.0
1558,469,2.0,1,0.0,0.0,1.0,1.0,0.0,11299999.0
1441,446,3.0,1,0.0,0.0,0.0,0.0,0.0,7200000.0
1147,446,2.0,1,0.0,0.0,0.0,0.0,0.0,5200000.0
962,496,2.0,1,0.0,1.0,0.0,1.0,0.0,7200000.0
2150,425,3.0,1,0.0,1.0,1.0,1.0,1.0,17600000.0
1525,425,3.0,1,1.0,1.0,1.0,1.0,1.0,11500000.0
1348,270,3.0,1,0.0,1.0,0.0,1.0,1.0,8200000.0
1307,270,3.0,1,0.0,1.0,0.0,1.0,1.0,8000000.0
1027,270,2.0,1,0.0,1.0,0.0,1.0,1.0,7000000.0
1765,425,3.0,1,1.0,1.0,1.0,1.0,1.0,13600000.0
1524,425,3.0,1,1.0,1.0,1.0,1.0,1.0,10400000.0
1525,425,3.0,1,1.0,1.0,1.0,1.0,1.0,10500000.0
1152,358,2.0,1,0.0,0.0,0.0,0.0,0.0,5700000.0
999,358,2.0,1,0.0,1.0,0.0,1.0,1.0,5000000.0
1298,162,2.0,1,0.0,1.0,0.0,1.0,1.0,9000000.0
1024,270,2.0,1,0.0,1.0,0.0,1.0,1.0,6500000.0
1364,477,3.0,1,0.0,0.0,0.0,1.0,0.0,9000000.0
1443,619,3.0,1,0.0,1.0,0.0,1.0,1.0,7000000.0
1020,344,2.0,1,0.0,0.0,0.0,1.0,0.0,5400000.0
1045,344,2.0,1,0.0,1.0,0.0,1.0,0.0,5400000.0
1045,344,2.0,1,0.0,1.0,0.0,1.0,0.0,5400000.0
1045,344,2.0,1,0.0,1.0,0.0,1.0,0.0,5400000.0
1020,344,2.0,1,0.0,1.0,0.0,1.0,0.0,5698000.0
1020,344,2.0,1,0.0,1.0,0.0,1.0,0.0,5700000.0
1075,344,2.0,1,0.0,1.0,0.0,1.0,0.0,5800000.0
1020,344,2.0,1,0.0,0.0,0.0,1.0,0.0,5400000.0
1020,344,2.0,1,0.0,0.0,0.0,1.0,0.0,5400000.0
1045,344,2.0,1,0.0,0.0,0.0,1.0,1.0,5450000.0
1020,344,2.0,1,0.0,1.0,0.0,1.0,0.0,5700000.0
1735,374,3.0,1,1.0,1.0,1.0,1.0,1.0,7700000.0
711,454,2.0,1,0.0,0.0,0.0,0.0,0.0,3270000.0000000005
600,454,2.0,1,0.0,0.0,0.0,0.0,0.0,2760000.0
1704,697,3.0,1,1.0,1.0,1.0,1.0,1.0,16399999.0
1464,697,3.0,1,1.0,1.0,1.0,1.0,1.0,14000000.0
1464,697,3.0,1,1.0,1.0,1.0,1.0,1.0,14000000.0
1301,390,3.0,1,0.0,1.0,0.0,1.0,1.0,9000000.0
1367,280,2.0,1,1.0,1.0,1.0,1.0,1.0,6000000.0
1740,476,3.0,1,1.0,1.0,0.0,1.0,1.0,10300000.0
1740,476,3.0,1,1.0,1.0,0.0,1.0,1.0,10300000.0
1500,476,3.0,1,1.0,1.0,0.0,1.0,1.0,8700000.0
1335,476,2.0,1,1.0,1.0,0.0,1.0,1.0,7800000.0
2150,425,3.0,1,1.0,1.0,1.0,1.0,1.0,17000000.0
1749,425,2.0,1,1.0,1.0,1.0,1.0,1.0,10500000.0
1749,425,2.0,1,1.0,1.0,1.0,1.0,1.0,11500000.0
2451,425,3.0,1,0.0,1.0,1.0,1.0,1.0,17000000.0
1295,425,2.0,1,1.0,1.0,1.0,1.0,1.0,7700000.0
1445,425,3.0,1,1.0,1.0,1.0,1.0,1.0,10000000.0
1435,425,3.0,1,1.0,1.0,1.0,1.0,1.0,11000000.0
3487,425,3.0,1,0.0,1.0,1.0,0.0,1.0,30000000.0
2010,626,3.0,1,0.0,0.0,0.0,0.0,0.0,7500000.0
1460,638,3.0,1,0.0,0.0,0.0,1.0,0.0,8100000.0
952,638,2.0,1,0.0,0.0,0.0,1.0,0.0,5300000.0
910,638,2.0,1,0.0,0.0,0.0,1.0,0.0,4800000.0
570,638,1.0,1,0.0,0.0,0.0,1.0,0.0,3300000.0
1888,469,3.0,1,1.0,1.0,1.0,1.0,1.0,15000000.0
1665,469,3.0,1,1.0,1.0,1.0,1.0,1.0,13500000.0
1434,469,2.0,1,1.0,1.0,1.0,0.0,1.0,11500000.0
1434,469,2.0,1,1.0,1.0,1.0,1.0,1.0,11500000.0
1850,657,3.0,1,1.0,1.0,1.0,1.0,1.0,13000000.0
1671,657,3.0,1,0.0,0.0,1.0,1.0,1.0,10300000.0
1286,657,2.0,1,0.0,0.0,1.0,1.0,0.0,7900000.0
1827,657,4.0,1,0.0,0.0,1.0,1.0,1.0,11299999.0
752,419,2.0,1,0.0,0.0,0.0,1.0,0.0,3386999.0
760,419,2.0,1,0.0,0.0,0.0,1.0,0.0,3192000.0
639,44,2.0,1,0.0,1.0,0.0,1.0,1.0,2725000.0
645,44,2.0,1,0.0,1.0,0.0,1.0,1.0,2725000.0
639,44,2.0,1,0.0,0.0,0.0,0.0,0.0,2725000.0
639,44,2.0,1,0.0,1.0,0.0,1.0,1.0,2725000.0
639,44,2.0,1,0.0,1.0,0.0,1.0,1.0,2725000.0
639,44,2.0,1,0.0,1.0,0.0,1.0,1.0,2725000.0
639,44,2.0,1,0.0,1.0,0.0,1.0,1.0,2725000.0
639,44,2.0,1,0.0,1.0,0.0,1.0,1.0,2725000.0
639,44,2.0,1,0.0,1.0,0.0,1.0,1.0,2725000.0
639,44,2.0,1,0.0,1.0,0.0,1.0,1.0,2725000.0
645,44,2.0,1,0.0,1.0,0.0,1.0,1.0,2725000.0
645,44,2.0,1,0.0,1.0,0.0,1.0,1.0,2725000.0
639,44,2.0,1,0.0,1.0,0.0,1.0,1.0,2725000.0
639,44,2.0,1,0.0,1.0,0.0,1.0,1.0,2725000.0
639,44,2.0,1,0.0,1.0,0.0,1.0,1.0,2725000.0
949,467,2.0,1,0.0,0.0,0.0,1.0,0.0,4500000.0
901,467,2.0,1,0.0,0.0,0.0,1.0,0.0,4000000.0
1100,639,3.0,1,0.0,0.0,0.0,0.0,0.0,9900000.0
1110,619,2.0,1,0.0,0.0,0.0,0.0,0.0,6600000.0
1110,619,2.0,1,0.0,0.0,0.0,1.0,1.0,6600000.0
1060,619,2.0,1,0.0,0.0,0.0,1.0,1.0,6300000.0
980,619,2.0,1,0.0,0.0,0.0,1.0,1.0,5900000.0
645,44,2.0,1,0.0,1.0,0.0,1.0,1.0,2725000.0
639,44,2.0,1,0.0,1.0,0.0,1.0,1.0,2725000.0
639,44,2.0,1,0.0,1.0,0.0,1.0,1.0,2725000.0
645,44,2.0,1,0.0,0.0,0.0,0.0,0.0,2725000.0
645,44,2.0,1,0.0,1.0,0.0,1.0,1.0,2725000.0
639,44,2.0,1,0.0,1.0,0.0,1.0,1.0,2725000.0
639,44,2.0,1,0.0,1.0,0.0,1.0,1.0,2725000.0
7240,436,5.0,1,0.0,1.0,0.0,1.0,1.0,190000000.0
5777,436,5.0,1,0.0,1.0,0.0,1.0,1.0,150000000.0
3800,436,4.0,1,0.0,1.0,0.0,1.0,0.0,90000000.0
3800,436,4.0,1,0.0,1.0,0.0,1.0,0.0,90000000.0
657,236,2.0,1,0.0,0.0,0.0,1.0,0.0,4800000.0
657,236,2.0,1,0.0,0.0,0.0,1.0,0.0,4800000.0
591,465,1.0,1,0.0,0.0,0.0,1.0,0.0,4300000.0
657,236,2.0,1,0.0,0.0,0.0,1.0,0.0,4800000.0
657,236,2.0,1,0.0,0.0,0.0,1.0,0.0,4800000.0
657,236,2.0,1,0.0,0.0,0.0,1.0,0.0,4800000.0
657,236,2.0,1,0.0,0.0,0.0,1.0,0.0,4800000.0
657,236,2.0,1,0.0,0.0,0.0,1.0,0.0,4800000.0
657,236,2.0,1,0.0,0.0,0.0,1.0,0.0,4800000.0
6500,512,5.0,1,1.0,1.0,1.0,1.0,1.0,127000000.0
2958,512,4.0,1,1.0,1.0,1.0,1.0,1.0,57500000.0
1200,512,2.0,1,1.0,1.0,1.0,1.0,1.0,23000000.0
600,512,1.0,1,1.0,1.0,1.0,1.0,1.0,11500000.0
949,467,2.0,1,0.0,0.0,0.0,1.0,0.0,4500000.0
949,467,2.0,1,0.0,0.0,0.0,1.0,0.0,4500000.0
901,467,2.0,1,0.0,0.0,0.0,1.0,0.0,4200000.0
909,669,2.0,1,0.0,0.0,0.0,0.0,0.0,3400000.0
865,669,2.0,1,0.0,0.0,0.0,0.0,0.0,3200000.0
789,669,2.0,1,0.0,0.0,0.0,0.0,0.0,2900000.0
1060,619,2.0,1,0.0,0.0,0.0,1.0,1.0,6300000.0
980,619,2.0,1,0.0,0.0,0.0,1.0,1.0,5900000.0
1100,417,2.0,1,0.0,0.0,0.0,0.0,0.0,8500000.0
1624,639,3.0,1,0.0,0.0,0.0,1.0,0.0,32000000.0
1161,32,3.0,1,0.0,0.0,0.0,1.0,0.0,15600000.0
1796,619,3.0,1,0.0,1.0,1.0,0.0,1.0,11200000.0
1796,619,3.0,1,0.0,1.0,1.0,1.0,1.0,11200000.0
1480,343,3.0,1,0.0,0.0,0.0,1.0,0.0,7700000.0
610,343,1.0,1,0.0,0.0,0.0,0.0,0.0,3100000.0
610,343,1.0,1,0.0,0.0,0.0,1.0,0.0,3100000.0
700,44,2.0,1,1.0,0.0,1.0,1.0,0.0,2500000.0
614,315,1.0,1,1.0,1.0,1.0,1.0,1.0,3069000.0
700,44,2.0,1,1.0,0.0,1.0,1.0,0.0,2500000.0
614,315,1.0,1,1.0,1.0,1.0,1.0,1.0,3069000.0
700,44,2.0,1,1.0,0.0,1.0,1.0,0.0,2500000.0
1140,619,2.0,1,0.0,0.0,0.0,1.0,1.0,6750000.0
1070,619,2.0,1,0.0,0.0,0.0,1.0,1.0,6350000.0
1065,619,2.0,1,0.0,0.0,0.0,1.0,1.0,6300000.0
1120,619,2.0,1,0.0,0.0,0.0,1.0,1.0,6600000.0
909,193,2.0,1,0.0,0.0,0.0,0.0,1.0,3409000.0000000005
861,193,2.0,1,0.0,0.0,0.0,0.0,0.0,3242000.0
980,619,2.0,1,0.0,0.0,0.0,0.0,0.0,5900000.0
980,619,2.0,1,0.0,0.0,0.0,0.0,0.0,5900000.0
590,360,1.0,1,0.0,0.0,0.0,1.0,0.0,3127000.0
1110,619,2.0,1,0.0,0.0,0.0,1.0,1.0,6600000.0
1090,619,2.0,1,0.0,0.0,0.0,0.0,0.0,6500000.0
1090,619,2.0,1,0.0,0.0,0.0,1.0,1.0,6500000.0
574,638,1.0,1,0.0,0.0,0.0,1.0,0.0,3050000.0
1468,664,3.0,1,0.0,0.0,0.0,0.0,0.0,7650000.0
1468,664,3.0,1,0.0,0.0,0.0,1.0,0.0,7650000.0
1464,638,3.0,1,0.0,0.0,0.0,1.0,0.0,7650000.0
1462,343,3.0,1,0.0,0.0,0.0,1.0,0.0,7700000.0
1460,314,3.0,1,0.0,0.0,0.0,1.0,0.0,7733000.0
1256,638,2.0,1,0.0,0.0,0.0,1.0,0.0,6550000.0
1252,314,2.0,1,0.0,0.0,0.0,0.0,0.0,6600000.0
1220,638,2.0,1,0.0,0.0,0.0,1.0,0.0,6450000.0
980,619,2.0,1,0.0,0.0,0.0,0.0,0.0,5900000.0
980,619,2.0,1,0.0,0.0,0.0,0.0,0.0,5900000.0
590,360,1.0,1,0.0,0.0,0.0,1.0,0.0,3127000.0
570,664,1.0,1,0.0,0.0,0.0,1.0,0.0,3021000.0
730,419,2.0,1,0.0,0.0,0.0,0.0,0.0,3547000.0
852,419,2.0,1,0.0,0.0,0.0,1.0,0.0,3578000.0
815,419,2.0,1,0.0,0.0,0.0,0.0,0.0,3667000.0
810,419,2.0,1,0.0,0.0,0.0,0.0,0.0,3645000.0000000005
2345,425,4.0,1,1.0,1.0,1.0,1.0,1.0,16500000.0
1550,467,2.0,1,1.0,1.0,1.0,1.0,1.0,7000000.0
1691,619,2.0,1,1.0,1.0,0.0,1.0,1.0,11000000.0
1750,9,3.0,1,1.0,1.0,1.0,1.0,1.0,15000000.0
1200,419,3.0,1,0.0,0.0,0.0,0.0,0.0,5760000.0
767,419,2.0,1,0.0,0.0,0.0,0.0,0.0,3681000.0
767,419,2.0,1,0.0,0.0,0.0,0.0,0.0,3681000.0
954,419,2.0,1,0.0,0.0,0.0,0.0,0.0,4006000.0
920,419,2.0,1,0.0,0.0,0.0,1.0,0.0,4416000.0
794,419,2.0,1,0.0,0.0,0.0,1.0,0.0,3811000.0
805,419,2.0,1,0.0,0.0,0.0,1.0,0.0,3381000.0
787,419,2.0,1,0.0,0.0,0.0,1.0,0.0,3797999.0
794,419,2.0,1,0.0,0.0,0.0,1.0,0.0,3572999.0
1123,419,3.0,1,0.0,0.0,0.0,1.0,0.0,6176000.0
853,419,2.0,1,0.0,0.0,0.0,0.0,0.0,4265000.0
767,419,2.0,1,0.0,0.0,0.0,0.0,0.0,3451000.0
959,419,2.0,1,0.0,0.0,0.0,0.0,0.0,4603000.0
925,419,2.0,1,0.0,0.0,0.0,0.0,0.0,4440000.0
952,419,2.0,1,0.0,0.0,0.0,0.0,0.0,4569000.0
870,419,2.0,1,0.0,0.0,0.0,0.0,0.0,4176000.0
935,419,2.0,1,0.0,0.0,0.0,1.0,0.0,4207000.0
916,419,2.0,1,0.0,0.0,0.0,1.0,0.0,4304000.0
672,419,2.0,1,0.0,0.0,0.0,1.0,0.0,3427000.0000000005
841,419,2.0,1,0.0,0.0,0.0,1.0,0.0,4289000.0
2168,452,3.0,1,1.0,1.0,1.0,1.0,1.0,10800000.0
2232,446,3.0,1,0.0,0.0,0.0,1.0,1.0,10000000.0
2700,452,2.0,1,1.0,1.0,1.0,1.0,1.0,12500000.0
1942,452,2.0,1,1.0,1.0,1.0,1.0,1.0,9000000.0
2380,6,4.0,1,1.0,0.0,1.0,1.0,0.0,34000000.0
1913,697,3.0,1,0.0,1.0,1.0,1.0,1.0,19000000.0
2089,46,4.0,1,1.0,1.0,1.0,1.0,0.0,13200000.0
1970,425,3.0,1,1.0,1.0,1.0,1.0,1.0,15700000.0
802,360,2.0,1,0.0,0.0,0.0,1.0,0.0,5011000.0
802,360,2.0,1,0.0,0.0,0.0,1.0,0.0,4449000.0
880,360,2.0,1,0.0,0.0,0.0,1.0,0.0,5440000.0
1045,360,2.0,1,0.0,0.0,0.0,1.0,0.0,5747000.0
867,360,2.0,1,0.0,0.0,0.0,0.0,0.0,4674000.0
867,360,2.0,1,0.0,0.0,0.0,1.0,0.0,4674000.0
994,314,2.0,1,0.0,0.0,0.0,1.0,0.0,4771000.0
1126,360,3.0,1,0.0,0.0,0.0,1.0,0.0,6193000.0
1166,360,3.0,1,0.0,0.0,0.0,1.0,0.0,6413000.0
750,314,2.0,1,0.0,0.0,0.0,1.0,0.0,4425000.0
810,314,2.0,1,0.0,0.0,0.0,0.0,0.0,4731000.0
810,314,2.0,1,0.0,0.0,0.0,0.0,0.0,4731000.0
908,374,2.0,1,0.0,0.0,0.0,0.0,0.0,4540000.0
908,374,2.0,1,0.0,0.0,0.0,0.0,0.0,4540000.0
938,374,2.0,1,0.0,0.0,0.0,0.0,0.0,4408000.0
938,374,2.0,1,0.0,0.0,0.0,1.0,0.0,4408000.0
942,374,2.0,1,0.0,0.0,0.0,0.0,0.0,4333000.0
910,374,2.0,1,0.0,0.0,0.0,1.0,0.0,4186000.0
884,374,2.0,1,0.0,0.0,0.0,0.0,0.0,4420000.0
858,374,2.0,1,0.0,0.0,0.0,0.0,0.0,4032000.0
960,374,2.0,1,0.0,0.0,0.0,1.0,0.0,4512000.0
850,374,2.0,1,0.0,0.0,0.0,0.0,0.0,4930000.0
816,374,2.0,1,0.0,0.0,0.0,1.0,0.0,3835000.0
908,374,2.0,1,0.0,0.0,0.0,0.0,0.0,4540000.0
908,374,2.0,1,0.0,0.0,0.0,0.0,0.0,4540000.0
938,374,2.0,1,0.0,0.0,0.0,0.0,0.0,4408000.0
938,374,2.0,1,0.0,0.0,0.0,1.0,0.0,4408000.0
942,374,2.0,1,0.0,0.0,0.0,0.0,0.0,4333000.0
910,374,2.0,1,0.0,0.0,0.0,1.0,0.0,4186000.0
884,374,2.0,1,0.0,0.0,0.0,0.0,0.0,4420000.0
858,374,2.0,1,0.0,0.0,0.0,0.0,0.0,4032000.0
960,374,2.0,1,0.0,0.0,0.0,1.0,0.0,4512000.0
850,374,2.0,1,0.0,0.0,0.0,0.0,0.0,4930000.0
800,374,2.0,1,0.0,0.0,0.0,1.0,0.0,4640000.0
928,374,2.0,1,0.0,0.0,0.0,0.0,0.0,4268000.0
928,374,2.0,1,0.0,0.0,0.0,0.0,0.0,4268000.0
1037,374,2.0,1,0.0,0.0,0.0,1.0,0.0,4873000.0
1163,374,3.0,1,0.0,0.0,0.0,1.0,0.0,6629000.000000001
1288,270,1.0,1,1.0,1.0,1.0,1.0,0.0,8000000.0
873,479,2.0,1,0.0,0.0,0.0,0.0,0.0,4500000.0
2456,469,3.0,1,0.0,1.0,1.0,0.0,0.0,27500000.0
2456,469,3.0,1,0.0,1.0,1.0,1.0,0.0,27500000.0
1705,619,3.0,1,0.0,1.0,0.0,1.0,0.0,8800000.0
1400,343,3.0,1,1.0,1.0,1.0,1.0,1.0,9400000.0
1504,425,3.0,1,1.0,1.0,1.0,1.0,1.0,8500000.0
2680,687,4.0,1,1.0,1.0,1.0,1.0,1.0,31500000.0
1353,657,3.0,1,1.0,1.0,0.0,1.0,1.0,9500000.0
919,419,2.0,1,0.0,0.0,0.0,1.0,0.0,5054000.0
737,419,2.0,1,0.0,0.0,0.0,0.0,0.0,3495000.0000000005
797,419,2.0,1,0.0,0.0,0.0,0.0,0.0,4144000.0
797,419,2.0,1,0.0,0.0,0.0,0.0,0.0,4144000.0
852,419,2.0,1,0.0,0.0,0.0,0.0,0.0,3834000.0000000005
895,419,2.0,1,0.0,0.0,0.0,0.0,0.0,4296000.0
945,688,2.0,1,0.0,0.0,0.0,0.0,0.0,4536000.0
945,688,2.0,1,0.0,0.0,0.0,0.0,0.0,4536000.0
920,419,2.0,1,0.0,0.0,0.0,0.0,0.0,4416000.0
832,419,2.0,1,0.0,0.0,0.0,0.0,0.0,3744000.0
872,419,2.0,1,0.0,0.0,0.0,0.0,0.0,3924000.0
713,419,2.0,1,0.0,0.0,0.0,0.0,0.0,3429999.0
744,419,2.0,1,0.0,0.0,0.0,1.0,0.0,3943000.0
915,419,2.0,1,0.0,0.0,0.0,0.0,0.0,4391000.0
915,419,2.0,1,0.0,0.0,0.0,1.0,0.0,4391000.0
1055,639,2.0,1,1.0,0.0,0.0,0.0,0.0,16500000.0
672,419,2.0,1,0.0,0.0,0.0,0.0,0.0,3027000.0
791,360,2.0,1,0.0,0.0,0.0,1.0,0.0,4950000.0
766,314,2.0,1,0.0,0.0,0.0,1.0,0.0,4276000.0
1058,360,3.0,1,0.0,0.0,0.0,1.0,0.0,5819000.0
1209,360,2.0,1,0.0,0.0,0.0,1.0,0.0,6648999.000000001
689,360,2.0,1,0.0,0.0,0.0,1.0,0.0,3838000.0000000005
832,419,2.0,1,0.0,0.0,0.0,1.0,0.0,3494000.0
856,419,2.0,1,0.0,0.0,0.0,1.0,0.0,4108000.0
875,419,2.0,1,0.0,0.0,0.0,0.0,0.0,3936999.0
1177,419,3.0,1,0.0,0.0,0.0,0.0,0.0,5649000.0
870,419,2.0,1,0.0,0.0,0.0,1.0,0.0,4088000.0000000005
811,419,2.0,1,0.0,0.0,0.0,1.0,0.0,3653000.0
742,419,2.0,1,0.0,0.0,0.0,1.0,0.0,3784000.0000000005
791,360,2.0,1,0.0,0.0,0.0,1.0,0.0,4950000.0
766,314,2.0,1,0.0,0.0,0.0,1.0,0.0,4276000.0
1058,360,3.0,1,0.0,0.0,0.0,1.0,0.0,5819000.0
1209,360,2.0,1,0.0,0.0,0.0,1.0,0.0,6648999.000000001
689,360,2.0,1,0.0,0.0,0.0,1.0,0.0,3838000.0000000005
805,419,2.0,1,0.0,0.0,0.0,1.0,0.0,3381000.0
768,419,2.0,1,0.0,0.0,0.0,1.0,0.0,3072000.0
722,419,2.0,1,0.0,0.0,0.0,0.0,0.0,3032000.0
745,419,2.0,1,0.0,0.0,0.0,0.0,0.0,3464000.0
713,419,2.0,1,0.0,0.0,0.0,0.0,0.0,3429999.0
854,374,2.0,1,0.0,0.0,0.0,1.0,0.0,3971000.0
1262,374,3.0,1,0.0,0.0,0.0,1.0,0.0,5868000.0
979,374,2.0,1,0.0,0.0,0.0,0.0,0.0,5580000.0
979,374,2.0,1,0.0,0.0,0.0,0.0,0.0,5580000.0
894,374,2.0,1,0.0,0.0,0.0,0.0,0.0,4206000.0
692,374,2.0,1,0.0,0.0,0.0,0.0,0.0,3814000.0
994,374,2.0,1,0.0,0.0,0.0,0.0,0.0,4473000.0
994,374,2.0,1,0.0,0.0,0.0,0.0,0.0,4473000.0
765,374,2.0,1,0.0,0.0,0.0,1.0,0.0,4295000.0
865,374,2.0,1,0.0,0.0,0.0,1.0,0.0,4152000.0000000005
843,374,2.0,1,0.0,0.0,0.0,1.0,0.0,4046000.0
932,374,2.0,1,0.0,0.0,0.0,1.0,0.0,4660000.0
1354,476,2.0,1,0.0,1.0,0.0,1.0,0.0,7903000.0
576,381,1.0,1,1.0,1.0,1.0,1.0,1.0,2950000.0
576,381,1.0,1,1.0,1.0,1.0,1.0,1.0,2950000.0
670,364,2.0,1,0.0,0.0,0.0,1.0,0.0,2650000.0
617,419,2.0,1,0.0,0.0,0.0,0.0,0.0,3390999.0
700,419,2.0,1,0.0,0.0,0.0,0.0,0.0,3360000.0
634,295,2.0,1,0.0,0.0,0.0,0.0,0.0,2915000.0
618,477,1.0,1,0.0,1.0,0.0,1.0,1.0,3089000.0
1165,477,2.0,1,0.0,1.0,0.0,1.0,1.0,5823000.0
1066,477,2.0,1,0.0,1.0,0.0,1.0,1.0,5328000.0
1369,477,3.0,1,0.0,1.0,0.0,1.0,1.0,6843000.000000001
913,315,2.0,1,1.0,1.0,1.0,1.0,1.0,4564000.0
934,477,2.0,1,0.0,1.0,0.0,1.0,1.0,4669000.0
1107,467,2.0,1,1.0,1.0,1.0,1.0,1.0,4758000.0
1546,467,3.0,1,1.0,1.0,1.0,1.0,1.0,6645999.000000001
1355,467,3.0,1,1.0,1.0,1.0,1.0,1.0,5825000.0
1504,425,3.0,1,1.0,1.0,1.0,1.0,1.0,8400000.0
1058,425,2.0,1,1.0,1.0,1.0,1.0,1.0,6312000.0
624,623,1.0,1,1.0,1.0,1.0,1.0,1.0,2246000.0
885,44,2.0,1,0.0,0.0,0.0,0.0,0.0,3363000.0000000005
1010,295,2.0,1,0.0,0.0,0.0,1.0,0.0,4505000.0
2021,425,4.0,1,1.0,1.0,1.0,1.0,1.0,11500000.0
1650,425,3.0,1,1.0,1.0,1.0,1.0,1.0,9510000.0
1158,425,2.0,1,1.0,1.0,1.0,1.0,1.0,6611000.0
1699,425,3.0,1,1.0,1.0,1.0,1.0,1.0,10300000.0
581,623,1.0,1,1.0,1.0,1.0,1.0,1.0,2091000.0
1090,33,2.0,1,0.0,0.0,0.0,0.0,0.0,7630000.0
1110,33,2.0,1,0.0,0.0,0.0,0.0,0.0,7770000.0
1367,280,2.0,1,1.0,1.0,1.0,1.0,1.0,6237000.0
1337,280,2.0,1,1.0,1.0,1.0,1.0,1.0,6100000.0
1321,476,2.0,1,0.0,0.0,0.0,1.0,0.0,7709999.000000001
625,364,2.0,1,0.0,0.0,0.0,1.0,0.0,2000000.0
2348,15,3.0,1,0.0,1.0,1.0,0.0,0.0,51600000.0
2800,15,4.0,1,0.0,1.0,1.0,0.0,0.0,61600000.0
2476,15,3.0,1,0.0,1.0,1.0,0.0,0.0,54400000.0
2781,15,4.0,1,0.0,1.0,1.0,0.0,0.0,61100000.0
2713,15,4.0,1,0.0,1.0,1.0,0.0,0.0,59600000.0
2400,15,3.0,1,0.0,1.0,1.0,0.0,0.0,52800000.0
1241,280,3.0,1,0.0,0.0,0.0,0.0,1.0,5014000.0
1002,280,2.0,1,0.0,0.0,0.0,0.0,1.0,4109000.0000000005
1000,280,2.0,1,0.0,0.0,0.0,0.0,1.0,4102000.0000000005
1243,280,3.0,1,0.0,0.0,0.0,0.0,1.0,5021000.0
1176,280,3.0,1,0.0,0.0,0.0,0.0,1.0,4768000.0
1184,280,3.0,1,0.0,0.0,0.0,0.0,1.0,4798000.0
1181,280,3.0,1,0.0,0.0,0.0,0.0,1.0,4787000.0
1186,280,3.0,1,0.0,0.0,0.0,0.0,1.0,4806000.0
1048,280,2.0,1,0.0,0.0,0.0,0.0,1.0,4283000.0
1062,280,2.0,1,0.0,0.0,0.0,0.0,1.0,4336000.0
962,664,2.0,1,0.0,0.0,0.0,1.0,0.0,4521000.0
1307,270,3.0,1,1.0,1.0,1.0,0.0,1.0,8227000.0
538,270,1.0,1,1.0,1.0,1.0,0.0,1.0,3306000.0
1314,270,3.0,1,1.0,1.0,1.0,0.0,1.0,8270999.000000001
1027,270,2.0,1,1.0,1.0,1.0,0.0,1.0,6567000.0
1358,270,3.0,1,1.0,1.0,1.0,0.0,1.0,8548000.0
1024,270,2.0,1,1.0,1.0,1.0,0.0,1.0,6548000.0
2686,270,4.0,1,1.0,1.0,1.0,0.0,1.0,16900000.0
1561,270,3.0,1,1.0,1.0,1.0,0.0,1.0,9826000.0
1296,270,3.0,1,1.0,1.0,1.0,0.0,1.0,8158000.0
1566,270,3.0,1,1.0,1.0,1.0,0.0,1.0,9857000.0
1829,270,3.0,1,1.0,1.0,1.0,0.0,1.0,11500000.0
1564,270,3.0,1,1.0,1.0,1.0,0.0,1.0,9845000.0
1944,270,3.0,1,1.0,1.0,1.0,0.0,1.0,12200000.0
2640,270,4.0,1,1.0,1.0,1.0,0.0,1.0,16600000.0
549,270,1.0,1,1.0,1.0,1.0,0.0,1.0,3372999.0
2630,270,4.0,1,1.0,1.0,1.0,0.0,1.0,16500000.0
2616,270,4.0,1,1.0,1.0,1.0,0.0,1.0,16399999.0
1599,270,3.0,1,1.0,1.0,1.0,0.0,1.0,10000000.0
868,664,2.0,1,0.0,0.0,0.0,0.0,0.0,3992000.0
2275,657,4.0,1,1.0,1.0,1.0,1.0,1.0,23400000.0
1701,657,3.0,1,1.0,1.0,1.0,1.0,1.0,17900000.0
2022,657,3.0,1,1.0,1.0,1.0,1.0,1.0,20900000.0
708,657,2.0,1,1.0,1.0,1.0,1.0,1.0,6200000.0
1720,657,3.0,1,1.0,1.0,1.0,1.0,1.0,18100000.0
734,657,2.0,1,1.0,1.0,1.0,1.0,1.0,6400000.0
1576,657,2.0,1,1.0,1.0,1.0,1.0,1.0,16100000.0
1636,657,2.0,1,1.0,1.0,1.0,1.0,1.0,16700000.0
1296,657,2.0,1,1.0,1.0,1.0,1.0,1.0,13400000.0
600,512,1.0,1,0.0,0.0,0.0,1.0,0.0,12600000.0
780,193,2.0,1,0.0,0.0,0.0,0.0,0.0,2496000.0
838,193,2.0,1,0.0,0.0,0.0,0.0,0.0,3300000.0
870,477,2.0,1,0.0,0.0,0.0,0.0,0.0,4872000.0
1986,654,3.0,1,0.0,0.0,0.0,0.0,0.0,22799999.0
1986,654,3.0,1,0.0,0.0,0.0,1.0,0.0,22799999.0
1975,654,3.0,1,0.0,0.0,0.0,0.0,0.0,22700000.0
1975,654,3.0,1,0.0,0.0,0.0,1.0,0.0,22700000.0
890,664,2.0,1,0.0,0.0,0.0,0.0,0.0,4004999.0
809,419,2.0,1,0.0,0.0,0.0,0.0,0.0,4125000.0
760,419,2.0,1,0.0,0.0,0.0,0.0,0.0,3420000.0000000005
658,419,1.0,1,0.0,0.0,0.0,0.0,0.0,2763000.0
791,664,2.0,1,0.0,0.0,0.0,0.0,0.0,3322000.0
1118,419,3.0,1,0.0,0.0,0.0,0.0,0.0,5366000.0
1146,419,3.0,1,0.0,0.0,0.0,0.0,0.0,5615000.0
939,664,2.0,1,0.0,0.0,0.0,0.0,0.0,4036999.0
767,419,2.0,1,0.0,0.0,0.0,0.0,0.0,3681000.0
725,419,2.0,1,0.0,0.0,0.0,0.0,0.0,3479999.0
805,419,2.0,1,0.0,0.0,0.0,0.0,0.0,3381000.0
964,419,2.0,1,0.0,0.0,0.0,1.0,0.0,4338000.0
1224,419,3.0,1,0.0,0.0,0.0,1.0,0.0,5691000.0
1647,639,3.0,1,0.0,0.0,0.0,1.0,0.0,27900000.0
1624,639,3.0,1,0.0,0.0,0.0,0.0,0.0,27599999.000000004
1624,639,3.0,1,0.0,0.0,0.0,1.0,0.0,27599999.000000004
1641,639,3.0,1,0.0,0.0,0.0,0.0,0.0,27799999.000000004
1641,639,3.0,1,0.0,0.0,0.0,1.0,0.0,27799999.000000004
1531,425,3.0,1,1.0,0.0,1.0,1.0,0.0,7300000.0
1455,425,3.0,1,1.0,0.0,1.0,1.0,0.0,7000000.0
1455,425,3.0,1,1.0,0.0,1.0,1.0,0.0,7000000.0
938,276,2.0,1,0.0,0.0,0.0,0.0,0.0,4500000.0
1255,452,2.0,1,1.0,1.0,1.0,1.0,1.0,6325000.0
1443,467,3.0,1,1.0,1.0,1.0,1.0,1.0,6493000.000000001
1443,467,3.0,1,1.0,1.0,1.0,1.0,1.0,6493000.000000001
1380,389,3.0,1,1.0,1.0,1.0,1.0,1.0,7173999.000000001
1375,389,3.0,1,1.0,1.0,1.0,1.0,1.0,7148000.0
1532,436,3.0,1,1.0,0.0,1.0,1.0,1.0,23700000.0
1495,436,2.0,1,1.0,0.0,1.0,1.0,1.0,23100000.0
1232,436,2.0,1,1.0,0.0,1.0,1.0,1.0,19000000.0
1444,619,3.0,1,1.0,1.0,1.0,1.0,1.0,8303000.0
2712,452,4.0,1,1.0,1.0,1.0,1.0,1.0,13600000.0
1944,452,3.0,1,1.0,1.0,1.0,1.0,1.0,9797000.0
1482,648,3.0,1,1.0,1.0,1.0,1.0,1.0,5557000.0
2250,619,3.0,1,1.0,1.0,1.0,1.0,1.0,12900000.0
1618,451,3.0,1,1.0,1.0,1.0,1.0,1.0,11399999.0
1365,451,3.0,1,1.0,1.0,1.0,1.0,1.0,9691000.0
1575,193,3.0,1,1.0,1.0,1.0,1.0,1.0,6536000.0
1575,193,3.0,1,1.0,1.0,1.0,1.0,1.0,6536000.0
1373,193,3.0,1,1.0,1.0,1.0,1.0,1.0,5697000.0
1057,193,2.0,1,1.0,1.0,1.0,1.0,1.0,4386000.0
938,193,2.0,1,0.0,0.0,0.0,0.0,0.0,3500000.0
1350,468,3.0,1,1.0,0.0,1.0,1.0,0.0,6066000.0
1350,468,3.0,1,1.0,0.0,1.0,1.0,1.0,6066000.0
1320,468,3.0,1,1.0,0.0,1.0,1.0,1.0,5932000.0
1038,468,3.0,1,1.0,0.0,1.0,1.0,0.0,4664000.0
1038,468,3.0,1,1.0,0.0,1.0,1.0,1.0,4664000.0
924,468,2.0,1,1.0,0.0,1.0,1.0,1.0,4152000.0000000005
909,468,2.0,1,1.0,1.0,1.0,1.0,1.0,4085000.0
875,344,2.0,1,0.0,0.0,0.0,0.0,0.0,4500000.0
1523,163,3.0,1,0.0,0.0,0.0,1.0,1.0,24300000.0
1594,163,3.0,1,0.0,0.0,0.0,1.0,1.0,25500000.0
1270,389,2.0,1,1.0,1.0,0.0,1.0,1.0,8877000.0
1190,389,2.0,1,1.0,1.0,0.0,1.0,1.0,8318000.000000001
1122,451,2.0,1,1.0,1.0,1.0,1.0,1.0,7966000.0
1653,451,3.0,1,1.0,1.0,1.0,1.0,1.0,11700000.0
1540,451,3.0,1,1.0,1.0,1.0,1.0,1.0,10900000.0
1345,451,3.0,1,1.0,1.0,1.0,1.0,1.0,9549000.0
1345,451,3.0,1,1.0,1.0,1.0,1.0,1.0,9549000.0
1282,343,3.0,1,1.0,0.0,1.0,1.0,1.0,7941000.0
1506,343,3.0,1,1.0,0.0,1.0,1.0,1.0,9329000.0
1506,343,3.0,1,1.0,0.0,1.0,1.0,1.0,9329000.0
2712,452,4.0,1,1.0,1.0,1.0,1.0,1.0,13600000.0
1944,452,3.0,1,1.0,1.0,1.0,1.0,1.0,9797000.0
1255,452,2.0,1,1.0,1.0,1.0,1.0,1.0,6325000.0
1546,467,4.0,1,1.0,1.0,1.0,1.0,1.0,6956999.0
1443,467,3.0,1,1.0,1.0,1.0,1.0,1.0,6493000.000000001
1443,467,3.0,1,1.0,1.0,1.0,1.0,1.0,6493000.000000001
1859,296,3.0,1,1.0,1.0,1.0,1.0,1.0,9759000.0
1355,296,2.0,1,1.0,1.0,1.0,1.0,1.0,7113000.0
1024,193,2.0,1,0.0,1.0,0.0,1.0,1.0,3584000.0000000005
980,193,2.0,1,0.0,1.0,0.0,1.0,1.0,3429999.0
1242,124,3.0,1,0.0,0.0,0.0,1.0,0.0,7450000.0
1218,124,3.0,1,0.0,0.0,0.0,1.0,0.0,7306000.0
1025,395,2.0,1,0.0,0.0,0.0,0.0,0.0,5328000.0
530,276,1.0,1,0.0,0.0,0.0,1.0,0.0,2385000.0
930,276,2.0,1,0.0,0.0,0.0,1.0,0.0,4185000.0
2000,469,4.0,1,0.0,0.0,0.0,0.0,0.0,9500000.0
925,605,2.0,1,0.0,0.0,0.0,1.0,0.0,5000000.0
845,605,2.0,1,0.0,0.0,0.0,1.0,0.0,4647000.0
1390,736,3.0,1,0.0,0.0,0.0,1.0,0.0,7645000.0
882,736,2.0,1,0.0,0.0,0.0,1.0,0.0,4851000.0
745,736,2.0,1,0.0,0.0,0.0,1.0,0.0,4000000.0
806,736,2.0,1,0.0,0.0,0.0,1.0,0.0,4433000.0
1140,337,3.0,1,0.0,0.0,0.0,1.0,0.0,5814000.0
821,337,2.0,1,0.0,0.0,0.0,1.0,0.0,3776000.0
750,337,2.0,1,0.0,0.0,0.0,1.0,0.0,3450000.0
948,604,2.0,1,0.0,0.0,0.0,1.0,0.0,4597000.0
810,604,2.0,1,0.0,0.0,0.0,1.0,0.0,3900000.0
740,604,2.0,1,0.0,0.0,0.0,1.0,0.0,3589000.0
1050,124,3.0,1,0.0,0.0,0.0,1.0,0.0,6300000.0
1210,124,3.0,1,0.0,0.0,0.0,1.0,0.0,7000000.0
1038,121,3.0,1,0.0,0.0,0.0,1.0,0.0,6228000.0
822,121,2.0,1,0.0,0.0,0.0,1.0,0.0,4932000.0
931,604,2.0,1,0.0,0.0,0.0,0.0,0.0,3490999.0
876,604,2.0,1,0.0,0.0,0.0,0.0,0.0,3285000.0
1390,452,3.0,1,0.0,0.0,0.0,1.0,0.0,6392000.0
1015,452,2.0,1,0.0,0.0,0.0,1.0,0.0,4667000.0
755,452,2.0,1,0.0,0.0,0.0,1.0,0.0,3697999.0
634,295,2.0,1,0.0,0.0,0.0,0.0,0.0,2915000.0
1371,295,3.0,1,0.0,0.0,0.0,0.0,0.0,6305000.0
1260,295,3.0,1,0.0,0.0,0.0,0.0,0.0,5290000.0
1260,295,3.0,1,0.0,0.0,0.0,0.0,0.0,5290000.0
1320,124,3.0,1,0.0,0.0,0.0,1.0,0.0,7854000.000000001
900,124,2.0,1,0.0,0.0,0.0,0.0,0.0,5220000.0
900,124,2.0,1,0.0,0.0,0.0,1.0,0.0,5400000.0
855,124,2.0,1,0.0,0.0,0.0,1.0,0.0,5130000.0
802,124,2.0,1,0.0,0.0,0.0,1.0,0.0,4812000.0
840,359,2.0,1,0.0,0.0,0.0,1.0,0.0,4115000.0
1355,4,3.0,1,0.0,0.0,0.0,0.0,0.0,10700000.0
1355,4,3.0,1,0.0,0.0,0.0,1.0,0.0,10700000.0
1400,418,3.0,1,0.0,0.0,0.0,1.0,0.0,12000000.0
574,359,1.0,1,0.0,0.0,0.0,0.0,0.0,3041000.0
849,359,2.0,1,0.0,0.0,0.0,0.0,0.0,4498000.0
917,359,2.0,1,0.0,0.0,0.0,0.0,0.0,4859000.0
1219,343,3.0,1,0.0,0.0,0.0,1.0,0.0,8045000.0
1214,343,3.0,1,0.0,0.0,0.0,1.0,0.0,8012000.0
940,343,2.0,1,0.0,0.0,0.0,1.0,0.0,6204000.0
1380,389,3.0,1,1.0,1.0,1.0,1.0,1.0,7173999.000000001
1424,381,3.0,1,1.0,1.0,1.0,1.0,1.0,5846000.0
1450,425,3.0,1,0.0,1.0,1.0,1.0,1.0,9425000.0
925,389,2.0,1,1.0,1.0,1.0,1.0,1.0,5550000.0
1194,381,2.0,1,1.0,1.0,1.0,1.0,1.0,4900000.0
2150,425,3.0,1,1.0,1.0,1.0,1.0,1.0,17500000.0
940,389,2.0,1,1.0,1.0,1.0,1.0,1.0,4887000.0
1960,425,3.0,1,0.0,1.0,1.0,1.0,1.0,14200000.0
1375,389,3.0,1,1.0,1.0,1.0,1.0,1.0,8250000.0
1980,425,3.0,1,0.0,1.0,1.0,1.0,1.0,16500000.0
1080,389,2.0,1,1.0,1.0,1.0,1.0,1.0,6480000.0
1065,389,2.0,1,1.0,1.0,1.0,1.0,1.0,6390000.0
1194,111,2.0,1,0.0,1.0,0.0,1.0,1.0,4900000.0
2923,646,4.0,1,1.0,1.0,1.0,1.0,1.0,75000000.0
990,648,2.0,1,1.0,1.0,1.0,1.0,1.0,4217000.0
1375,389,3.0,1,1.0,1.0,1.0,1.0,1.0,8250000.0
1375,389,3.0,1,1.0,1.0,1.0,1.0,1.0,8250000.0
1033,193,2.0,1,0.0,1.0,0.0,1.0,1.0,3615000.0
670,469,1.0,1,1.0,1.0,1.0,1.0,1.0,4900000.0
2080,446,3.0,1,1.0,1.0,1.0,1.0,1.0,9000000.0
1818,654,3.0,1,0.0,0.0,0.0,1.0,0.0,24500000.0
1667,654,3.0,1,0.0,0.0,0.0,1.0,0.0,22500000.0
2451,425,4.0,1,0.0,1.0,1.0,1.0,1.0,21000000.0
1651,163,3.0,1,1.0,1.0,1.0,1.0,1.0,26500000.0
6000,425,4.0,1,0.0,1.0,0.0,1.0,1.0,40000000.0
1915,619,3.0,1,1.0,1.0,0.0,1.0,1.0,9400000.0
1631,163,3.0,1,1.0,1.0,1.0,1.0,1.0,26000000.0
1135,626,2.0,1,1.0,1.0,1.0,1.0,1.0,5221000.0
910,467,1.0,1,0.0,0.0,0.0,0.0,0.0,3822000.0
1150,381,3.0,1,1.0,1.0,1.0,1.0,1.0,4400000.0
860,381,2.0,1,1.0,1.0,1.0,1.0,1.0,3200000.0
1636,163,3.0,1,1.0,1.0,1.0,1.0,1.0,26500000.0
2107,657,3.0,1,1.0,1.0,1.0,1.0,1.0,11700000.0
1080,389,2.0,1,1.0,1.0,1.0,1.0,1.0,6480000.0
1065,389,2.0,1,1.0,1.0,1.0,1.0,1.0,6390000.0
1194,111,2.0,1,0.0,1.0,0.0,1.0,1.0,4900000.0
2923,646,4.0,1,1.0,1.0,1.0,1.0,1.0,75000000.0
990,648,2.0,1,1.0,1.0,1.0,1.0,1.0,4217000.0
1375,389,3.0,1,1.0,1.0,1.0,1.0,1.0,8250000.0
1375,389,3.0,1,1.0,1.0,1.0,1.0,1.0,8250000.0
1065,389,2.0,1,1.0,1.0,1.0,1.0,1.0,6390000.0
1080,389,2.0,1,1.0,1.0,1.0,1.0,1.0,6480000.0
1150,381,3.0,1,1.0,1.0,1.0,1.0,1.0,3795000.0000000005
1220,381,2.0,1,1.0,1.0,1.0,1.0,1.0,5000000.0
1080,389,2.0,1,1.0,1.0,1.0,1.0,1.0,6480000.0
1695,425,3.0,1,0.0,1.0,1.0,1.0,1.0,11000000.0
2150,425,3.0,1,0.0,1.0,1.0,1.0,1.0,13899999.0
2580,389,4.0,1,1.0,1.0,0.0,1.0,1.0,15700000.0
1405,381,3.0,1,1.0,1.0,1.0,1.0,1.0,4636000.0
1085,389,2.0,1,1.0,1.0,1.0,1.0,1.0,6509999.000000001
1380,389,3.0,1,1.0,1.0,1.0,1.0,1.0,8280000.0
1244,452,2.0,1,0.0,1.0,0.0,1.0,1.0,7500000.0
1194,111,2.0,1,0.0,1.0,0.0,1.0,1.0,4900000.0
1033,193,2.0,1,0.0,1.0,0.0,1.0,1.0,3615000.0
670,469,1.0,1,1.0,1.0,1.0,1.0,1.0,4900000.0
2080,446,3.0,1,1.0,1.0,1.0,1.0,1.0,9000000.0
1818,654,3.0,1,0.0,0.0,0.0,1.0,0.0,24500000.0
1667,654,3.0,1,0.0,0.0,0.0,1.0,0.0,22500000.0
2451,425,4.0,1,0.0,1.0,1.0,1.0,1.0,21000000.0
1651,163,3.0,1,1.0,1.0,1.0,1.0,1.0,26500000.0
6000,425,4.0,1,0.0,1.0,0.0,1.0,1.0,40000000.0
1915,619,3.0,1,1.0,1.0,0.0,1.0,1.0,9400000.0
1631,163,3.0,1,1.0,1.0,1.0,1.0,1.0,26000000.0
1135,626,2.0,1,1.0,1.0,1.0,1.0,1.0,5221000.0
910,467,1.0,1,0.0,0.0,0.0,0.0,0.0,3822000.0
1150,381,3.0,1,1.0,1.0,1.0,1.0,1.0,4400000.0
860,381,2.0,1,1.0,1.0,1.0,1.0,1.0,3200000.0
1636,163,3.0,1,1.0,1.0,1.0,1.0,1.0,26500000.0
2107,657,3.0,1,1.0,1.0,1.0,1.0,1.0,11700000.0
1290,222,2.0,1,1.0,1.0,0.0,0.0,1.0,11399999.0
1546,467,4.0,1,1.0,1.0,1.0,1.0,1.0,7751000.000000001
1380,389,3.0,1,1.0,1.0,1.0,1.0,1.0,8280000.0
1970,389,3.0,1,1.0,1.0,0.0,1.0,1.0,11900000.0
2580,389,4.0,1,1.0,1.0,0.0,1.0,1.0,15700000.0
2052,24,4.0,1,1.0,1.0,1.0,1.0,1.0,25600000.0
1581,24,2.0,1,1.0,1.0,1.0,1.0,1.0,19700000.0
1033,193,2.0,1,0.0,1.0,0.0,1.0,1.0,3615000.0
670,469,1.0,1,1.0,1.0,1.0,1.0,1.0,4900000.0
2080,446,3.0,1,1.0,1.0,1.0,1.0,1.0,9000000.0
1818,654,3.0,1,0.0,0.0,0.0,1.0,0.0,24500000.0
1667,654,3.0,1,0.0,0.0,0.0,1.0,0.0,22500000.0
2451,425,4.0,1,0.0,1.0,1.0,1.0,1.0,21000000.0
1651,163,3.0,1,1.0,1.0,1.0,1.0,1.0,26500000.0
6000,425,4.0,1,0.0,1.0,0.0,1.0,1.0,40000000.0
1915,619,3.0,1,1.0,1.0,0.0,1.0,1.0,9400000.0
1631,163,3.0,1,1.0,1.0,1.0,1.0,1.0,26000000.0
1135,626,2.0,1,1.0,1.0,1.0,1.0,1.0,5221000.0
1145,648,3.0,1,1.0,1.0,1.0,1.0,1.0,3950000.0
1230,418,2.0,1,0.0,0.0,0.0,1.0,0.0,10300000.0
1243,452,2.0,1,1.0,1.0,1.0,1.0,1.0,8108000.0
2712,452,4.0,1,1.0,1.0,1.0,1.0,1.0,17600000.0
1944,452,3.0,1,1.0,1.0,1.0,1.0,1.0,12600000.0
1922,452,3.0,1,1.0,1.0,1.0,1.0,1.0,12000000.0
2691,452,4.0,1,1.0,1.0,1.0,1.0,1.0,16500000.0
1255,452,2.0,1,1.0,1.0,1.0,1.0,1.0,8200000.0
1066,315,2.0,1,1.0,1.0,1.0,1.0,1.0,5116000.0
1452,315,3.0,1,1.0,1.0,1.0,1.0,1.0,6969000.0
1350,315,3.0,1,1.0,1.0,1.0,1.0,1.0,6480000.0
924,315,2.0,1,1.0,1.0,1.0,1.0,1.0,4435000.0
1369,315,3.0,1,1.0,1.0,1.0,1.0,1.0,6570999.000000001
1175,315,2.0,1,1.0,1.0,1.0,1.0,1.0,5640000.0
615,315,2.0,1,1.0,1.0,1.0,1.0,1.0,2952000.0
1020,604,3.0,1,0.0,0.0,0.0,0.0,0.0,5100000.0
820,604,2.0,1,0.0,0.0,0.0,1.0,0.0,4104999.0
1444,619,3.0,1,1.0,1.0,1.0,1.0,1.0,8303000.0
1255,295,3.0,1,0.0,0.0,0.0,1.0,0.0,5647000.0
1235,17,3.0,1,0.0,0.0,0.0,1.0,0.0,6934999.000000001
841,44,2.0,1,0.0,0.0,0.0,0.0,0.0,3195000.0
1235,17,2.0,1,0.0,0.0,0.0,1.0,0.0,6934999.000000001
862,295,2.0,1,0.0,0.0,0.0,1.0,0.0,3879999.0
1975,654,3.0,1,0.0,0.0,0.0,0.0,0.0,28700000.0
2015,654,3.0,1,0.0,0.0,0.0,0.0,0.0,29400000.0
1230,314,2.0,1,0.0,1.0,1.0,1.0,1.0,7748999.000000001
1254,314,2.0,1,0.0,1.0,1.0,1.0,1.0,7900000.0
1228,314,2.0,1,0.0,1.0,1.0,1.0,1.0,7736000.0
1552,314,3.0,1,0.0,1.0,1.0,1.0,1.0,9777000.0
1222,314,2.0,1,0.0,1.0,1.0,1.0,1.0,7698000.0
1189,314,2.0,1,0.0,1.0,1.0,1.0,1.0,7490000.000000001
1562,314,3.0,1,0.0,1.0,1.0,1.0,1.0,9840000.0
1501,314,3.0,1,0.0,1.0,1.0,1.0,1.0,9456000.0
1092,359,3.0,1,0.0,0.0,0.0,1.0,0.0,6434000.0
706,652,2.0,1,0.0,0.0,0.0,0.0,0.0,2471000.0
884,652,2.0,1,0.0,0.0,0.0,0.0,0.0,3094000.0
778,359,2.0,1,0.0,0.0,0.0,1.0,0.0,4513000.0
1092,359,3.0,1,0.0,0.0,0.0,1.0,0.0,6334000.0
4736,619,4.0,1,1.0,1.0,1.0,1.0,1.0,27200000.0
4452,619,4.0,1,1.0,1.0,1.0,1.0,1.0,25500000.0
4451,619,4.0,1,1.0,1.0,1.0,1.0,1.0,25500000.0
4690,619,4.0,1,1.0,1.0,1.0,1.0,1.0,26900000.0
1605,619,3.0,1,1.0,1.0,1.0,1.0,1.0,9228000.0
1606,619,3.0,1,1.0,1.0,1.0,1.0,1.0,9234000.0
1453,619,3.0,1,1.0,1.0,1.0,1.0,1.0,8354000.000000001
1658,619,3.0,1,1.0,1.0,1.0,1.0,1.0,9533000.0
1660,619,3.0,1,1.0,1.0,1.0,1.0,1.0,9545000.0
1551,619,3.0,1,1.0,1.0,1.0,1.0,1.0,7598999.000000001
4297,619,4.0,1,1.0,1.0,1.0,1.0,1.0,24700000.0
1594,619,3.0,1,1.0,1.0,1.0,1.0,1.0,7809999.000000001
1190,389,2.0,1,1.0,1.0,0.0,0.0,1.0,7900000.0
1270,389,2.0,1,1.0,1.0,0.0,0.0,1.0,8430000.0
4682,619,4.0,1,1.0,1.0,1.0,1.0,1.0,26900000.0
4105,619,4.0,1,1.0,1.0,1.0,1.0,1.0,23600000.0
1970,389,3.0,1,1.0,1.0,0.0,0.0,1.0,13000000.0
2580,389,4.0,1,1.0,1.0,0.0,0.0,1.0,17100000.0
1880,389,3.0,1,1.0,1.0,0.0,0.0,1.0,12400000.0
1390,389,3.0,1,1.0,1.0,0.0,0.0,1.0,9226000.0
1850,389,3.0,1,1.0,1.0,0.0,0.0,1.0,12200000.0
950,605,2.0,1,0.0,0.0,0.0,1.0,0.0,5339000.0
888,496,2.0,1,0.0,0.0,0.0,1.0,0.0,4880000.0
755,496,2.0,1,0.0,0.0,0.0,1.0,0.0,3472999.0
745,314,2.0,1,0.0,0.0,0.0,1.0,0.0,3650000.0
920,688,2.0,1,0.0,0.0,0.0,1.0,0.0,4400000.0
809,419,2.0,1,0.0,0.0,0.0,1.0,0.0,3882000.0
809,360,2.0,1,0.0,0.0,0.0,1.0,0.0,3883000.0
970,360,2.0,1,0.0,0.0,0.0,1.0,0.0,4656000.0
755,374,2.0,1,0.0,0.0,0.0,1.0,0.0,4237000.0
850,374,2.0,1,0.0,0.0,0.0,1.0,0.0,4079999.0
926,374,2.0,1,0.0,0.0,0.0,1.0,0.0,4444000.0
1032,374,2.0,1,0.0,0.0,0.0,1.0,0.0,4953000.0
745,688,2.0,1,0.0,0.0,0.0,1.0,0.0,3650000.0
1032,688,3.0,1,0.0,0.0,0.0,1.0,0.0,4953000.0
920,314,2.0,1,0.0,0.0,0.0,1.0,0.0,4416000.0
1032,360,3.0,1,0.0,0.0,0.0,1.0,0.0,4953000.0
970,688,2.0,1,0.0,0.0,0.0,1.0,0.0,4656000.0
2004,654,3.0,1,0.0,0.0,0.0,0.0,0.0,29100000.0
2004,654,3.0,1,0.0,0.0,0.0,0.0,0.0,29100000.0
1986,654,3.0,1,0.0,0.0,0.0,0.0,0.0,28900000.0
1200,314,2.0,1,0.0,1.0,1.0,1.0,1.0,7559999.000000001
1500,314,3.0,1,0.0,1.0,1.0,1.0,1.0,9450000.0
1099,124,3.0,1,0.0,0.0,0.0,0.0,0.0,5330000.0
1200,451,2.0,1,0.0,0.0,0.0,1.0,0.0,6959999.000000001
1125,496,3.0,1,0.0,0.0,0.0,1.0,0.0,6998999.000000001
850,605,2.0,1,0.0,0.0,0.0,1.0,0.0,4802000.0
845,605,2.0,1,0.0,0.0,0.0,1.0,0.0,4768000.0
893,193,2.0,1,0.0,0.0,0.0,0.0,0.0,3039000.0
870,604,2.0,1,0.0,0.0,0.0,0.0,0.0,3261999.0
850,604,2.0,1,0.0,0.0,0.0,1.0,0.0,4250000.0
580,337,1.0,1,0.0,0.0,0.0,1.0,0.0,2900000.0
1300,374,3.0,1,0.0,0.0,0.0,1.0,0.0,8100000.0
1150,374,3.0,1,0.0,0.0,0.0,1.0,0.0,7245000.0
1022,374,2.0,1,0.0,0.0,0.0,1.0,0.0,4999000.0
921,419,2.0,1,0.0,0.0,0.0,0.0,0.0,4372000.0
750,374,2.0,1,0.0,0.0,0.0,0.0,0.0,3635000.0
1032,419,2.0,1,0.0,0.0,0.0,0.0,0.0,4747000.0
2060,436,2.0,1,0.0,1.0,0.0,1.0,1.0,43200000.0
2081,436,3.0,1,0.0,1.0,0.0,1.0,1.0,43700000.0
2056,436,3.0,1,0.0,1.0,0.0,1.0,1.0,43099999.0
2060,436,2.0,1,0.0,1.0,0.0,1.0,1.0,43200000.0
1350,639,3.0,1,0.0,0.0,0.0,0.0,0.0,17500000.0
1575,102,3.0,1,0.0,0.0,0.0,1.0,0.0,20000000.0
1475,656,3.0,1,0.0,0.0,0.0,1.0,1.0,12500000.0
855,467,2.0,1,1.0,0.0,0.0,0.0,0.0,3500000.0
939,17,2.0,1,0.0,0.0,0.0,0.0,0.0,5808000.0
1320,639,2.0,1,0.0,0.0,0.0,0.0,0.0,12500000.0
721,17,2.0,1,0.0,0.0,0.0,0.0,0.0,3881000.0
1300,674,3.0,1,0.0,0.0,0.0,0.0,0.0,9500000.0
721,17,2.0,1,0.0,0.0,0.0,0.0,0.0,3881000.0
927,17,2.0,1,0.0,0.0,0.0,0.0,0.0,5737000.0
721,17,2.0,1,0.0,0.0,0.0,0.0,0.0,3881000.0
1569,676,3.0,1,0.0,0.0,0.0,0.0,0.0,11700000.0
939,17,2.0,1,0.0,0.0,0.0,0.0,0.0,5808000.0
872,17,2.0,1,0.0,0.0,0.0,0.0,0.0,4635000.0
721,17,2.0,1,0.0,0.0,0.0,0.0,0.0,3881000.0
927,17,2.0,1,0.0,0.0,0.0,0.0,0.0,5737000.0
721,17,2.0,1,0.0,0.0,0.0,0.0,0.0,3881000.0
1135,477,2.0,1,0.0,1.0,0.0,1.0,1.0,6900000.0
1283,32,3.0,1,0.0,1.0,1.0,1.0,1.0,20500000.0
625,477,1.0,1,0.0,1.0,0.0,1.0,1.0,3600000.0
1084,454,2.0,1,0.0,0.0,0.0,0.0,0.0,4700000.0
1356,315,3.0,1,1.0,1.0,1.0,1.0,1.0,6700000.0
1470,317,3.0,1,1.0,1.0,1.0,1.0,1.0,15000000.0
721,17,2.0,1,0.0,0.0,0.0,0.0,0.0,3881000.0
1036,454,2.0,1,0.0,0.0,0.0,1.0,0.0,4800000.0
1569,436,3.0,1,0.0,1.0,0.0,1.0,1.0,23500000.0
721,17,2.0,1,0.0,0.0,0.0,0.0,0.0,3881000.0
1124,359,3.0,1,0.0,1.0,0.0,1.0,1.0,10300000.0
1451,6,3.0,1,0.0,1.0,0.0,1.0,1.0,22400000.0
721,17,2.0,1,0.0,0.0,0.0,1.0,0.0,3881000.0
745,295,2.0,1,1.0,0.0,1.0,0.0,0.0,3352000.0000000005
2640,288,4.0,1,0.0,1.0,0.0,1.0,1.0,38200000.0
1748,32,2.0,1,0.0,1.0,0.0,1.0,1.0,22300000.0
2527,646,4.0,1,0.0,1.0,0.0,1.0,1.0,48000000.0
770,467,2.0,1,1.0,0.0,0.0,0.0,0.0,4000000.0
1140,477,2.0,1,0.0,1.0,0.0,1.0,1.0,7000000.0
1140,477,2.0,1,0.0,1.0,0.0,1.0,1.0,7000000.0
1302,657,3.0,1,1.0,1.0,0.0,1.0,1.0,10300000.0
886,17,2.0,1,0.0,0.0,0.0,1.0,0.0,4705000.0
1340,315,3.0,1,1.0,1.0,1.0,1.0,1.0,7777000.0
762,425,2.0,1,0.0,0.0,1.0,1.0,0.0,3996000.0
1021,389,2.0,1,0.0,0.0,0.0,0.0,0.0,6850000.0
1017,123,2.0,1,0.0,0.0,0.0,1.0,0.0,8644000.0
1017,123,2.0,1,0.0,0.0,0.0,1.0,0.0,8644000.0
1017,123,2.0,1,0.0,0.0,0.0,1.0,0.0,8644000.0
1017,123,2.0,1,0.0,0.0,0.0,1.0,0.0,8644000.0
849,123,2.0,1,0.0,0.0,0.0,1.0,0.0,7216000.0
849,123,2.0,1,0.0,0.0,0.0,1.0,0.0,7216000.0
849,123,2.0,1,0.0,0.0,0.0,1.0,0.0,7216000.0
849,123,2.0,1,0.0,0.0,0.0,1.0,0.0,7216000.0
642,123,2.0,1,0.0,0.0,0.0,1.0,0.0,5457000.0
642,123,2.0,1,0.0,0.0,0.0,1.0,0.0,5456000.0
642,123,2.0,1,0.0,0.0,0.0,1.0,0.0,5456000.0
642,123,2.0,1,0.0,0.0,0.0,1.0,0.0,5456000.0
642,123,2.0,1,0.0,0.0,0.0,1.0,0.0,5456000.0
828,604,2.0,1,0.0,0.0,0.0,0.0,0.0,3499000.0
828,604,2.0,1,0.0,0.0,0.0,0.0,0.0,3499000.0
828,604,2.0,1,0.0,0.0,0.0,0.0,0.0,3499000.0
828,604,2.0,1,0.0,0.0,0.0,0.0,0.0,3499000.0
828,604,2.0,1,0.0,0.0,0.0,0.0,0.0,3499000.0
998,604,2.0,1,0.0,0.0,0.0,0.0,0.0,4491000.0
998,604,2.0,1,0.0,0.0,0.0,0.0,0.0,4490000.0
1569,436,3.0,1,0.0,1.0,0.0,1.0,1.0,23500000.0
721,17,2.0,1,0.0,0.0,0.0,0.0,0.0,3881000.0
1084,454,2.0,1,0.0,0.0,0.0,0.0,0.0,4700000.0
721,17,2.0,1,0.0,0.0,0.0,1.0,0.0,3881000.0
745,295,2.0,1,1.0,0.0,1.0,0.0,0.0,3352000.0000000005
1140,477,2.0,1,0.0,1.0,0.0,1.0,1.0,7000000.0
1140,477,2.0,1,0.0,1.0,0.0,1.0,1.0,7000000.0
1302,657,3.0,1,1.0,1.0,0.0,1.0,1.0,10300000.0
1124,359,3.0,1,0.0,1.0,0.0,1.0,1.0,10300000.0
1200,452,3.0,1,0.0,0.0,0.0,0.0,0.0,6600000.0
912,337,2.0,1,0.0,0.0,0.0,0.0,0.0,3399000.0
912,337,2.0,1,0.0,0.0,0.0,0.0,0.0,3399000.0
912,337,2.0,1,0.0,0.0,0.0,0.0,0.0,3399000.0
912,337,2.0,1,0.0,0.0,0.0,0.0,0.0,3399000.0
912,337,2.0,1,0.0,0.0,0.0,0.0,0.0,3399000.0
912,337,2.0,1,0.0,0.0,0.0,0.0,0.0,3400000.0
1000,6,2.0,1,0.0,0.0,0.0,0.0,0.0,7000000.0
1445,687,3.0,1,0.0,0.0,0.0,1.0,0.0,12000000.0
1090,6,2.0,1,0.0,0.0,0.0,1.0,0.0,12000000.0
855,467,2.0,1,1.0,0.0,0.0,0.0,0.0,3400000.0
998,604,2.0,1,0.0,0.0,0.0,0.0,0.0,4490000.0
998,604,2.0,1,0.0,0.0,0.0,0.0,0.0,4490000.0
721,17,2.0,1,0.0,0.0,0.0,0.0,0.0,3881000.0
939,17,2.0,1,0.0,0.0,0.0,0.0,0.0,5808000.0
1808,520,3.0,1,0.0,1.0,0.0,1.0,1.0,19800000.0
721,17,2.0,1,0.0,0.0,0.0,0.0,0.0,3881000.0
1334,520,2.0,1,0.0,1.0,0.0,1.0,1.0,14600000.0
855,467,2.0,1,1.0,0.0,0.0,0.0,0.0,3400000.0
886,17,2.0,1,0.0,0.0,0.0,0.0,0.0,4705000.0
1491,657,4.0,1,1.0,1.0,1.0,1.0,1.0,24700000.0
880,324,2.0,1,0.0,0.0,0.0,0.0,0.0,3344000.0
920,389,2.0,1,0.0,0.0,0.0,1.0,0.0,4900000.0
834,656,2.0,1,0.0,1.0,0.0,1.0,1.0,14400000.0
886,17,2.0,1,0.0,0.0,0.0,1.0,0.0,4705000.0
1340,315,3.0,1,1.0,1.0,1.0,1.0,1.0,7777000.0
762,425,2.0,1,0.0,0.0,1.0,1.0,0.0,3996000.0
1021,389,2.0,1,0.0,0.0,0.0,0.0,0.0,6850000.0
855,467,2.0,1,1.0,0.0,0.0,0.0,0.0,3400000.0
939,17,2.0,1,0.0,0.0,0.0,0.0,0.0,5808000.0
1610,32,3.0,1,0.0,0.0,0.0,0.0,0.0,25400000.0
886,17,2.0,1,0.0,0.0,0.0,0.0,0.0,4705000.0
920,389,2.0,1,0.0,0.0,0.0,1.0,0.0,4900000.0
1491,657,4.0,1,1.0,1.0,1.0,1.0,1.0,24700000.0
834,656,2.0,1,0.0,1.0,0.0,1.0,1.0,14400000.0
1480,476,3.0,1,0.0,1.0,1.0,1.0,1.0,6500000.0
912,689,2.0,1,0.0,0.0,0.0,0.0,0.0,3399000.0
912,689,2.0,1,0.0,0.0,0.0,0.0,0.0,3399000.0
912,689,2.0,1,0.0,0.0,0.0,0.0,0.0,3399000.0
912,689,1.0,1,0.0,0.0,0.0,0.0,0.0,3399000.0
912,689,2.0,1,0.0,0.0,0.0,0.0,0.0,3399000.0
912,689,2.0,1,0.0,0.0,0.0,0.0,0.0,3399000.0
912,689,2.0,1,0.0,0.0,0.0,0.0,0.0,3399000.0
912,689,2.0,1,0.0,0.0,0.0,0.0,0.0,3399000.0
1150,452,3.0,1,0.0,0.0,0.0,0.0,0.0,6324000.0
1150,452,3.0,1,0.0,0.0,0.0,0.0,0.0,6325000.0
912,689,2.0,1,0.0,0.0,0.0,0.0,0.0,3399000.0
912,689,2.0,1,0.0,0.0,0.0,0.0,0.0,3399000.0
912,689,2.0,1,0.0,0.0,0.0,0.0,0.0,3399000.0
912,689,1.0,1,0.0,0.0,0.0,0.0,0.0,3399000.0
912,689,2.0,1,0.0,0.0,0.0,0.0,0.0,3399000.0
912,689,2.0,1,0.0,0.0,0.0,0.0,0.0,3399000.0
912,689,2.0,1,0.0,0.0,0.0,0.0,0.0,3399000.0
912,689,2.0,1,0.0,0.0,0.0,0.0,0.0,3399000.0
1150,452,3.0,1,0.0,0.0,0.0,0.0,0.0,6324000.0
1150,452,3.0,1,0.0,0.0,0.0,0.0,0.0,6325000.0
1150,452,3.0,1,0.0,0.0,0.0,0.0,0.0,6324000.0
1200,452,3.0,1,0.0,0.0,0.0,0.0,0.0,6598999.000000001
1255,248,3.0,1,0.0,1.0,0.0,1.0,1.0,18800000.0
939,17,2.0,1,0.0,0.0,0.0,0.0,0.0,5808000.0
2684,520,4.0,1,0.0,1.0,0.0,1.0,1.0,29500000.0
939,17,2.0,1,0.0,0.0,0.0,0.0,0.0,5808000.0
939,17,2.0,1,0.0,0.0,0.0,0.0,0.0,5808000.0
721,17,2.0,1,0.0,0.0,0.0,1.0,0.0,3881000.0
1017,389,2.0,1,0.0,0.0,0.0,0.0,0.0,6813000.0
646,324,1.0,1,0.0,0.0,0.0,0.0,0.0,2456000.0
913,315,2.0,1,1.0,1.0,1.0,1.0,1.0,5475000.0
1129,657,3.0,1,1.0,1.0,1.0,1.0,1.0,19000000.0
1480,476,3.0,1,0.0,1.0,1.0,1.0,1.0,6500000.0
1750,32,3.0,1,0.0,1.0,0.0,1.0,1.0,31200000.0
858,9,2.0,1,0.0,1.0,1.0,1.0,1.0,13300000.0
787,419,2.0,1,0.0,0.0,0.0,1.0,0.0,3148000.0
1610,32,3.0,1,0.0,0.0,0.0,0.0,0.0,25400000.0
886,17,2.0,1,0.0,0.0,0.0,0.0,0.0,4705000.0
1125,288,2.0,1,0.0,0.0,0.0,1.0,0.0,11000000.0
666,374,1.0,1,1.0,1.0,1.0,1.0,1.0,2797000.0
666,374,1.0,1,1.0,1.0,1.0,1.0,1.0,2797000.0
668,374,1.0,1,1.0,1.0,1.0,1.0,1.0,2806000.0
668,374,1.0,1,1.0,1.0,1.0,1.0,1.0,2806000.0
664,374,1.0,1,1.0,1.0,1.0,1.0,1.0,2789000.0
664,374,1.0,1,1.0,1.0,1.0,1.0,1.0,2789000.0
657,374,1.0,1,1.0,1.0,1.0,1.0,1.0,2759000.0
886,17,2.0,1,0.0,0.0,0.0,0.0,0.0,3986999.0
872,17,2.0,1,0.0,0.0,0.0,0.0,0.0,3924000.0
1503,24,3.0,1,0.0,1.0,0.0,1.0,1.0,22100000.0
927,17,2.0,1,0.0,0.0,0.0,0.0,0.0,5737000.0
1540,32,3.0,1,0.0,0.0,0.0,0.0,0.0,26600000.0
1200,313,3.0,1,0.0,0.0,0.0,1.0,0.0,11000000.0
1375,32,3.0,1,0.0,1.0,0.0,1.0,1.0,24800000.0
1525,32,3.0,1,1.0,1.0,0.0,1.0,1.0,27200000.0
666,374,1.0,1,1.0,1.0,1.0,1.0,1.0,2797000.0
666,374,1.0,1,1.0,1.0,1.0,1.0,1.0,2797000.0
668,374,1.0,1,1.0,1.0,1.0,1.0,1.0,2806000.0
668,374,1.0,1,1.0,1.0,1.0,1.0,1.0,2806000.0
664,374,1.0,1,1.0,1.0,1.0,1.0,1.0,2789000.0
664,374,1.0,1,1.0,1.0,1.0,1.0,1.0,2789000.0
657,374,1.0,1,1.0,1.0,1.0,1.0,1.0,2759000.0
657,374,1.0,1,1.0,1.0,1.0,1.0,1.0,2759000.0
653,374,1.0,1,1.0,1.0,1.0,1.0,1.0,2743000.0
653,374,1.0,1,1.0,1.0,1.0,1.0,1.0,2743000.0
656,374,1.0,1,1.0,1.0,1.0,1.0,1.0,2755000.0
656,374,1.0,1,1.0,1.0,1.0,1.0,1.0,2755000.0
1875,32,3.0,1,0.0,1.0,0.0,1.0,1.0,33900000.0
1560,32,3.0,1,0.0,1.0,0.0,1.0,1.0,28000000.0
1500,32,3.0,1,0.0,1.0,0.0,1.0,1.0,26400000.0
1565,32,3.0,1,0.0,1.0,0.0,1.0,1.0,27400000.0
721,17,2.0,1,0.0,0.0,0.0,0.0,0.0,3881000.0
721,17,2.0,1,0.0,0.0,0.0,0.0,0.0,3881000.0
1520,32,3.0,1,0.0,1.0,0.0,1.0,1.0,27100000.0
886,17,2.0,1,0.0,0.0,0.0,0.0,0.0,3986999.0
872,17,2.0,1,0.0,0.0,0.0,0.0,0.0,3924000.0
1540,32,3.0,1,0.0,0.0,0.0,0.0,0.0,26600000.0
1200,313,3.0,1,0.0,0.0,0.0,1.0,0.0,11000000.0
1375,32,3.0,1,0.0,1.0,0.0,1.0,1.0,24800000.0
1525,32,3.0,1,1.0,1.0,0.0,1.0,1.0,27200000.0
1200,537,2.0,2,1.0,0.0,1.0,1.0,0.0,10500000.0
1000,671,3.0,2,1.0,0.0,0.0,0.0,0.0,6000000.0
1350,531,2.0,2,0.0,0.0,0.0,0.0,0.0,15000000.0
435,671,2.0,2,1.0,0.0,0.0,0.0,0.0,2500000.0
900,154,3.0,2,1.0,0.0,0.0,1.0,0.0,5800000.0
1800,587,4.0,2,1.0,1.0,1.0,1.0,1.0,15800000.0
1500,586,3.0,2,0.0,0.0,0.0,0.0,0.0,15400000.0
1800,584,3.0,2,0.0,0.0,0.0,0.0,1.0,13500000.0
1000,570,3.0,2,1.0,0.0,0.0,1.0,0.0,6500000.0
1300,372,2.0,2,0.0,0.0,0.0,0.0,0.0,12500000.0
1000,573,3.0,2,1.0,0.0,0.0,1.0,0.0,11000000.0
1550,540,3.0,2,0.0,0.0,0.0,1.0,0.0,12500000.0
1800,569,3.0,2,0.0,0.0,0.0,0.0,0.0,14800000.0
600,543,3.0,2,0.0,0.0,0.0,0.0,0.0,12500000.0
385,569,1.0,2,0.0,0.0,0.0,0.0,0.0,3300000.0
2500,703,4.0,2,0.0,0.0,0.0,1.0,0.0,110000000.0
1000,154,3.0,2,0.0,0.0,0.0,1.0,0.0,5000000.0
1300,590,3.0,2,0.0,0.0,0.0,0.0,0.0,17500000.0
1050,402,3.0,2,0.0,0.0,0.0,1.0,0.0,3600000.0
1600,586,3.0,2,0.0,0.0,0.0,0.0,0.0,16500000.0
1200,537,2.0,2,1.0,0.0,1.0,1.0,0.0,10500000.0
1000,671,3.0,2,1.0,0.0,0.0,0.0,0.0,6000000.0
1350,531,2.0,2,0.0,0.0,0.0,0.0,0.0,15000000.0
435,671,2.0,2,1.0,0.0,0.0,0.0,0.0,2500000.0
900,154,3.0,2,1.0,0.0,0.0,1.0,0.0,5800000.0
1800,587,4.0,2,1.0,1.0,1.0,1.0,1.0,15800000.0
1500,586,3.0,2,0.0,0.0,0.0,0.0,0.0,15400000.0
1800,584,3.0,2,0.0,0.0,0.0,0.0,1.0,13500000.0
1000,570,3.0,2,1.0,0.0,0.0,1.0,0.0,6500000.0
1300,372,2.0,2,0.0,0.0,0.0,0.0,0.0,12500000.0
1000,573,3.0,2,1.0,0.0,0.0,1.0,0.0,11000000.0
1550,540,3.0,2,0.0,0.0,0.0,1.0,0.0,12500000.0
1800,569,3.0,2,0.0,0.0,0.0,0.0,0.0,14800000.0
600,543,3.0,2,0.0,0.0,0.0,0.0,0.0,12500000.0
385,569,1.0,2,0.0,0.0,0.0,0.0,0.0,3300000.0
2500,703,4.0,2,0.0,0.0,0.0,1.0,0.0,110000000.0
1000,154,3.0,2,0.0,0.0,0.0,1.0,0.0,5000000.0
1300,590,3.0,2,0.0,0.0,0.0,0.0,0.0,17500000.0
1050,402,3.0,2,0.0,0.0,0.0,1.0,0.0,3600000.0
1600,586,3.0,2,0.0,0.0,0.0,0.0,0.0,16500000.0
1000,546,2.0,2,0.0,0.0,0.0,0.0,0.0,12500000.0
630,237,2.0,2,0.0,0.0,0.0,1.0,0.0,2750000.0
2000,556,4.0,2,1.0,0.0,0.0,1.0,1.0,23500000.0
1600,537,3.0,2,0.0,0.0,0.0,0.0,0.0,16200000.0
1350,573,4.0,2,1.0,0.0,0.0,1.0,0.0,13500000.0
1000,671,3.0,2,0.0,0.0,0.0,1.0,0.0,5500000.0
1000,154,3.0,2,0.0,0.0,0.0,1.0,0.0,5500000.0
900,671,3.0,2,0.0,0.0,0.0,0.0,0.0,3621000.0
1200,550,2.0,2,0.0,0.0,0.0,0.0,0.0,9200000.0
1125,570,3.0,2,1.0,0.0,0.0,1.0,0.0,10400000.0
415,569,1.0,2,0.0,0.0,0.0,0.0,0.0,2350000.0
1500,154,4.0,2,0.0,0.0,0.0,0.0,0.0,8000000.0
675,87,3.0,2,0.0,0.0,0.0,1.0,0.0,3500000.0
1750,594,3.0,2,0.0,0.0,0.0,1.0,0.0,14800000.0
1200,154,4.0,2,1.0,0.0,0.0,1.0,0.0,8500000.0
4600,594,4.0,2,0.0,0.0,0.0,0.0,0.0,45000000.0
1650,685,3.0,2,1.0,0.0,0.0,1.0,0.0,17500000.0
540,154,2.0,2,1.0,0.0,0.0,1.0,0.0,2700000.0
950,154,3.0,2,0.0,0.0,0.0,0.0,0.0,4999000.0
850,154,3.0,2,0.0,0.0,0.0,1.0,0.0,4699000.0
450,615,2.0,2,0.0,0.0,0.0,1.0,0.0,3800000.0
1551,600,2.0,2,1.0,0.0,0.0,0.0,0.0,15000000.0
650,237,2.0,2,0.0,0.0,0.0,0.0,0.0,3000000.0
900,589,3.0,2,1.0,0.0,0.0,0.0,0.0,5100000.0
550,671,2.0,2,0.0,0.0,0.0,0.0,0.0,2350000.0
900,154,3.0,2,1.0,0.0,0.0,0.0,0.0,5499000.0
630,188,2.0,2,0.0,0.0,0.0,0.0,0.0,2500000.0
3000,567,4.0,2,0.0,0.0,0.0,1.0,1.0,27500000.0
675,369,2.0,2,0.0,0.0,0.0,1.0,0.0,3600000.0
1300,522,3.0,2,0.0,0.0,0.0,0.0,0.0,45000000.0
1000,671,3.0,2,1.0,0.0,0.0,1.0,0.0,5500000.0
900,349,3.0,2,0.0,0.0,0.0,1.0,0.0,5500000.0
1700,586,3.0,2,0.0,0.0,0.0,1.0,1.0,16800000.0
900,154,3.0,2,0.0,0.0,0.0,1.0,0.0,3900000.0
1000,154,3.0,2,0.0,0.0,0.0,1.0,0.0,4400000.0
1200,569,2.0,2,0.0,0.0,0.0,1.0,0.0,15000000.0
700,615,3.0,2,0.0,0.0,0.0,1.0,0.0,6500000.0
630,101,2.0,2,0.0,0.0,0.0,1.0,0.0,2900000.0
540,101,2.0,2,0.0,0.0,0.0,0.0,0.0,2100000.0
1200,609,3.0,2,0.0,0.0,0.0,1.0,0.0,6200000.0
1000,671,3.0,2,0.0,0.0,0.0,0.0,0.0,4011000.0
850,52,3.0,2,0.0,0.0,0.0,1.0,0.0,5300000.0
1500,556,3.0,2,1.0,0.0,0.0,1.0,0.0,13500000.0
750,283,2.0,2,0.0,0.0,0.0,0.0,0.0,2400000.0
1650,545,3.0,2,1.0,0.0,0.0,1.0,1.0,14500000.0
810,362,3.0,2,0.0,0.0,0.0,1.0,0.0,4500000.0
1250,546,3.0,2,0.0,0.0,0.0,0.0,0.0,16000000.0
600,594,1.0,2,0.0,0.0,0.0,0.0,0.0,6400000.0
3800,543,5.0,2,1.0,0.0,1.0,1.0,1.0,35000000.0
1000,573,3.0,2,1.0,0.0,0.0,1.0,0.0,10000000.0
380,569,1.0,2,0.0,0.0,0.0,0.0,0.0,2300000.0
600,685,1.0,2,0.0,0.0,0.0,1.0,0.0,6900000.0
2250,192,2.0,2,0.0,0.0,0.0,0.0,0.0,17500000.0
1200,255,3.0,2,1.0,0.0,1.0,1.0,1.0,16500000.0
645,237,3.0,2,0.0,0.0,0.0,0.0,0.0,3000000.0
1600,582,3.0,2,0.0,0.0,0.0,1.0,0.0,13500000.0
1000,671,3.0,2,0.0,0.0,0.0,0.0,0.0,3800000.0
920,671,3.0,2,0.0,0.0,0.0,1.0,1.0,5000000.0
570,154,2.0,2,0.0,0.0,0.0,1.0,0.0,2800000.0
6400,129,5.0,2,0.0,1.0,0.0,1.0,0.0,162500000.0
1100,576,2.0,2,0.0,0.0,0.0,0.0,0.0,7500000.0
1650,122,4.0,2,0.0,0.0,0.0,0.0,0.0,26000000.0
750,110,2.0,2,0.0,0.0,0.0,1.0,0.0,3000000.0
800,110,2.0,2,0.0,0.0,0.0,0.0,0.0,3000000.0
1000,154,3.0,2,0.0,0.0,0.0,0.0,0.0,5200000.0
1700,685,3.0,2,1.0,0.0,0.0,1.0,0.0,18000000.0
1800,685,4.0,2,0.0,0.0,0.0,0.0,0.0,35000000.0
810,110,2.0,2,0.0,0.0,0.0,1.0,0.0,4400000.0
1800,545,3.0,2,0.0,0.0,0.0,1.0,0.0,15500000.0
1550,189,3.0,2,0.0,0.0,0.0,0.0,0.0,27500000.0
500,685,1.0,2,0.0,0.0,0.0,1.0,1.0,8200000.0
950,671,3.0,2,0.0,0.0,0.0,0.0,0.0,4799000.0
1250,593,3.0,2,1.0,0.0,1.0,1.0,1.0,15000000.0
1000,459,2.0,2,0.0,0.0,0.0,0.0,0.0,14000000.0
1000,154,3.0,2,1.0,0.0,0.0,1.0,0.0,6500000.0
620,154,2.0,2,1.0,0.0,0.0,1.0,0.0,3200000.0
700,472,2.0,2,0.0,0.0,0.0,0.0,0.0,6600000.0
581,685,1.0,2,1.0,0.0,0.0,1.0,0.0,6800000.0
600,685,1.0,2,0.0,0.0,0.0,0.0,0.0,2650000.0
1000,555,2.0,2,0.0,0.0,0.0,0.0,0.0,10400000.0
2150,537,3.0,2,1.0,0.0,0.0,1.0,1.0,22500000.0
2350,540,4.0,2,0.0,0.0,0.0,0.0,0.0,28500000.0
1500,531,2.0,2,0.0,0.0,0.0,0.0,0.0,14000000.0
900,154,3.0,2,1.0,0.0,0.0,0.0,0.0,5499000.0
720,154,2.0,2,1.0,0.0,0.0,0.0,0.0,3399000.0
450,154,2.0,2,1.0,0.0,0.0,0.0,0.0,2349000.0
990,154,3.0,2,1.0,0.0,0.0,0.0,0.0,6000000.0
675,154,3.0,2,1.0,0.0,0.0,0.0,0.0,3199000.0
765,154,3.0,2,1.0,0.0,0.0,0.0,0.0,4099000.0
900,154,3.0,2,0.0,0.0,0.0,1.0,0.0,5499000.0
720,154,2.0,2,0.0,0.0,0.0,1.0,0.0,3399000.0
450,154,2.0,2,0.0,0.0,0.0,1.0,0.0,2349000.0
990,154,3.0,2,0.0,0.0,0.0,1.0,0.0,5999000.0
675,154,3.0,2,0.0,0.0,0.0,1.0,0.0,3199000.0
765,154,3.0,2,0.0,0.0,0.0,1.0,0.0,4099000.0
900,154,3.0,2,1.0,0.0,0.0,1.0,0.0,5499000.0
720,154,2.0,2,1.0,0.0,0.0,1.0,0.0,3399000.0
450,154,2.0,2,1.0,0.0,0.0,1.0,0.0,2299000.0
990,154,3.0,2,1.0,0.0,0.0,1.0,0.0,6000000.0
675,154,3.0,2,1.0,0.0,0.0,1.0,0.0,3199000.0
765,154,3.0,2,1.0,0.0,0.0,1.0,0.0,4099000.0
2150,540,4.0,2,0.0,0.0,0.0,0.0,0.0,18900000.0
1950,582,3.0,2,0.0,0.0,0.0,0.0,0.0,17400000.0
1650,559,3.0,2,0.0,0.0,1.0,0.0,1.0,13400000.0
1750,567,3.0,2,0.0,0.0,0.0,0.0,0.0,16399999.0
2250,582,4.0,2,0.0,0.0,0.0,0.0,0.0,19200000.0
410,671,2.0,2,1.0,0.0,0.0,0.0,0.0,2300000.0
450,671,2.0,2,1.0,0.0,0.0,0.0,0.0,2600000.0
750,671,3.0,2,1.0,0.0,0.0,0.0,0.0,5800000.0
700,671,3.0,2,1.0,0.0,0.0,0.0,0.0,5000000.0
650,671,3.0,2,1.0,0.0,0.0,0.0,0.0,4500000.0
1450,531,3.0,2,1.0,0.0,0.0,0.0,0.0,17000000.0
1400,531,3.0,2,1.0,0.0,0.0,0.0,0.0,13500000.0
1150,531,2.0,2,1.0,0.0,0.0,0.0,0.0,13000000.0
1550,531,3.0,2,1.0,0.0,0.0,0.0,0.0,18300000.0
1500,531,4.0,2,1.0,0.0,0.0,0.0,0.0,18000000.0
1550,531,3.0,2,0.0,0.0,0.0,0.0,0.0,17000000.0
1500,531,3.0,2,0.0,0.0,0.0,0.0,0.0,19000000.0
1450,531,3.0,2,0.0,0.0,0.0,0.0,0.0,18000000.0
1200,531,2.0,2,0.0,0.0,0.0,0.0,0.0,14000000.0
500,239,1.0,2,1.0,0.0,1.0,0.0,0.0,4500000.0
1800,586,3.0,2,0.0,0.0,0.0,0.0,0.0,16000000.0
1700,582,3.0,2,0.0,0.0,0.0,1.0,0.0,15500000.0
1800,545,3.0,2,0.0,0.0,0.0,1.0,0.0,16000000.0
2000,545,4.0,2,0.0,0.0,0.0,1.0,0.0,24000000.0
1900,545,4.0,2,1.0,0.0,1.0,1.0,0.0,18000000.0
1800,586,3.0,2,0.0,0.0,0.0,1.0,0.0,16000000.0
1700,545,3.0,2,1.0,0.0,1.0,1.0,1.0,15500000.0
1900,545,4.0,2,0.0,0.0,0.0,1.0,0.0,18000000.0
1800,587,3.0,2,1.0,1.0,1.0,1.0,1.0,17000000.0
1900,587,4.0,2,0.0,0.0,0.0,0.0,0.0,19500000.0
1800,584,3.0,2,0.0,0.0,0.0,1.0,0.0,16500000.0
1800,543,3.0,2,1.0,0.0,1.0,1.0,1.0,15500000.0
1800,543,3.0,2,0.0,0.0,0.0,1.0,0.0,17500000.0
820,154,3.0,2,1.0,0.0,0.0,1.0,0.0,4700000.0
625,154,2.0,2,1.0,0.0,0.0,1.0,0.0,2700000.0
525,154,2.0,2,1.0,0.0,0.0,1.0,0.0,2400000.0
750,154,2.0,2,1.0,0.0,0.0,1.0,0.0,3500000.0
850,154,3.0,2,1.0,0.0,0.0,1.0,0.0,4200000.0
1700,567,3.0,2,1.0,0.0,1.0,1.0,1.0,16500000.0
1900,586,4.0,2,0.0,0.0,0.0,1.0,0.0,16800000.0
1700,589,3.0,2,0.0,0.0,0.0,0.0,0.0,13799999.0
1700,589,3.0,2,0.0,0.0,0.0,0.0,0.0,13000000.0
1700,589,3.0,2,0.0,0.0,0.0,1.0,0.0,13000000.0
1400,587,2.0,2,1.0,1.0,1.0,1.0,1.0,10500000.0
1900,545,4.0,2,0.0,0.0,0.0,1.0,0.0,19000000.0
1700,582,3.0,2,0.0,0.0,0.0,0.0,0.0,13000000.0
1700,582,3.0,2,0.0,0.0,0.0,1.0,0.0,13000000.0
1900,545,4.0,2,1.0,0.0,1.0,1.0,0.0,18000000.0
1900,545,4.0,2,1.0,0.0,1.0,1.0,1.0,19000000.0
1900,587,4.0,2,0.0,0.0,0.0,1.0,0.0,19500000.0
1800,559,3.0,2,1.0,0.0,1.0,1.0,1.0,18500000.0
1800,559,3.0,2,0.0,0.0,1.0,0.0,0.0,14500000.0
1800,559,3.0,2,1.0,0.0,1.0,0.0,0.0,14500000.0
1800,559,3.0,2,1.0,0.0,1.0,1.0,0.0,14500000.0
1800,559,3.0,2,0.0,0.0,1.0,1.0,1.0,15800000.0
1800,559,3.0,2,0.0,0.0,1.0,1.0,0.0,14500000.0
2000,559,3.0,2,0.0,0.0,0.0,1.0,0.0,19000000.0
1900,537,3.0,2,1.0,1.0,1.0,1.0,1.0,17000000.0
1700,589,3.0,2,0.0,0.0,0.0,0.0,0.0,13799999.0
1700,589,3.0,2,0.0,0.0,0.0,1.0,0.0,15800000.0
1100,587,2.0,2,0.0,0.0,0.0,0.0,0.0,10000000.0
1700,586,3.0,2,0.0,0.0,0.0,1.0,0.0,14500000.0
1700,586,3.0,2,0.0,0.0,0.0,0.0,0.0,14500000.0
1600,537,3.0,2,0.0,0.0,0.0,1.0,0.0,15500000.0
1600,537,3.0,2,1.0,0.0,1.0,1.0,1.0,15500000.0
1500,582,3.0,2,0.0,0.0,0.0,0.0,0.0,14500000.0
1500,582,3.0,2,0.0,0.0,0.0,1.0,0.0,14500000.0
1600,543,3.0,2,1.0,1.0,1.0,1.0,1.0,16500000.0
1800,567,3.0,2,0.0,0.0,0.0,0.0,1.0,17200000.0
2200,540,4.0,2,0.0,0.0,0.0,1.0,0.0,20900000.0
1900,582,3.0,2,0.0,0.0,0.0,1.0,0.0,19500000.0
1700,545,3.0,2,0.0,0.0,0.0,1.0,0.0,15800000.0
1800,569,3.0,2,0.0,0.0,0.0,1.0,0.0,17000000.0
2000,567,3.0,2,0.0,0.0,0.0,1.0,0.0,16000000.0
2000,569,3.0,2,0.0,0.0,0.0,1.0,0.0,17500000.0
1800,569,3.0,2,0.0,0.0,0.0,1.0,0.0,14900000.0
1600,567,3.0,2,0.0,0.0,0.0,1.0,0.0,17000000.0
2400,540,4.0,2,0.0,0.0,0.0,1.0,1.0,20000000.0
1800,586,3.0,2,0.0,0.0,1.0,1.0,1.0,14500000.0
1800,540,3.0,2,0.0,0.0,0.0,1.0,0.0,16500000.0
1800,540,3.0,2,0.0,0.0,0.0,1.0,0.0,16000000.0
1700,540,3.0,2,0.0,0.0,0.0,1.0,1.0,15500000.0
2300,540,4.0,2,0.0,0.0,0.0,1.0,0.0,23000000.0
2100,540,3.0,2,0.0,0.0,0.0,0.0,0.0,19500000.0
2100,540,3.0,2,0.0,0.0,0.0,1.0,1.0,19500000.0
1700,540,3.0,2,0.0,0.0,0.0,1.0,0.0,13500000.0
2200,540,4.0,2,0.0,0.0,0.0,1.0,1.0,16500000.0
2000,540,4.0,2,0.0,0.0,0.0,1.0,1.0,17500000.0
2000,540,3.0,2,0.0,0.0,0.0,0.0,0.0,17500000.0
1800,540,3.0,2,0.0,0.0,0.0,0.0,0.0,14500000.0
2000,540,3.0,2,0.0,0.0,0.0,1.0,1.0,18500000.0
2000,540,3.0,2,0.0,0.0,0.0,1.0,1.0,19000000.0
2200,540,3.0,2,0.0,0.0,0.0,1.0,1.0,22000000.0
3000,540,4.0,2,0.0,0.0,0.0,1.0,1.0,27000000.0
2200,540,4.0,2,0.0,0.0,0.0,1.0,1.0,22000000.0
2100,540,3.0,2,0.0,0.0,0.0,1.0,1.0,19000000.0
1800,540,3.0,2,0.0,0.0,0.0,1.0,1.0,15000000.0
2600,570,4.0,2,1.0,0.0,0.0,1.0,0.0,17500000.0
500,570,2.0,2,1.0,0.0,0.0,1.0,0.0,3500000.0
360,570,1.0,2,1.0,0.0,0.0,1.0,0.0,2100000.0
2250,570,4.0,2,1.0,0.0,0.0,1.0,0.0,16000000.0
400,570,1.0,2,1.0,0.0,0.0,1.0,0.0,2300000.0
650,570,2.0,2,1.0,0.0,0.0,1.0,0.0,4000000.0
2000,570,4.0,2,1.0,0.0,0.0,1.0,0.0,14500000.0
850,570,3.0,2,1.0,0.0,0.0,1.0,0.0,5300000.0
800,570,3.0,2,1.0,0.0,0.0,1.0,0.0,4500000.0
1300,570,3.0,2,1.0,0.0,0.0,1.0,0.0,9700000.0
1800,154,3.0,2,0.0,0.0,0.0,1.0,1.0,17000000.0
1800,537,3.0,2,0.0,0.0,0.0,1.0,1.0,15500000.0
1800,537,3.0,2,0.0,0.0,0.0,1.0,1.0,15500000.0
1800,537,3.0,2,1.0,0.0,1.0,1.0,1.0,15800000.0
1800,589,3.0,2,0.0,0.0,0.0,1.0,1.0,14000000.0
1600,589,3.0,2,0.0,0.0,0.0,1.0,1.0,13500000.0
2000,589,3.0,2,1.0,0.0,1.0,1.0,1.0,16500000.0
1800,589,3.0,2,0.0,0.0,0.0,1.0,1.0,14500000.0
2800,589,3.0,2,0.0,0.0,0.0,1.0,1.0,15500000.0
2000,589,3.0,2,0.0,0.0,0.0,1.0,1.0,21000000.0
1600,589,3.0,2,0.0,0.0,0.0,1.0,1.0,15000000.0
1800,537,3.0,2,0.0,0.0,0.0,1.0,1.0,16500000.0
1800,589,3.0,2,0.0,0.0,1.0,0.0,1.0,24000000.0
1800,589,3.0,2,0.0,0.0,0.0,1.0,1.0,15600000.0
2400,589,3.0,2,1.0,1.0,1.0,1.0,1.0,16000000.0
1800,589,3.0,2,0.0,0.0,0.0,1.0,1.0,16500000.0
1800,589,3.0,2,1.0,0.0,1.0,1.0,1.0,14000000.0
1900,587,4.0,2,0.0,0.0,0.0,1.0,1.0,15800000.0
1800,447,3.0,2,0.0,0.0,0.0,1.0,1.0,17000000.0
1800,447,3.0,2,0.0,0.0,0.0,1.0,1.0,17000000.0
2000,447,3.0,2,0.0,0.0,0.0,1.0,1.0,18500000.0
1900,587,3.0,2,0.0,0.0,0.0,1.0,1.0,18000000.0
1800,447,3.0,2,0.0,0.0,0.0,1.0,1.0,16000000.0
1900,587,3.0,2,1.0,1.0,1.0,1.0,1.0,17000000.0
1700,587,3.0,2,0.0,0.0,0.0,1.0,1.0,13000000.0
1800,587,3.0,2,1.0,1.0,1.0,1.0,1.0,16000000.0
1800,584,3.0,2,0.0,0.0,0.0,1.0,1.0,13500000.0
1700,584,3.0,2,1.0,1.0,1.0,1.0,1.0,13000000.0
1600,584,3.0,2,0.0,0.0,0.0,1.0,1.0,13000000.0
1900,584,3.0,2,0.0,0.0,0.0,1.0,1.0,17000000.0
1800,584,3.0,2,0.0,0.0,0.0,1.0,1.0,15000000.0
1700,584,3.0,2,1.0,0.0,0.0,1.0,1.0,15500000.0
1800,584,3.0,2,0.0,0.0,0.0,1.0,1.0,15000000.0
2000,584,3.0,2,0.0,0.0,0.0,1.0,1.0,18500000.0
2100,584,4.0,2,0.0,0.0,0.0,1.0,1.0,21000000.0
1800,584,3.0,2,1.0,1.0,0.0,1.0,1.0,16500000.0
1800,584,3.0,2,0.0,0.0,0.0,1.0,1.0,16000000.0
1600,584,3.0,2,0.0,0.0,0.0,1.0,1.0,14000000.0
1900,582,4.0,2,1.0,0.0,0.0,1.0,1.0,18000000.0
1800,582,3.0,2,0.0,0.0,0.0,0.0,0.0,13000000.0
1900,582,3.0,2,0.0,0.0,0.0,0.0,0.0,20000000.0
1900,582,3.0,2,0.0,0.0,0.0,0.0,0.0,19000000.0
1800,540,3.0,2,0.0,0.0,0.0,1.0,1.0,15500000.0
1400,587,2.0,2,0.0,0.0,0.0,1.0,1.0,10200000.0
1900,556,3.0,2,0.0,0.0,0.0,1.0,1.0,14500000.0
1900,594,3.0,2,0.0,0.0,0.0,1.0,1.0,15500000.0
2000,586,4.0,2,0.0,0.0,0.0,1.0,1.0,16800000.0
1800,586,3.0,2,1.0,0.0,0.0,1.0,1.0,13500000.0
2000,584,4.0,2,0.0,0.0,0.0,1.0,1.0,16800000.0
1900,586,3.0,2,0.0,0.0,0.0,1.0,1.0,15000000.0
1900,586,3.0,2,0.0,0.0,0.0,1.0,1.0,16000000.0
1900,586,3.0,2,1.0,0.0,1.0,1.0,1.0,16200000.0
2000,586,3.0,2,0.0,0.0,0.0,1.0,1.0,17000000.0
1800,586,3.0,2,0.0,0.0,0.0,1.0,1.0,15400000.0
1800,537,3.0,2,1.0,0.0,1.0,1.0,1.0,14000000.0
1800,586,3.0,2,0.0,0.0,0.0,1.0,1.0,14200000.0
2000,586,3.0,2,0.0,0.0,0.0,1.0,0.0,18500000.0
1900,586,3.0,2,0.0,0.0,0.0,0.0,1.0,16500000.0
1900,587,3.0,2,0.0,0.0,0.0,1.0,1.0,14900000.0
1900,586,3.0,2,0.0,0.0,0.0,1.0,0.0,16800000.0
2000,586,3.0,2,0.0,0.0,0.0,1.0,1.0,15000000.0
1900,586,3.0,2,0.0,1.0,1.0,1.0,1.0,14500000.0
2000,586,3.0,2,0.0,0.0,0.0,1.0,1.0,18500000.0
1800,586,3.0,2,0.0,0.0,0.0,1.0,1.0,15300000.0
1800,586,3.0,2,0.0,0.0,0.0,1.0,1.0,15500000.0
2000,586,3.0,2,1.0,0.0,1.0,1.0,1.0,16200000.0
1900,586,3.0,2,0.0,0.0,0.0,1.0,1.0,15000000.0
1900,586,3.0,2,0.0,0.0,0.0,1.0,0.0,16000000.0
1800,559,3.0,2,0.0,0.0,1.0,1.0,1.0,15500000.0
1800,586,3.0,2,1.0,1.0,1.0,1.0,1.0,15000000.0
1900,576,3.0,2,0.0,0.0,0.0,1.0,0.0,14800000.0
1800,576,3.0,2,0.0,0.0,0.0,1.0,0.0,15800000.0
1800,576,3.0,2,1.0,0.0,0.0,1.0,0.0,15500000.0
1800,576,3.0,2,0.0,0.0,0.0,1.0,0.0,15000000.0
1800,576,3.0,2,0.0,0.0,0.0,0.0,0.0,14500000.0
2200,559,3.0,2,0.0,0.0,0.0,1.0,1.0,21000000.0
1800,559,3.0,2,1.0,1.0,1.0,1.0,1.0,16000000.0
2000,559,3.0,2,0.0,0.0,1.0,0.0,1.0,16500000.0
1800,582,3.0,2,0.0,0.0,0.0,1.0,1.0,16500000.0
1800,582,3.0,2,1.0,1.0,1.0,1.0,1.0,18500000.0
1800,154,3.0,2,0.0,0.0,0.0,1.0,1.0,16500000.0
2000,587,3.0,2,1.0,0.0,1.0,1.0,1.0,19000000.0
1800,582,3.0,2,0.0,0.0,0.0,1.0,1.0,15000000.0
1600,582,3.0,2,0.0,0.0,0.0,1.0,1.0,14000000.0
1800,582,3.0,2,0.0,0.0,0.0,1.0,1.0,14500000.0
1800,582,3.0,2,1.0,0.0,0.0,1.0,1.0,16500000.0
1600,573,4.0,2,1.0,0.0,0.0,1.0,0.0,15500000.0
500,573,2.0,2,1.0,0.0,0.0,1.0,0.0,3600000.0
800,573,3.0,2,1.0,0.0,0.0,1.0,0.0,6200000.0
1550,582,3.0,2,0.0,0.0,0.0,1.0,0.0,12000000.0
1125,101,3.0,2,0.0,0.0,0.0,1.0,0.0,5400000.0
675,101,2.0,2,0.0,0.0,0.0,1.0,0.0,3300000.0
2200,556,4.0,2,1.0,0.0,0.0,1.0,0.0,16500000.0
700,519,2.0,2,0.0,0.0,0.0,0.0,0.0,6500000.0
900,101,3.0,2,0.0,0.0,0.0,1.0,0.0,4500000.0
600,101,2.0,2,0.0,0.0,0.0,1.0,0.0,2400000.0
600,101,2.0,2,0.0,0.0,0.0,1.0,0.0,2400000.0
540,101,2.0,2,0.0,0.0,0.0,1.0,0.0,2500000.0
650,101,2.0,2,0.0,0.0,0.0,1.0,0.0,2800000.0
750,101,2.0,2,0.0,0.0,0.0,1.0,0.0,3200000.0
750,101,2.0,2,0.0,0.0,0.0,1.0,0.0,3200000.0
675,101,2.0,2,0.0,0.0,0.0,1.0,0.0,3300000.0
675,101,2.0,2,0.0,0.0,0.0,1.0,0.0,3200000.0
675,101,2.0,2,0.0,0.0,0.0,1.0,0.0,3200000.0
450,154,2.0,2,1.0,0.0,0.0,1.0,0.0,2000000.0
950,101,3.0,2,0.0,0.0,0.0,1.0,0.0,5400000.0
950,101,3.0,2,0.0,0.0,0.0,1.0,0.0,5500000.0
900,101,3.0,2,0.0,0.0,0.0,1.0,0.0,5500000.0
630,101,2.0,2,0.0,0.0,0.0,1.0,0.0,3200000.0
630,101,2.0,2,0.0,0.0,0.0,1.0,0.0,3200000.0
810,101,3.0,2,0.0,0.0,0.0,1.0,0.0,4100000.0
675,101,2.0,2,0.0,0.0,0.0,1.0,0.0,3100000.0
540,101,2.0,2,0.0,0.0,0.0,1.0,0.0,2100000.0
1000,101,3.0,2,0.0,0.0,0.0,1.0,0.0,4200000.0
810,101,3.0,2,0.0,0.0,0.0,1.0,0.0,4200000.0
1125,101,3.0,2,0.0,0.0,0.0,1.0,0.0,5400000.0
675,101,2.0,2,0.0,0.0,0.0,1.0,0.0,3000000.0
1170,101,3.0,2,0.0,0.0,0.0,1.0,0.0,5600000.0
630,101,2.0,2,0.0,0.0,0.0,1.0,0.0,2900000.0
570,101,2.0,2,0.0,0.0,0.0,1.0,0.0,2500000.0
765,101,2.0,2,0.0,0.0,0.0,1.0,0.0,3500000.0
630,101,2.0,2,0.0,0.0,0.0,1.0,0.0,3100000.0
638,101,2.0,2,0.0,0.0,0.0,1.0,0.0,3200000.0
638,101,2.0,2,0.0,0.0,0.0,1.0,0.0,3100000.0
750,101,2.0,2,0.0,0.0,0.0,1.0,0.0,3600000.0
750,101,2.0,2,0.0,0.0,0.0,1.0,0.0,3600000.0
675,101,2.0,2,0.0,0.0,0.0,1.0,0.0,3300000.0
750,101,2.0,2,0.0,0.0,0.0,1.0,0.0,3100000.0
550,101,2.0,2,0.0,0.0,0.0,1.0,0.0,3000000.0
1170,101,3.0,2,0.0,0.0,0.0,1.0,0.0,5700000.0
1170,101,3.0,2,0.0,0.0,0.0,1.0,0.0,5900000.0
1170,101,3.0,2,0.0,0.0,0.0,1.0,0.0,5800000.0
650,101,2.0,2,0.0,0.0,0.0,1.0,0.0,2200000.0
750,101,2.0,2,0.0,0.0,0.0,1.0,0.0,3200000.0
900,101,3.0,2,0.0,0.0,0.0,1.0,0.0,3700000.0
630,101,2.0,2,0.0,0.0,0.0,1.0,0.0,2800000.0
630,101,2.0,2,0.0,0.0,0.0,1.0,0.0,2800000.0
540,101,2.0,2,0.0,0.0,0.0,1.0,0.0,2300000.0
540,101,2.0,2,0.0,0.0,0.0,1.0,0.0,2600000.0
720,101,2.0,2,0.0,0.0,0.0,0.0,0.0,2800000.0
765,101,2.0,2,0.0,0.0,0.0,1.0,0.0,3400000.0
765,101,2.0,2,0.0,0.0,0.0,1.0,0.0,3400000.0
990,101,3.0,2,0.0,0.0,0.0,1.0,0.0,4700000.0
900,101,3.0,2,0.0,0.0,0.0,1.0,0.0,4500000.0
900,101,2.0,2,0.0,0.0,0.0,1.0,0.0,4500000.0
900,101,3.0,2,0.0,0.0,0.0,1.0,0.0,4500000.0
954,101,3.0,2,0.0,0.0,0.0,1.0,0.0,4400000.0
630,101,2.0,2,0.0,0.0,0.0,1.0,0.0,2800000.0
630,101,2.0,2,0.0,0.0,0.0,1.0,0.0,2800000.0
630,101,2.0,2,0.0,0.0,0.0,1.0,0.0,2800000.0
630,101,2.0,2,0.0,0.0,0.0,1.0,0.0,2800000.0
630,101,2.0,2,0.0,0.0,0.0,1.0,0.0,2800000.0
675,101,2.0,2,0.0,0.0,0.0,1.0,0.0,3200000.0
900,101,3.0,2,0.0,0.0,0.0,1.0,0.0,4500000.0
900,101,3.0,2,0.0,0.0,0.0,1.0,0.0,4500000.0
900,101,3.0,2,0.0,0.0,0.0,1.0,0.0,4500000.0
900,101,3.0,2,0.0,0.0,0.0,1.0,0.0,4500000.0
774,101,2.0,2,0.0,0.0,0.0,1.0,0.0,3400000.0
630,101,2.0,2,0.0,0.0,0.0,1.0,0.0,2850000.0
540,101,2.0,2,0.0,0.0,0.0,1.0,0.0,2900000.0
385,569,1.0,2,0.0,0.0,0.0,0.0,0.0,3100000.0
385,569,1.0,2,0.0,0.0,0.0,0.0,0.0,2700000.0
385,569,1.0,2,0.0,0.0,0.0,0.0,0.0,2200000.0
385,569,1.0,2,0.0,0.0,0.0,0.0,0.0,3100000.0
385,569,1.0,2,0.0,0.0,0.0,0.0,0.0,2400000.0
400,569,1.0,2,0.0,0.0,0.0,0.0,0.0,3400000.0
495,101,2.0,2,0.0,0.0,0.0,0.0,0.0,2000000.0
540,101,2.0,2,0.0,0.0,0.0,1.0,0.0,2600000.0
738,101,3.0,2,0.0,0.0,0.0,1.0,0.0,3600000.0
900,101,3.0,2,0.0,0.0,0.0,1.0,0.0,4300000.0
810,101,3.0,2,0.0,0.0,0.0,1.0,0.0,3600000.0
810,101,3.0,2,0.0,0.0,0.0,1.0,0.0,3600000.0
630,101,2.0,2,0.0,0.0,0.0,1.0,0.0,2900000.0
720,101,2.0,2,0.0,0.0,0.0,1.0,0.0,3300000.0
630,101,2.0,2,0.0,0.0,0.0,1.0,0.0,3000000.0
1080,101,3.0,2,0.0,0.0,0.0,1.0,0.0,5400000.0
900,101,3.0,2,0.0,0.0,0.0,1.0,0.0,4400000.0
630,101,2.0,2,0.0,0.0,0.0,1.0,0.0,3000000.0
774,101,2.0,2,0.0,0.0,0.0,1.0,0.0,4000000.0
517,101,2.0,2,0.0,0.0,0.0,0.0,0.0,2000000.0
675,101,2.0,2,0.0,0.0,0.0,1.0,0.0,3100000.0
675,101,2.0,2,0.0,0.0,0.0,1.0,0.0,3100000.0
900,101,3.0,2,0.0,0.0,0.0,1.0,0.0,4000000.0
1080,101,3.0,2,0.0,0.0,0.0,1.0,0.0,5500000.0
900,101,3.0,2,0.0,0.0,0.0,1.0,0.0,4600000.0
900,101,3.0,2,0.0,0.0,0.0,1.0,0.0,4700000.0
900,101,3.0,2,0.0,0.0,0.0,1.0,0.0,4600000.0
900,101,3.0,2,0.0,0.0,0.0,1.0,0.0,4600000.0
900,101,3.0,2,0.0,0.0,0.0,1.0,0.0,4500000.0
864,101,3.0,2,0.0,0.0,0.0,1.0,0.0,4300000.0
810,101,3.0,2,0.0,0.0,0.0,1.0,0.0,3500000.0
630,101,2.0,2,0.0,0.0,0.0,1.0,0.0,2200000.0
900,101,3.0,2,0.0,0.0,0.0,1.0,0.0,4500000.0
900,101,3.0,2,0.0,0.0,0.0,1.0,0.0,4500000.0
540,101,2.0,2,0.0,0.0,0.0,1.0,0.0,2600000.0
900,101,3.0,2,0.0,0.0,0.0,1.0,0.0,3800000.0
612,101,2.0,2,0.0,0.0,0.0,1.0,0.0,3000000.0
612,101,2.0,2,0.0,0.0,0.0,1.0,0.0,3000000.0
612,101,2.0,2,0.0,0.0,0.0,1.0,0.0,3000000.0
612,101,2.0,2,0.0,0.0,0.0,1.0,0.0,3000000.0
630,101,2.0,2,0.0,0.0,0.0,1.0,0.0,2900000.0
675,101,2.0,2,0.0,0.0,0.0,1.0,0.0,3100000.0
630,101,2.0,2,0.0,0.0,0.0,1.0,0.0,2900000.0
675,101,2.0,2,0.0,0.0,0.0,1.0,0.0,3100000.0
675,101,2.0,2,0.0,0.0,0.0,1.0,0.0,3100000.0
558,101,2.0,2,0.0,0.0,0.0,0.0,0.0,2200000.0
558,101,2.0,2,0.0,0.0,0.0,0.0,0.0,2200000.0
675,101,2.0,2,0.0,0.0,0.0,1.0,0.0,3100000.0
900,101,3.0,2,0.0,0.0,0.0,1.0,0.0,4000000.0
558,101,2.0,2,0.0,0.0,0.0,0.0,0.0,2200000.0
558,101,2.0,2,0.0,0.0,0.0,0.0,0.0,2200000.0
990,101,3.0,2,0.0,0.0,0.0,1.0,0.0,4500000.0
558,101,2.0,2,0.0,0.0,0.0,0.0,0.0,2200000.0
630,101,2.0,2,0.0,0.0,0.0,0.0,0.0,2200000.0
900,101,3.0,2,1.0,0.0,0.0,0.0,0.0,4500000.0
900,101,3.0,2,1.0,0.0,0.0,1.0,0.0,4500000.0
630,101,2.0,2,0.0,0.0,0.0,0.0,0.0,2200000.0
900,101,3.0,2,0.0,0.0,0.0,0.0,0.0,4500000.0
1080,101,4.0,2,1.0,0.0,0.0,1.0,0.0,5500000.0
1170,101,3.0,2,1.0,0.0,0.0,1.0,0.0,6000000.0
990,101,3.0,2,1.0,0.0,0.0,1.0,0.0,4500000.0
540,101,2.0,2,1.0,0.0,0.0,1.0,0.0,2400000.0
540,101,2.0,2,0.0,0.0,0.0,0.0,0.0,2650000.0
585,101,2.0,2,0.0,0.0,0.0,0.0,0.0,3000000.0
567,101,2.0,2,0.0,0.0,0.0,0.0,0.0,2700000.0
567,101,2.0,2,0.0,0.0,0.0,0.0,0.0,2700000.0
450,101,2.0,2,0.0,0.0,0.0,0.0,0.0,2400000.0
450,101,1.0,2,0.0,0.0,0.0,0.0,0.0,2000000.0
1200,154,4.0,2,0.0,0.0,0.0,1.0,0.0,7000000.0
500,154,1.0,2,0.0,0.0,0.0,1.0,0.0,2000000.0
1300,154,4.0,2,0.0,0.0,0.0,0.0,0.0,7500000.0
1200,154,4.0,2,0.0,0.0,0.0,0.0,0.0,7000000.0
1050,154,3.0,2,0.0,0.0,0.0,0.0,0.0,5500000.0
875,154,3.0,2,0.0,0.0,0.0,0.0,0.0,4700000.0
630,154,2.0,2,0.0,0.0,0.0,0.0,0.0,3200000.0
800,154,2.0,2,0.0,0.0,0.0,1.0,0.0,3500000.0
750,154,2.0,2,0.0,0.0,0.0,0.0,0.0,4000000.0
700,154,2.0,2,0.0,0.0,0.0,0.0,0.0,3500000.0
700,154,2.0,2,0.0,0.0,0.0,1.0,0.0,2800000.0
850,154,3.0,2,0.0,0.0,0.0,0.0,0.0,4300000.0
800,154,3.0,2,0.0,0.0,0.0,0.0,0.0,4100000.0
850,154,3.0,2,0.0,0.0,0.0,1.0,0.0,4000000.0
750,154,3.0,2,0.0,0.0,0.0,0.0,0.0,3500000.0
600,154,2.0,2,0.0,0.0,0.0,1.0,0.0,2500000.0
550,154,2.0,2,0.0,0.0,0.0,0.0,0.0,2500000.0
550,154,2.0,2,0.0,0.0,0.0,1.0,0.0,2200000.0
700,154,3.0,2,0.0,0.0,0.0,1.0,0.0,3200000.0
1300,154,4.0,2,1.0,0.0,0.0,0.0,0.0,7500000.0
1200,154,4.0,2,1.0,0.0,0.0,0.0,0.0,7000000.0
1050,154,3.0,2,1.0,0.0,0.0,0.0,0.0,5500000.0
500,154,1.0,2,1.0,0.0,0.0,0.0,0.0,2000000.0
875,154,3.0,2,1.0,0.0,0.0,0.0,0.0,4700000.0
630,154,2.0,2,1.0,0.0,0.0,0.0,0.0,3200000.0
750,154,2.0,2,1.0,0.0,0.0,0.0,0.0,4000000.0
700,154,2.0,2,1.0,0.0,0.0,0.0,0.0,3500000.0
850,154,3.0,2,1.0,0.0,0.0,0.0,0.0,4300000.0
800,154,3.0,2,1.0,0.0,0.0,0.0,0.0,4100000.0
750,154,3.0,2,1.0,0.0,0.0,0.0,0.0,3500000.0
550,154,2.0,2,1.0,0.0,0.0,0.0,0.0,2500000.0
1050,402,3.0,2,0.0,0.0,0.0,1.0,0.0,3600000.0
1050,402,3.0,2,0.0,0.0,0.0,1.0,0.0,3600000.0
1050,402,3.0,2,0.0,0.0,0.0,1.0,0.0,3600000.0
1050,402,3.0,2,0.0,0.0,0.0,1.0,0.0,3600000.0
1050,402,3.0,2,0.0,0.0,0.0,1.0,0.0,3600000.0
756,402,2.0,2,0.0,0.0,0.0,1.0,0.0,2700000.0
765,402,2.0,2,0.0,0.0,0.0,1.0,0.0,3800000.0
720,402,2.0,2,0.0,0.0,0.0,1.0,0.0,3800000.0
720,402,2.0,2,0.0,0.0,0.0,1.0,0.0,3800000.0
720,402,2.0,2,0.0,0.0,0.0,1.0,0.0,4000000.0
720,402,2.0,2,0.0,0.0,0.0,1.0,0.0,3900000.0
720,402,2.0,2,0.0,0.0,0.0,1.0,0.0,4000000.0
720,402,2.0,2,0.0,0.0,0.0,1.0,0.0,3800000.0
720,402,2.0,2,0.0,0.0,0.0,1.0,0.0,4000000.0
765,402,2.0,2,0.0,0.0,0.0,1.0,0.0,4000000.0
765,402,2.0,2,0.0,0.0,0.0,1.0,0.0,3800000.0
765,402,2.0,2,0.0,0.0,0.0,1.0,0.0,3600000.0
765,402,2.0,2,0.0,0.0,0.0,1.0,0.0,3500000.0
765,402,2.0,2,0.0,0.0,0.0,1.0,0.0,3500000.0
765,402,2.0,2,0.0,0.0,0.0,1.0,0.0,4000000.0
1300,559,2.0,2,0.0,1.0,1.0,1.0,0.0,12000000.0
1050,402,3.0,2,0.0,0.0,0.0,1.0,0.0,3600000.0
1750,556,3.0,2,1.0,0.0,0.0,1.0,0.0,16000000.0
2500,543,5.0,2,1.0,0.0,1.0,1.0,1.0,35000000.0
4500,586,5.0,2,0.0,0.0,0.0,0.0,0.0,45000000.0
1600,543,3.0,2,0.0,0.0,0.0,0.0,0.0,15000000.0
1125,570,3.0,2,0.0,0.0,0.0,1.0,0.0,8200000.0
1125,570,3.0,2,0.0,0.0,0.0,1.0,0.0,8000000.0
1800,569,3.0,2,0.0,0.0,0.0,0.0,0.0,17500000.0
855,237,3.0,2,0.0,0.0,0.0,1.0,0.0,3700000.0
855,237,3.0,2,0.0,0.0,0.0,1.0,0.0,3600000.0
540,237,2.0,2,0.0,0.0,0.0,1.0,0.0,2500000.0
1000,237,3.0,2,0.0,0.0,0.0,1.0,0.0,3800000.0
855,237,3.0,2,0.0,0.0,0.0,1.0,0.0,3700000.0
585,237,2.0,2,0.0,0.0,0.0,1.0,0.0,2200000.0
855,237,3.0,2,0.0,0.0,0.0,1.0,0.0,3700000.0
1600,576,3.0,2,1.0,0.0,0.0,1.0,0.0,15800000.0
2000,543,4.0,2,0.0,0.0,0.0,0.0,0.0,20000000.0
1800,569,3.0,2,0.0,0.0,0.0,0.0,0.0,17500000.0
900,99,3.0,2,0.0,0.0,0.0,1.0,0.0,6000000.0
1800,574,4.0,2,0.0,0.0,0.0,1.0,0.0,18500000.0
585,237,2.0,2,0.0,0.0,0.0,0.0,0.0,2400000.0
1700,540,3.0,2,0.0,0.0,0.0,0.0,0.0,14900000.0
1600,537,3.0,2,0.0,0.0,0.0,1.0,0.0,16200000.0
1800,537,3.0,2,0.0,0.0,0.0,0.0,0.0,16000000.0
1800,556,3.0,2,0.0,0.0,0.0,0.0,0.0,15000000.0
1750,567,3.0,2,0.0,0.0,0.0,0.0,0.0,17500000.0
1800,594,3.0,2,0.0,0.0,0.0,0.0,0.0,16200000.0
1800,594,3.0,2,0.0,0.0,0.0,0.0,0.0,16200000.0
1650,586,3.0,2,0.0,0.0,0.0,0.0,0.0,16000000.0
2500,545,4.0,2,0.0,0.0,0.0,1.0,1.0,30000000.0
1800,584,3.0,2,0.0,0.0,0.0,0.0,0.0,15500000.0
1050,237,3.0,2,0.0,0.0,0.0,0.0,0.0,3000000.0
750,237,2.0,2,0.0,0.0,0.0,0.0,0.0,2500000.0
750,237,2.0,2,0.0,0.0,0.0,0.0,0.0,2200000.0
2700,556,4.0,2,0.0,0.0,0.0,1.0,1.0,23000000.0
1300,154,4.0,2,1.0,0.0,0.0,1.0,0.0,7500000.0
1200,154,4.0,2,1.0,0.0,0.0,1.0,0.0,7000000.0
1050,154,3.0,2,1.0,0.0,0.0,1.0,0.0,5500000.0
875,154,3.0,2,1.0,0.0,0.0,1.0,0.0,4700000.0
630,154,2.0,2,1.0,0.0,0.0,1.0,0.0,3200000.0
750,154,2.0,2,1.0,0.0,0.0,1.0,0.0,4000000.0
700,154,2.0,2,1.0,0.0,0.0,1.0,0.0,3500000.0
850,154,3.0,2,1.0,0.0,0.0,1.0,0.0,4300000.0
800,154,3.0,2,1.0,0.0,0.0,1.0,0.0,4100000.0
750,154,3.0,2,1.0,0.0,0.0,1.0,0.0,3500000.0
550,154,2.0,2,1.0,0.0,0.0,1.0,0.0,2500000.0
900,237,3.0,2,0.0,0.0,0.0,1.0,0.0,3900000.0
800,237,3.0,2,0.0,0.0,0.0,1.0,0.0,2600000.0
675,237,2.0,2,0.0,0.0,0.0,0.0,0.0,2500000.0
900,237,3.0,2,0.0,0.0,0.0,1.0,0.0,3900000.0
980,237,2.0,2,0.0,0.0,0.0,1.0,0.0,2500000.0
540,237,2.0,2,0.0,0.0,0.0,1.0,0.0,2500000.0
675,237,2.0,2,0.0,0.0,0.0,0.0,0.0,3600000.0
675,237,2.0,2,0.0,0.0,0.0,0.0,0.0,2500000.0
675,237,2.0,2,0.0,0.0,0.0,0.0,0.0,2500000.0
675,237,2.0,2,0.0,0.0,0.0,0.0,0.0,2500000.0
855,237,3.0,2,0.0,0.0,0.0,1.0,0.0,3600000.0
675,237,2.0,2,0.0,0.0,0.0,0.0,0.0,3400000.0
855,237,3.0,2,0.0,0.0,0.0,1.0,0.0,3600000.0
675,237,2.0,2,0.0,0.0,0.0,0.0,0.0,3400000.0
700,237,2.0,2,0.0,0.0,0.0,0.0,0.0,2500000.0
1000,237,3.0,2,0.0,0.0,0.0,0.0,0.0,5000000.0
540,237,2.0,2,0.0,0.0,0.0,1.0,0.0,2500000.0
855,237,3.0,2,0.0,0.0,0.0,1.0,0.0,3600000.0
855,237,3.0,2,0.0,0.0,0.0,1.0,0.0,4100000.0
1050,237,3.0,2,0.0,0.0,0.0,0.0,0.0,3000000.0
1700,237,4.0,2,0.0,0.0,0.0,1.0,0.0,16000000.0
855,237,3.0,2,0.0,0.0,0.0,1.0,0.0,3600000.0
900,237,3.0,2,0.0,0.0,0.0,1.0,0.0,3900000.0
630,237,2.0,2,0.0,0.0,0.0,1.0,0.0,2750000.0
900,237,3.0,2,0.0,0.0,0.0,0.0,0.0,3700000.0
675,237,3.0,2,0.0,0.0,0.0,0.0,0.0,3500000.0
585,237,2.0,2,0.0,0.0,0.0,1.0,0.0,2200000.0
800,237,3.0,2,0.0,0.0,0.0,1.0,0.0,2600000.0
675,237,2.0,2,0.0,0.0,0.0,0.0,0.0,2500000.0
900,237,3.0,2,0.0,0.0,0.0,1.0,0.0,3900000.0
980,237,2.0,2,0.0,0.0,0.0,1.0,0.0,2500000.0
540,237,2.0,2,0.0,0.0,0.0,1.0,0.0,2500000.0
675,237,2.0,2,0.0,0.0,0.0,0.0,0.0,3600000.0
675,237,2.0,2,0.0,0.0,0.0,0.0,0.0,2500000.0
675,237,2.0,2,0.0,0.0,0.0,0.0,0.0,2500000.0
675,237,2.0,2,0.0,0.0,0.0,0.0,0.0,2500000.0
855,237,3.0,2,0.0,0.0,0.0,1.0,0.0,3600000.0
675,237,2.0,2,0.0,0.0,0.0,0.0,0.0,3400000.0
855,237,3.0,2,0.0,0.0,0.0,1.0,0.0,3600000.0
675,237,2.0,2,0.0,0.0,0.0,0.0,0.0,3400000.0
900,237,3.0,2,0.0,0.0,0.0,1.0,0.0,3900000.0
855,237,3.0,2,0.0,0.0,0.0,1.0,0.0,3600000.0
500,237,2.0,2,0.0,0.0,0.0,0.0,0.0,2500000.0
675,237,2.0,2,0.0,0.0,0.0,0.0,0.0,3400000.0
400,573,1.0,2,1.0,0.0,0.0,1.0,0.0,2500000.0
650,573,2.0,2,1.0,0.0,0.0,1.0,0.0,4000000.0
800,573,3.0,2,1.0,0.0,0.0,1.0,0.0,6200000.0
540,671,2.0,2,0.0,0.0,0.0,1.0,0.0,2700000.0
900,671,3.0,2,0.0,0.0,0.0,1.0,0.0,3800000.0
1100,671,4.0,2,0.0,0.0,0.0,1.0,0.0,6200000.0
675,671,3.0,2,0.0,0.0,0.0,1.0,0.0,3200000.0
1100,671,3.0,2,0.0,0.0,0.0,1.0,0.0,5700000.0
1200,671,4.0,2,0.0,0.0,0.0,1.0,0.0,6500000.0
500,671,2.0,2,0.0,0.0,0.0,1.0,0.0,19000000.0
810,671,3.0,2,0.0,0.0,0.0,1.0,0.0,3600000.0
580,671,2.0,2,0.0,0.0,0.0,1.0,0.0,3200000.0
1850,543,3.0,2,0.0,0.0,0.0,1.0,0.0,17000000.0
2000,586,3.0,2,0.0,0.0,0.0,1.0,1.0,13500000.0
1900,556,3.0,2,1.0,0.0,0.0,1.0,1.0,14800000.0
1500,586,3.0,2,0.0,0.0,0.0,1.0,0.0,14800000.0
2350,587,3.0,2,1.0,1.0,1.0,1.0,1.0,17000000.0
3000,543,4.0,2,0.0,0.0,0.0,1.0,1.0,29500000.0
1950,567,3.0,2,0.0,0.0,0.0,1.0,0.0,16500000.0
1900,554,3.0,2,0.0,0.0,0.0,1.0,0.0,16000000.0
1900,567,3.0,2,0.0,0.0,1.0,1.0,1.0,16500000.0
1900,545,3.0,2,0.0,0.0,0.0,0.0,0.0,16000000.0
540,154,2.0,2,0.0,0.0,0.0,1.0,0.0,2700000.0
900,154,3.0,2,0.0,0.0,0.0,1.0,0.0,3800000.0
1100,154,4.0,2,0.0,0.0,0.0,1.0,0.0,5700000.0
675,154,3.0,2,0.0,0.0,0.0,1.0,0.0,2900000.0
1100,154,3.0,2,0.0,0.0,0.0,1.0,0.0,6200000.0
1200,154,4.0,2,0.0,0.0,0.0,1.0,0.0,6500000.0
810,154,3.0,2,0.0,0.0,0.0,1.0,0.0,3600000.0
580,154,2.0,2,0.0,0.0,0.0,1.0,0.0,3200000.0
1900,569,3.0,2,0.0,0.0,0.0,1.0,0.0,17500000.0
1900,586,3.0,2,1.0,0.0,0.0,1.0,1.0,16500000.0
2050,543,3.0,2,1.0,0.0,1.0,1.0,1.0,15500000.0
1850,543,3.0,2,0.0,0.0,0.0,1.0,0.0,12900000.0
2000,582,3.0,2,1.0,0.0,0.0,1.0,1.0,17000000.0
3000,543,4.0,2,0.0,0.0,0.0,1.0,0.0,25000000.0
1800,543,3.0,2,0.0,0.0,0.0,1.0,0.0,15000000.0
2100,589,3.0,2,0.0,0.0,0.0,1.0,0.0,16000000.0
1750,576,3.0,2,0.0,0.0,0.0,1.0,0.0,14500000.0
1900,540,3.0,2,0.0,0.0,0.0,1.0,0.0,12800000.0
1800,586,3.0,2,0.0,0.0,0.0,1.0,0.0,14000000.0
3500,556,4.0,2,0.0,0.0,0.0,1.0,1.0,33500000.0
1800,543,3.0,2,0.0,0.0,0.0,1.0,0.0,15000000.0
1800,556,3.0,2,0.0,0.0,0.0,1.0,0.0,16000000.0
1880,545,3.0,2,1.0,0.0,1.0,1.0,1.0,14900000.0
2250,559,3.0,2,1.0,0.0,1.0,1.0,1.0,16500000.0
2000,556,3.0,2,1.0,0.0,0.0,1.0,0.0,16500000.0
2600,543,4.0,2,0.0,0.0,0.0,1.0,0.0,29000000.0
2000,576,3.0,2,1.0,0.0,0.0,1.0,1.0,14500000.0
1900,586,3.0,2,1.0,1.0,1.0,1.0,1.0,15500000.0
1800,543,3.0,2,0.0,0.0,0.0,1.0,1.0,16299999.0
2800,586,4.0,2,1.0,0.0,1.0,1.0,0.0,25500000.0
2600,586,4.0,2,1.0,0.0,1.0,1.0,0.0,25600000.0
2500,540,4.0,2,0.0,0.0,0.0,1.0,0.0,17500000.0
3500,543,5.0,2,0.0,0.0,0.0,1.0,0.0,29500000.0
2250,582,4.0,2,0.0,0.0,0.0,1.0,0.0,18000000.0
2000,567,3.0,2,0.0,0.0,0.0,1.0,0.0,16500000.0
2000,537,3.0,2,0.0,0.0,0.0,1.0,1.0,15800000.0
2200,543,4.0,2,1.0,1.0,1.0,1.0,1.0,15800000.0
1900,594,3.0,2,0.0,0.0,0.0,1.0,1.0,13500000.0
2000,584,4.0,2,0.0,0.0,0.0,1.0,1.0,15000000.0
1800,543,3.0,2,0.0,0.0,0.0,0.0,0.0,14500000.0
1900,545,3.0,2,0.0,0.0,0.0,1.0,0.0,15000000.0
2000,569,3.0,2,0.0,0.0,0.0,1.0,0.0,14500000.0
2100,586,3.0,2,1.0,0.0,1.0,1.0,1.0,17900000.0
2000,537,3.0,2,0.0,0.0,0.0,1.0,0.0,16000000.0
2000,543,3.0,2,1.0,1.0,1.0,1.0,1.0,17000000.0
2000,556,3.0,2,1.0,0.0,0.0,1.0,0.0,14500000.0
2000,594,4.0,2,0.0,0.0,0.0,1.0,1.0,20000000.0
1800,543,3.0,2,0.0,0.0,0.0,1.0,1.0,15500000.0
2000,543,3.0,2,0.0,0.0,0.0,1.0,0.0,15000000.0
2000,554,3.0,2,0.0,0.0,0.0,1.0,0.0,14500000.0
2000,540,3.0,2,0.0,0.0,0.0,1.0,1.0,15500000.0
1950,569,3.0,2,0.0,1.0,0.0,1.0,0.0,16000000.0
2000,537,3.0,2,0.0,0.0,0.0,1.0,1.0,14500000.0
2000,545,3.0,2,0.0,0.0,0.0,1.0,0.0,13500000.0
1950,543,3.0,2,1.0,1.0,1.0,1.0,1.0,15600000.0
2500,569,3.0,2,0.0,0.0,0.0,1.0,0.0,17000000.0
1900,586,3.0,2,1.0,0.0,0.0,1.0,0.0,15500000.0
2000,567,3.0,2,1.0,0.0,0.0,1.0,0.0,15500000.0
1850,567,3.0,2,0.0,0.0,0.0,1.0,0.0,15500000.0
1950,586,3.0,2,1.0,1.0,1.0,1.0,1.0,15000000.0
2000,540,3.0,2,0.0,0.0,0.0,1.0,0.0,19500000.0
2000,540,3.0,2,0.0,0.0,0.0,1.0,0.0,19800000.0
2000,543,3.0,2,0.0,0.0,0.0,1.0,0.0,15500000.0
2500,582,4.0,2,0.0,0.0,0.0,1.0,1.0,19000000.0
1800,586,3.0,2,1.0,0.0,1.0,1.0,1.0,15000000.0
1800,537,3.0,2,0.0,0.0,0.0,1.0,0.0,14500000.0
1800,540,3.0,2,0.0,0.0,0.0,1.0,1.0,14500000.0
2400,556,4.0,2,0.0,0.0,0.0,1.0,1.0,22500000.0
1800,586,3.0,2,0.0,0.0,0.0,1.0,1.0,15000000.0
1600,545,3.0,2,1.0,0.0,1.0,1.0,1.0,14000000.0
1800,537,3.0,2,0.0,0.0,0.0,1.0,0.0,16500000.0
1750,582,3.0,2,0.0,0.0,0.0,1.0,0.0,15000000.0
1800,594,3.0,2,0.0,0.0,0.0,1.0,1.0,16000000.0
4200,543,5.0,2,0.0,1.0,0.0,1.0,0.0,29800000.0
2000,540,3.0,2,0.0,0.0,0.0,1.0,1.0,19800000.0
2000,587,3.0,2,1.0,1.0,1.0,1.0,1.0,18500000.0
2000,540,3.0,2,0.0,0.0,0.0,1.0,0.0,19800000.0
2000,569,4.0,2,0.0,0.0,0.0,1.0,0.0,25500000.0
1950,582,4.0,2,0.0,0.0,0.0,1.0,1.0,20500000.0
650,154,2.0,2,0.0,0.0,0.0,1.0,0.0,2351000.0
550,362,2.0,2,0.0,0.0,0.0,1.0,0.0,2451000.0
900,607,3.0,2,0.0,0.0,0.0,1.0,0.0,5500000.0
900,671,3.0,2,0.0,0.0,0.0,1.0,0.0,3621000.0
1800,576,3.0,2,1.0,0.0,0.0,1.0,0.0,15400000.0
1500,582,3.0,2,0.0,0.0,0.0,1.0,0.0,14000000.0
1300,556,2.0,2,0.0,0.0,0.0,0.0,0.0,12500000.0
1300,556,2.0,2,0.0,0.0,0.0,1.0,0.0,12500000.0
1900,572,3.0,2,0.0,0.0,0.0,0.0,0.0,17500000.0
1900,572,3.0,2,0.0,0.0,0.0,1.0,0.0,16500000.0
1500,576,3.0,2,1.0,0.0,1.0,1.0,1.0,13799999.0
1700,594,3.0,2,0.0,0.0,0.0,1.0,0.0,14000000.0
1600,540,3.0,2,0.0,0.0,0.0,1.0,0.0,14800000.0
2000,556,4.0,2,0.0,0.0,0.0,1.0,0.0,22500000.0
2300,584,4.0,2,1.0,0.0,0.0,1.0,0.0,21500000.0
1700,586,3.0,2,1.0,0.0,1.0,1.0,0.0,17500000.0
1500,543,3.0,2,0.0,0.0,0.0,0.0,0.0,12500000.0
650,154,2.0,2,0.0,0.0,0.0,1.0,0.0,2451000.0
415,569,1.0,2,0.0,0.0,0.0,0.0,1.0,3325000.0
900,154,2.0,2,0.0,0.0,0.0,0.0,0.0,4200000.0
1250,154,4.0,2,0.0,0.0,0.0,0.0,0.0,6500000.0
680,154,3.0,2,0.0,0.0,0.0,0.0,0.0,3000000.0
1200,154,3.0,2,0.0,0.0,0.0,0.0,0.0,7000000.0
850,154,3.0,2,0.0,0.0,0.0,0.0,0.0,5000000.0
800,154,3.0,2,0.0,0.0,0.0,0.0,0.0,4500000.0
550,154,2.0,2,0.0,0.0,0.0,0.0,0.0,2700000.0
950,671,3.0,2,0.0,0.0,0.0,1.0,0.0,5000000.0
1000,671,3.0,2,0.0,0.0,0.0,0.0,0.0,4575000.0
1700,537,3.0,2,1.0,0.0,1.0,1.0,0.0,16000000.0
900,671,3.0,2,0.0,0.0,0.0,1.0,0.0,5150000.0
1450,671,4.0,2,0.0,0.0,0.0,1.0,0.0,9200000.0
1080,154,3.0,2,1.0,0.0,0.0,1.0,0.0,7000000.0
500,154,2.0,2,1.0,0.0,0.0,1.0,0.0,2800000.0
450,154,2.0,2,1.0,0.0,0.0,1.0,0.0,2200000.0
675,154,3.0,2,1.0,0.0,0.0,1.0,0.0,3700000.0
1485,154,4.0,2,1.0,0.0,0.0,1.0,0.0,10000000.0
875,154,3.0,2,1.0,0.0,0.0,1.0,0.0,4700000.0
1080,154,4.0,2,1.0,0.0,0.0,1.0,0.0,7000000.0
750,154,3.0,2,1.0,0.0,0.0,1.0,0.0,4100000.0
600,154,2.0,2,1.0,0.0,0.0,1.0,0.0,3500000.0
480,154,1.0,2,1.0,0.0,0.0,1.0,0.0,2300000.0
850,671,3.0,2,0.0,0.0,0.0,1.0,0.0,4242000.0
1300,556,2.0,2,1.0,0.0,1.0,0.0,0.0,12200000.0
1300,576,2.0,2,1.0,0.0,1.0,1.0,1.0,11500000.0
1350,511,3.0,2,0.0,0.0,0.0,1.0,0.0,12400000.0
900,447,3.0,2,0.0,0.0,0.0,1.0,0.0,5100000.0
850,671,3.0,2,0.0,0.0,0.0,1.0,0.0,3500000.0
1000,546,2.0,2,0.0,0.0,0.0,0.0,0.0,11000000.0
450,575,1.0,2,0.0,0.0,0.0,0.0,0.0,2500000.0
850,510,2.0,2,0.0,0.0,0.0,0.0,0.0,12500000.0
650,671,2.0,2,0.0,0.0,0.0,1.0,0.0,2800000.0
900,671,3.0,2,0.0,0.0,0.0,1.0,0.0,5100000.0
650,671,2.0,2,0.0,0.0,0.0,1.0,0.0,2751000.0
675,87,3.0,2,0.0,0.0,0.0,1.0,0.0,3800000.0
500,573,2.0,2,1.0,0.0,0.0,1.0,0.0,4000000.0
400,573,1.0,2,1.0,0.0,0.0,1.0,0.0,3400000.0
350,573,1.0,2,1.0,0.0,0.0,1.0,0.0,2699000.0
650,573,2.0,2,1.0,0.0,0.0,1.0,0.0,4600000.0
1125,570,3.0,2,0.0,0.0,0.0,1.0,0.0,11500000.0
1375,509,3.0,2,0.0,0.0,0.0,1.0,0.0,11500000.0
650,671,2.0,2,0.0,0.0,0.0,1.0,0.0,3200000.0
2200,584,4.0,2,1.0,0.0,0.0,1.0,0.0,21000000.0
1650,567,3.0,2,0.0,0.0,0.0,1.0,1.0,17300000.0
980,685,2.0,2,1.0,0.0,0.0,1.0,0.0,10500000.0
1600,567,3.0,2,0.0,0.0,0.0,0.0,0.0,14800000.0
1600,567,3.0,2,0.0,0.0,0.0,1.0,0.0,14800000.0
850,671,3.0,2,0.0,0.0,0.0,1.0,0.0,4200000.0
820,671,3.0,2,1.0,0.0,0.0,1.0,0.0,4700000.0
525,671,2.0,2,1.0,0.0,0.0,1.0,0.0,2399000.0
1350,671,3.0,2,1.0,0.0,0.0,1.0,0.0,7500000.0
850,671,3.0,2,1.0,0.0,0.0,1.0,0.0,4199000.0
625,671,2.0,2,1.0,0.0,0.0,1.0,0.0,2700000.0
750,671,2.0,2,1.0,0.0,0.0,1.0,0.0,3500000.0
1250,576,2.0,2,1.0,0.0,0.0,1.0,0.0,10500000.0
1700,554,3.0,2,0.0,0.0,0.0,1.0,0.0,16000000.0
1600,582,3.0,2,0.0,0.0,0.0,1.0,0.0,14500000.0
1300,556,2.0,2,1.0,0.0,1.0,0.0,0.0,12500000.0
1300,556,2.0,2,1.0,0.0,1.0,0.0,0.0,12500000.0
540,671,2.0,2,0.0,0.0,0.0,1.0,0.0,2300000.0
500,154,2.0,2,0.0,0.0,0.0,1.0,0.0,2251000.0
540,154,2.0,2,0.0,0.0,0.0,1.0,0.0,2200000.0
540,154,2.0,2,0.0,0.0,0.0,1.0,0.0,2200000.0
1200,587,2.0,2,0.0,0.0,0.0,1.0,0.0,10500000.0
2300,582,4.0,2,0.0,0.0,0.0,1.0,0.0,20500000.0
1700,586,3.0,2,1.0,0.0,1.0,1.0,1.0,17600000.0
540,154,2.0,2,0.0,0.0,0.0,0.0,0.0,2700000.0
900,154,3.0,2,0.0,0.0,0.0,0.0,0.0,4799000.0
740,154,3.0,2,0.0,0.0,0.0,0.0,0.0,4099000.0
495,154,2.0,2,0.0,0.0,0.0,0.0,0.0,2449000.0
477,154,2.0,2,0.0,0.0,0.0,0.0,0.0,2399000.0
630,154,2.0,2,0.0,0.0,0.0,0.0,0.0,3500000.0
765,154,3.0,2,0.0,0.0,0.0,0.0,0.0,4300000.0
720,154,3.0,2,0.0,0.0,0.0,0.0,0.0,4000000.0
1080,154,3.0,2,0.0,0.0,0.0,0.0,0.0,6500000.0
450,154,2.0,2,0.0,0.0,0.0,0.0,0.0,2200000.0
855,154,3.0,2,0.0,0.0,0.0,0.0,0.0,5800000.0
990,154,3.0,2,0.0,0.0,0.0,0.0,0.0,5200000.0
810,154,3.0,2,0.0,0.0,0.0,0.0,0.0,4699000.0
585,154,2.0,2,0.0,0.0,0.0,0.0,0.0,2999000.0
720,154,3.0,2,1.0,0.0,0.0,1.0,0.0,4199000.0
495,154,2.0,2,1.0,0.0,0.0,1.0,0.0,2550000.0
585,154,2.0,2,1.0,0.0,0.0,1.0,0.0,3099000.0
900,87,3.0,2,0.0,0.0,0.0,1.0,0.0,5500000.0
1000,671,2.0,2,0.0,0.0,0.0,1.0,0.0,4500000.0
4500,594,5.0,2,0.0,0.0,0.0,1.0,1.0,45000000.0
1600,586,3.0,2,1.0,0.0,1.0,1.0,1.0,13000000.0
2600,586,4.0,2,1.0,0.0,1.0,1.0,0.0,24800000.0
450,154,2.0,2,0.0,0.0,0.0,0.0,0.0,2599000.0
650,154,2.0,2,0.0,0.0,0.0,0.0,0.0,2899000.0
800,154,3.0,2,0.0,0.0,0.0,0.0,0.0,4500000.0
2100,447,4.0,2,0.0,0.0,0.0,1.0,0.0,19500000.0
1200,586,2.0,2,0.0,0.0,0.0,1.0,1.0,11399999.0
850,154,3.0,2,0.0,0.0,0.0,1.0,0.0,4599000.0
1800,589,3.0,2,0.0,0.0,0.0,0.0,0.0,16200000.0
650,447,2.0,2,0.0,0.0,0.0,1.0,0.0,3500000.0
450,615,2.0,2,0.0,0.0,0.0,1.0,0.0,3600000.0
450,615,2.0,2,0.0,0.0,0.0,1.0,0.0,3800000.0
450,615,2.0,2,0.0,0.0,0.0,1.0,0.0,4200000.0
450,615,2.0,2,0.0,0.0,0.0,1.0,0.0,4000000.0
450,615,2.0,2,0.0,0.0,0.0,1.0,0.0,3600000.0
900,615,3.0,2,0.0,0.0,0.0,1.0,0.0,8200000.0
800,615,3.0,2,0.0,0.0,0.0,1.0,0.0,6500000.0
800,615,3.0,2,0.0,0.0,0.0,1.0,0.0,7000000.0
800,615,3.0,2,0.0,0.0,0.0,1.0,0.0,7000000.0
450,615,2.0,2,0.0,0.0,0.0,1.0,0.0,3800000.0
450,615,2.0,2,0.0,0.0,0.0,1.0,0.0,3600000.0
750,615,3.0,2,0.0,0.0,0.0,1.0,0.0,7000000.0
900,615,3.0,2,0.0,0.0,0.0,1.0,0.0,8200000.0
850,154,3.0,2,0.0,0.0,0.0,1.0,0.0,4599000.0
4500,594,5.0,2,0.0,0.0,0.0,1.0,0.0,45000000.0
3500,594,4.0,2,0.0,0.0,0.0,1.0,0.0,37500000.0
1600,586,3.0,2,1.0,1.0,1.0,1.0,1.0,15800000.0
650,589,2.0,2,1.0,0.0,0.0,0.0,0.0,3500000.0
720,154,2.0,2,1.0,0.0,0.0,0.0,0.0,3399000.0
450,154,2.0,2,1.0,0.0,0.0,0.0,0.0,2349000.0
990,154,3.0,2,1.0,0.0,0.0,0.0,0.0,5999000.0
675,154,3.0,2,1.0,0.0,0.0,0.0,0.0,3199000.0
765,154,3.0,2,1.0,0.0,0.0,0.0,0.0,4099000.0
1000,671,3.0,2,0.0,0.0,0.0,1.0,0.0,4600000.0
865,671,3.0,2,0.0,0.0,0.0,0.0,0.0,3500000.0
865,671,3.0,2,0.0,0.0,0.0,1.0,0.0,3500000.0
640,671,2.0,2,0.0,0.0,0.0,1.0,0.0,2500000.0
640,671,2.0,2,0.0,0.0,0.0,0.0,0.0,2500000.0
1800,543,3.0,2,0.0,0.0,0.0,0.0,0.0,14000000.0
1800,543,3.0,2,0.0,0.0,0.0,1.0,0.0,16000000.0
1600,589,3.0,2,1.0,0.0,1.0,1.0,0.0,16000000.0
2500,537,4.0,2,1.0,0.0,0.0,1.0,1.0,19000000.0
1750,584,3.0,2,0.0,0.0,0.0,1.0,0.0,16000000.0
2000,545,4.0,2,0.0,0.0,0.0,1.0,0.0,18500000.0
685,154,2.0,2,0.0,0.0,0.0,0.0,0.0,2600000.0
685,154,2.0,2,0.0,0.0,0.0,0.0,0.0,2600000.0
540,188,2.0,2,0.0,0.0,0.0,0.0,0.0,2300000.0
540,188,2.0,2,0.0,0.0,0.0,0.0,0.0,2500000.0
520,188,2.0,2,0.0,0.0,0.0,0.0,0.0,2500000.0
810,188,3.0,2,0.0,0.0,0.0,1.0,0.0,4000000.0
2500,556,4.0,2,0.0,0.0,0.0,1.0,1.0,21100000.0
865,671,3.0,2,0.0,0.0,0.0,1.0,0.0,4100000.0
865,671,3.0,2,0.0,0.0,0.0,0.0,0.0,4100000.0
550,671,2.0,2,0.0,0.0,0.0,1.0,0.0,2500000.0
550,671,2.0,2,0.0,0.0,0.0,0.0,0.0,2500000.0
865,671,3.0,2,0.0,0.0,0.0,1.0,0.0,4100000.0
650,589,2.0,2,0.0,0.0,0.0,0.0,0.0,3500000.0
850,589,3.0,2,0.0,0.0,0.0,0.0,0.0,4600000.0
658,154,2.0,2,0.0,0.0,0.0,1.0,0.0,3000000.0
1700,582,3.0,2,1.0,0.0,1.0,1.0,1.0,14900000.0
1600,569,3.0,2,0.0,0.0,0.0,1.0,0.0,13899999.0
2000,540,4.0,2,0.0,0.0,0.0,1.0,0.0,18000000.0
1300,545,3.0,2,1.0,0.0,1.0,1.0,1.0,12400000.0
900,729,3.0,2,0.0,0.0,0.0,1.0,0.0,4800000.0
600,729,2.0,2,0.0,0.0,0.0,1.0,0.0,2600000.0
900,154,3.0,2,0.0,0.0,0.0,1.0,0.0,5200000.0
820,154,3.0,2,0.0,0.0,0.0,1.0,0.0,4200000.0
1200,154,3.0,2,0.0,0.0,0.0,1.0,0.0,6000000.0
650,154,2.0,2,0.0,0.0,0.0,1.0,0.0,3200000.0
1000,154,4.0,2,0.0,0.0,0.0,1.0,0.0,6000000.0
750,154,3.0,2,0.0,0.0,0.0,1.0,0.0,4000000.0
900,154,4.0,2,0.0,0.0,0.0,1.0,0.0,5000000.0
700,154,3.0,2,0.0,0.0,0.0,1.0,0.0,3500000.0
900,154,3.0,2,0.0,0.0,0.0,0.0,0.0,5200000.0
1200,154,4.0,2,0.0,0.0,0.0,0.0,0.0,6500000.0
820,154,3.0,2,0.0,0.0,0.0,0.0,0.0,4200000.0
630,154,3.0,2,0.0,0.0,0.0,0.0,0.0,3300000.0
1200,154,3.0,2,0.0,0.0,0.0,0.0,0.0,6000000.0
650,154,2.0,2,0.0,0.0,0.0,0.0,0.0,3200000.0
750,154,3.0,2,0.0,0.0,0.0,0.0,0.0,4000000.0
600,154,2.0,2,0.0,0.0,0.0,0.0,0.0,2800000.0
900,154,4.0,2,0.0,0.0,0.0,0.0,0.0,5000000.0
616,362,2.0,2,0.0,0.0,0.0,1.0,0.0,3200000.0
616,362,2.0,2,0.0,0.0,0.0,1.0,0.0,3200000.0
505,362,2.0,2,0.0,0.0,0.0,1.0,0.0,2800000.0
505,362,2.0,2,0.0,0.0,0.0,1.0,0.0,2800000.0
505,362,2.0,2,0.0,0.0,0.0,1.0,0.0,2700000.0
900,729,3.0,2,0.0,0.0,0.0,1.0,0.0,5000000.0
900,729,3.0,2,0.0,0.0,0.0,1.0,0.0,4500000.0
675,362,2.0,2,0.0,0.0,0.0,1.0,0.0,3400000.0
810,101,3.0,2,0.0,0.0,0.0,1.0,0.0,4200000.0
1000,101,3.0,2,0.0,0.0,0.0,1.0,0.0,4200000.0
1125,101,3.0,2,0.0,0.0,0.0,1.0,0.0,5400000.0
810,101,3.0,2,0.0,0.0,0.0,1.0,0.0,4200000.0
675,101,2.0,2,0.0,0.0,0.0,1.0,0.0,3300000.0
1200,101,3.0,2,0.0,0.0,0.0,1.0,0.0,5600000.0
630,101,2.0,2,0.0,0.0,0.0,0.0,0.0,2200000.0
1050,685,2.0,2,1.0,0.0,0.0,1.0,0.0,11500000.0
2400,540,4.0,2,0.0,0.0,0.0,1.0,0.0,18500000.0
1300,556,2.0,2,1.0,0.0,1.0,0.0,0.0,9500000.0
1700,559,3.0,2,0.0,0.0,1.0,1.0,1.0,14500000.0
1600,189,3.0,2,0.0,0.0,0.0,0.0,0.0,30000000.0
540,671,2.0,2,1.0,0.0,0.0,1.0,0.0,2700000.0
900,671,3.0,2,1.0,0.0,0.0,1.0,0.0,4200000.0
1100,671,4.0,2,1.0,0.0,0.0,1.0,0.0,5700000.0
675,671,3.0,2,1.0,0.0,0.0,1.0,0.0,3200000.0
1100,671,3.0,2,1.0,0.0,0.0,1.0,0.0,6199000.0
1200,671,4.0,2,1.0,0.0,0.0,1.0,0.0,6500000.0
500,671,2.0,2,1.0,0.0,0.0,1.0,0.0,2000000.0
810,671,3.0,2,1.0,0.0,0.0,1.0,0.0,4199000.0
580,671,2.0,2,1.0,0.0,0.0,1.0,0.0,3199000.0
1500,556,3.0,2,1.0,0.0,1.0,0.0,0.0,11000000.0
2000,594,3.0,2,0.0,0.0,0.0,1.0,0.0,21500000.0
1800,584,3.0,2,1.0,1.0,1.0,1.0,1.0,14500000.0
1800,586,3.0,2,0.0,0.0,0.0,1.0,0.0,18500000.0
625,570,2.0,2,0.0,0.0,0.0,0.0,0.0,6500000.0
1400,531,3.0,2,0.0,0.0,0.0,0.0,0.0,17000000.0
450,154,2.0,2,0.0,0.0,0.0,0.0,0.0,2200000.0
495,154,2.0,2,0.0,0.0,0.0,1.0,0.0,3200000.0
1000,154,4.0,2,0.0,0.0,0.0,1.0,0.0,6300000.0
540,154,2.0,2,0.0,0.0,0.0,0.0,0.0,2500000.0
505,362,2.0,2,0.0,0.0,0.0,1.0,0.0,2700000.0
540,154,2.0,2,0.0,0.0,0.0,0.0,0.0,2500000.0
810,362,3.0,2,0.0,0.0,0.0,1.0,0.0,4800000.0
616,362,2.0,2,0.0,0.0,0.0,1.0,0.0,3200000.0
616,362,2.0,2,0.0,0.0,0.0,1.0,0.0,3100000.0
505,362,2.0,2,0.0,0.0,0.0,1.0,0.0,2700000.0
855,362,3.0,2,0.0,0.0,0.0,1.0,0.0,5200000.0
616,362,2.0,2,0.0,0.0,0.0,1.0,0.0,3300000.0
540,154,2.0,2,0.0,0.0,0.0,0.0,0.0,2500000.0
667,671,2.0,2,0.0,0.0,0.0,0.0,0.0,2750000.0
667,671,2.0,2,0.0,0.0,0.0,0.0,0.0,2750000.0
2400,582,4.0,2,0.0,0.0,0.0,1.0,0.0,19800000.0
1000,550,2.0,2,0.0,0.0,0.0,0.0,0.0,10000000.0
1000,550,2.0,2,0.0,0.0,0.0,0.0,0.0,10000000.0
1900,586,3.0,2,0.0,0.0,0.0,1.0,0.0,19000000.0
2500,540,5.0,2,0.0,1.0,0.0,1.0,1.0,22000000.0
500,671,2.0,2,0.0,0.0,0.0,1.0,0.0,2100000.0
520,671,2.0,2,0.0,0.0,0.0,1.0,0.0,2000000.0
510,671,2.0,2,0.0,0.0,0.0,1.0,0.0,2200000.0
750,671,3.0,2,0.0,0.0,0.0,1.0,0.0,3100000.0
600,671,2.0,2,0.0,0.0,0.0,1.0,0.0,2800000.0
861,570,2.0,2,0.0,0.0,0.0,0.0,0.0,6500000.0
640,671,2.0,2,0.0,0.0,0.0,0.0,0.0,2700000.0
640,671,2.0,2,0.0,0.0,0.0,0.0,0.0,2700000.0
1800,582,3.0,2,0.0,0.0,0.0,1.0,0.0,16800000.0
1000,671,3.0,2,0.0,0.0,0.0,0.0,0.0,4600000.0
755,154,2.0,2,0.0,0.0,0.0,1.0,0.0,3400000.0
1000,154,3.0,2,0.0,0.0,0.0,1.0,0.0,4400000.0
1050,154,3.0,2,0.0,0.0,0.0,1.0,0.0,4700000.0
755,154,2.0,2,0.0,0.0,0.0,1.0,0.0,3400000.0
1050,154,3.0,2,0.0,0.0,0.0,1.0,0.0,4700000.0
760,154,2.0,2,0.0,0.0,0.0,1.0,0.0,3700000.0
760,154,2.0,2,0.0,0.0,0.0,1.0,0.0,3700000.0
750,154,2.0,2,0.0,0.0,0.0,1.0,0.0,2900000.0
750,154,2.0,2,0.0,0.0,0.0,1.0,0.0,2900000.0
1000,671,3.0,2,0.0,0.0,0.0,0.0,0.0,4600000.0
1200,8,3.0,2,0.0,0.0,0.0,0.0,0.0,15500000.0
720,154,3.0,2,0.0,0.0,0.0,0.0,0.0,3500000.0
675,362,2.0,2,0.0,0.0,0.0,1.0,0.0,3400000.0
540,154,2.0,2,0.0,0.0,0.0,1.0,0.0,2800000.0
900,671,3.0,2,0.0,0.0,0.0,1.0,0.0,5400000.0
900,362,3.0,2,0.0,0.0,0.0,1.0,0.0,6200000.0
810,607,3.0,2,0.0,0.0,0.0,1.0,0.0,5000000.0
900,362,3.0,2,0.0,0.0,0.0,1.0,0.0,4800000.0
540,154,2.0,2,0.0,0.0,0.0,0.0,0.0,2500000.0
675,362,3.0,2,0.0,0.0,0.0,1.0,0.0,3800000.0
630,362,3.0,2,0.0,0.0,0.0,1.0,0.0,3500000.0
810,607,3.0,2,0.0,0.0,0.0,1.0,0.0,5000000.0
810,154,3.0,2,0.0,0.0,0.0,1.0,0.0,4800000.0
2500,567,4.0,2,0.0,1.0,0.0,1.0,0.0,20000000.0
2000,582,4.0,2,0.0,0.0,0.0,1.0,1.0,19500000.0
2000,582,4.0,2,0.0,0.0,0.0,1.0,1.0,20500000.0
4500,594,4.0,2,0.0,0.0,0.0,1.0,1.0,45000000.0
2200,586,4.0,2,1.0,0.0,1.0,1.0,0.0,24900000.0
2000,587,4.0,2,0.0,0.0,0.0,1.0,1.0,19500000.0
900,586,2.0,2,0.0,0.0,0.0,0.0,0.0,8400000.0
1900,587,4.0,2,0.0,0.0,0.0,1.0,1.0,16800000.0
1600,545,3.0,2,0.0,0.0,0.0,1.0,1.0,15800000.0
1550,567,3.0,2,0.0,0.0,0.0,1.0,0.0,14800000.0
2000,584,4.0,2,1.0,0.0,0.0,1.0,0.0,21500000.0
2000,587,4.0,2,0.0,0.0,0.0,1.0,1.0,19500000.0
2200,537,4.0,2,1.0,0.0,0.0,1.0,1.0,23500000.0
1700,537,3.0,2,0.0,0.0,0.0,1.0,0.0,15100000.0
1500,540,3.0,2,0.0,0.0,0.0,1.0,0.0,17600000.0
3800,540,4.0,2,0.0,1.0,0.0,1.0,0.0,34100000.0
2400,559,3.0,2,1.0,0.0,1.0,1.0,1.0,22500000.0
2200,589,4.0,2,0.0,0.0,0.0,0.0,0.0,18200000.0
1800,586,2.0,2,1.0,0.0,1.0,1.0,1.0,14800000.0
2520,239,4.0,2,0.0,0.0,0.0,1.0,0.0,11000000.0
1440,237,4.0,2,0.0,0.0,0.0,0.0,0.0,8500000.0
765,237,2.0,2,0.0,0.0,0.0,0.0,0.0,3500000.0
585,237,2.0,2,0.0,0.0,0.0,1.0,0.0,3600000.0
1350,237,3.0,2,0.0,0.0,0.0,1.0,0.0,7500000.0
675,239,2.0,2,0.0,0.0,0.0,1.0,0.0,3550000.0
720,87,3.0,2,0.0,0.0,0.0,1.0,0.0,3500000.0
900,87,3.0,2,0.0,0.0,0.0,1.0,0.0,4500000.0
1000,607,4.0,2,0.0,0.0,0.0,1.0,0.0,6211000.0
616,362,2.0,2,0.0,0.0,0.0,1.0,0.0,3200000.0
540,154,2.0,2,0.0,0.0,0.0,0.0,0.0,2500000.0
720,154,3.0,2,0.0,0.0,0.0,0.0,0.0,3500000.0
2000,582,3.0,2,0.0,0.0,0.0,0.0,0.0,19000000.0
1700,586,3.0,2,1.0,0.0,1.0,1.0,0.0,16500000.0
2400,586,4.0,2,1.0,0.0,1.0,1.0,0.0,24800000.0
2400,567,4.0,2,0.0,0.0,0.0,1.0,0.0,21500000.0
2000,582,3.0,2,0.0,0.0,0.0,1.0,0.0,19000000.0
1700,586,3.0,2,1.0,0.0,1.0,1.0,0.0,16500000.0
1900,589,3.0,2,1.0,0.0,1.0,1.0,0.0,15500000.0
685,671,2.0,2,0.0,0.0,0.0,0.0,0.0,3050000.0
1000,671,3.0,2,0.0,0.0,0.0,0.0,0.0,3900000.0
600,671,2.0,2,0.0,0.0,0.0,1.0,0.0,2900000.0
1300,537,2.0,2,0.0,0.0,0.0,1.0,0.0,11000000.0
1800,559,3.0,2,0.0,0.0,1.0,1.0,0.0,15000000.0
1700,582,3.0,2,0.0,0.0,0.0,1.0,0.0,12000000.0
1600,576,3.0,2,1.0,0.0,1.0,1.0,1.0,11000000.0
645,511,2.0,2,0.0,0.0,0.0,0.0,0.0,9000000.0
865,511,3.0,2,0.0,0.0,0.0,0.0,0.0,10500000.0
680,511,3.0,2,0.0,0.0,0.0,0.0,0.0,7500000.0
1055,511,3.0,2,0.0,0.0,0.0,0.0,0.0,9800000.0
1800,543,2.0,2,0.0,0.0,0.0,1.0,0.0,19000000.0
950,570,2.0,2,0.0,0.0,0.0,0.0,0.0,6900000.0
680,511,3.0,2,0.0,0.0,0.0,0.0,0.0,7500000.0
550,154,2.0,2,0.0,0.0,0.0,0.0,0.0,2600000.0
900,154,3.0,2,0.0,0.0,0.0,0.0,0.0,7200000.0
450,154,2.0,2,0.0,0.0,0.0,0.0,0.0,3600000.0
400,154,2.0,2,0.0,0.0,0.0,0.0,0.0,3200000.0
800,154,3.0,2,0.0,0.0,0.0,0.0,0.0,6400000.0
600,154,2.0,2,0.0,0.0,0.0,1.0,0.0,3050000.0
400,154,2.0,2,1.0,0.0,0.0,1.0,0.0,2300000.0
800,154,3.0,2,1.0,0.0,0.0,1.0,0.0,4400000.0
900,154,3.0,2,1.0,0.0,0.0,1.0,0.0,4799000.0
550,729,2.0,2,0.0,0.0,0.0,1.0,0.0,3400000.0
800,729,3.0,2,0.0,0.0,0.0,1.0,0.0,4500000.0
970,568,3.0,2,0.0,0.0,0.0,1.0,0.0,8500000.0
1080,511,4.0,2,0.0,0.0,0.0,0.0,0.0,9000000.0
650,349,2.0,2,0.0,0.0,0.0,1.0,0.0,3500000.0
550,349,2.0,2,0.0,0.0,0.0,0.0,0.0,3200000.0
950,154,3.0,2,0.0,0.0,0.0,0.0,0.0,4999000.0
450,154,2.0,2,0.0,0.0,0.0,0.0,0.0,2600000.0
650,154,2.0,2,0.0,0.0,0.0,0.0,0.0,2900000.0
800,154,3.0,2,0.0,0.0,0.0,0.0,0.0,4400000.0
2200,586,2.0,2,0.0,0.0,0.0,1.0,0.0,20500000.0
2400,556,4.0,2,0.0,0.0,0.0,1.0,0.0,23200000.0
2800,586,4.0,2,1.0,0.0,1.0,1.0,0.0,25900000.0
1500,569,3.0,2,0.0,0.0,0.0,1.0,0.0,17500000.0
1600,586,3.0,2,0.0,0.0,1.0,1.0,1.0,14800000.0
1500,537,3.0,2,1.0,1.0,0.0,1.0,0.0,13500000.0
1600,537,3.0,2,1.0,0.0,1.0,1.0,0.0,15500000.0
1500,559,3.0,2,0.0,0.0,1.0,1.0,1.0,12800000.0
675,101,2.0,2,0.0,0.0,0.0,1.0,0.0,3300000.0
540,101,2.0,2,0.0,0.0,0.0,0.0,0.0,2100000.0
1150,609,3.0,2,0.0,0.0,0.0,1.0,1.0,6700000.0
1000,609,3.0,2,0.0,0.0,0.0,1.0,1.0,5500000.0
1000,609,3.0,2,0.0,0.0,0.0,1.0,0.0,6000000.0
1000,609,3.0,2,0.0,0.0,0.0,1.0,0.0,6000000.0
990,671,3.0,2,0.0,0.0,0.0,0.0,0.0,5500000.0
545,671,2.0,2,0.0,0.0,0.0,0.0,0.0,2600000.0
750,671,3.0,2,0.0,0.0,0.0,0.0,0.0,3699000.0
615,671,2.0,2,0.0,0.0,0.0,0.0,0.0,3199000.0
540,154,2.0,2,0.0,0.0,0.0,1.0,0.0,2200000.0
720,729,3.0,2,0.0,0.0,0.0,1.0,0.0,3800000.0
450,729,2.0,2,0.0,0.0,0.0,1.0,0.0,2200000.0
450,369,2.0,2,0.0,0.0,0.0,0.0,0.0,2200000.0
500,362,2.0,2,0.0,0.0,0.0,1.0,0.0,2300000.0
810,369,3.0,2,0.0,0.0,0.0,1.0,0.0,4500000.0
540,154,2.0,2,0.0,0.0,0.0,1.0,0.0,2600000.0
540,671,2.0,2,0.0,0.0,0.0,0.0,0.0,3000000.0
540,671,2.0,2,0.0,0.0,0.0,0.0,0.0,2800000.0
720,362,3.0,2,0.0,0.0,0.0,1.0,0.0,3500000.0
450,369,2.0,2,0.0,0.0,0.0,0.0,0.0,2100000.0
360,52,1.0,2,0.0,0.0,0.0,1.0,0.0,2400000.0
650,52,2.0,2,0.0,0.0,0.0,1.0,0.0,3800000.0
1215,609,4.0,2,0.0,0.0,0.0,1.0,0.0,8000000.0
1440,609,4.0,2,0.0,0.0,0.0,1.0,0.0,11500000.0
1000,511,4.0,2,0.0,0.0,0.0,0.0,0.0,9000000.0
1700,567,3.0,2,1.0,1.0,1.0,1.0,1.0,12800000.0
2001,540,4.0,2,0.0,0.0,0.0,1.0,1.0,19200000.0
1800,576,3.0,2,0.0,0.0,0.0,1.0,0.0,14500000.0
1750,554,3.0,2,0.0,0.0,0.0,0.0,0.0,12000000.0
1700,567,3.0,2,0.0,1.0,1.0,1.0,1.0,12500000.0
1600,556,3.0,2,0.0,0.0,0.0,1.0,0.0,13500000.0
2100,582,4.0,2,0.0,0.0,0.0,0.0,0.0,15500000.0
1900,543,4.0,2,1.0,0.0,0.0,1.0,0.0,15500000.0
1600,556,3.0,2,0.0,0.0,0.0,1.0,0.0,13500000.0
680,511,3.0,2,0.0,0.0,0.0,0.0,0.0,7500000.0
1800,587,3.0,2,0.0,0.0,0.0,0.0,0.0,13500000.0
1800,587,3.0,2,0.0,0.0,0.0,1.0,0.0,13500000.0
1400,540,2.0,2,0.0,0.0,0.0,1.0,0.0,11000000.0
540,671,2.0,2,0.0,0.0,0.0,0.0,0.0,2100000.0
540,671,2.0,2,0.0,0.0,0.0,0.0,0.0,2200000.0
600,729,2.0,2,0.0,0.0,0.0,0.0,0.0,2300000.0
800,570,2.0,2,0.0,0.0,0.0,0.0,0.0,7000000.0
1800,110,3.0,2,0.0,0.0,0.0,0.0,0.0,8500000.0
2400,559,4.0,2,1.0,0.0,1.0,1.0,1.0,29500000.0
1440,328,3.0,2,0.0,0.0,0.0,0.0,0.0,25000000.0
1100,631,2.0,2,0.0,0.0,0.0,1.0,0.0,7800000.0
1900,584,4.0,2,0.0,0.0,0.0,1.0,0.0,16500000.0
2000,543,4.0,2,1.0,0.0,1.0,1.0,0.0,20000000.0
1700,582,2.0,2,0.0,0.0,0.0,1.0,0.0,16900000.0
2000,537,3.0,2,0.0,0.0,0.0,1.0,0.0,27500000.0
1800,549,2.0,2,1.0,0.0,0.0,1.0,0.0,17500000.0
1700,587,3.0,2,0.0,0.0,0.0,1.0,0.0,14900000.0
2400,559,3.0,2,1.0,0.0,1.0,1.0,1.0,25000000.0
585,188,2.0,2,0.0,0.0,0.0,0.0,0.0,2400000.0
1500,556,3.0,2,0.0,0.0,0.0,1.0,0.0,13899999.0
1850,589,4.0,2,0.0,0.0,0.0,1.0,0.0,14000000.0
1350,154,3.0,2,0.0,0.0,0.0,1.0,0.0,13200000.0
1100,540,2.0,2,0.0,0.0,0.0,0.0,0.0,8500000.0
1750,556,4.0,2,1.0,0.0,0.0,1.0,0.0,18500000.0
1300,540,3.0,2,0.0,0.0,0.0,1.0,0.0,13799999.0
1200,543,2.0,2,1.0,0.0,1.0,1.0,1.0,10800000.0
1750,587,3.0,2,0.0,0.0,0.0,1.0,0.0,12800000.0
675,671,2.0,2,0.0,0.0,0.0,0.0,0.0,3600000.0
810,671,3.0,2,0.0,0.0,0.0,1.0,0.0,4700000.0
810,671,3.0,2,0.0,0.0,0.0,1.0,0.0,4650000.0
785,729,3.0,2,0.0,0.0,0.0,1.0,0.0,4200000.0
810,671,3.0,2,0.0,0.0,0.0,1.0,0.0,4700000.0
750,671,2.0,2,0.0,0.0,0.0,1.0,0.0,3200000.0
500,671,2.0,2,0.0,0.0,0.0,0.0,0.0,2600000.0
550,87,2.0,2,0.0,0.0,0.0,0.0,0.0,2700000.0
540,671,2.0,2,0.0,0.0,0.0,0.0,0.0,3300000.0
1000,671,3.0,2,0.0,0.0,0.0,0.0,0.0,5000000.0
800,671,3.0,2,0.0,0.0,0.0,0.0,0.0,4100000.0
600,671,2.0,2,0.0,0.0,0.0,0.0,0.0,2550000.0
550,671,2.0,2,0.0,0.0,0.0,0.0,0.0,2200000.0
1100,537,2.0,2,1.0,1.0,0.0,1.0,0.0,10500000.0
900,349,3.0,2,0.0,0.0,0.0,1.0,0.0,5350000.0
540,729,2.0,2,0.0,0.0,0.0,1.0,0.0,2800000.0
810,729,3.0,2,0.0,0.0,0.0,1.0,0.0,4500000.0
900,349,3.0,2,0.0,0.0,0.0,1.0,0.0,5600000.0
900,349,3.0,2,0.0,0.0,0.0,1.0,0.0,5400000.0
950,349,3.0,2,0.0,0.0,0.0,1.0,0.0,5700000.0
675,349,2.0,2,0.0,0.0,0.0,1.0,0.0,3600000.0
550,349,2.0,2,0.0,0.0,0.0,1.0,0.0,3800000.0
900,349,3.0,2,0.0,0.0,0.0,1.0,0.0,5600000.0
900,349,3.0,2,0.0,0.0,0.0,1.0,0.0,5400000.0
1000,349,3.0,2,0.0,0.0,0.0,1.0,0.0,6000000.0
990,349,3.0,2,0.0,0.0,0.0,1.0,0.0,6000000.0
990,349,3.0,2,0.0,0.0,0.0,1.0,0.0,6000000.0
585,188,2.0,2,0.0,0.0,0.0,0.0,0.0,2450000.0
820,188,3.0,2,0.0,0.0,0.0,0.0,0.0,3800000.0
585,188,2.0,2,0.0,0.0,0.0,0.0,0.0,2500000.0
540,188,2.0,2,0.0,0.0,0.0,0.0,0.0,2300000.0
585,188,2.0,2,0.0,0.0,0.0,0.0,0.0,2400000.0
500,188,2.0,2,0.0,0.0,0.0,0.0,0.0,2400000.0
600,188,2.0,2,0.0,0.0,0.0,0.0,0.0,2400000.0
500,188,2.0,2,0.0,0.0,0.0,0.0,0.0,2400000.0
500,188,2.0,2,0.0,0.0,0.0,0.0,0.0,2500000.0
540,188,2.0,2,0.0,0.0,0.0,0.0,0.0,2300000.0
500,188,2.0,2,0.0,0.0,0.0,0.0,0.0,2400000.0
900,349,3.0,2,0.0,0.0,0.0,1.0,0.0,5500000.0
900,349,3.0,2,0.0,0.0,0.0,1.0,0.0,5500000.0
900,349,3.0,2,0.0,0.0,0.0,1.0,0.0,5500000.0
675,671,3.0,2,0.0,0.0,0.0,1.0,0.0,3800000.0
2500,567,3.0,2,0.0,0.0,0.0,1.0,0.0,29200000.0
3200,540,3.0,2,0.0,0.0,0.0,1.0,0.0,46500000.0
1600,537,3.0,2,0.0,0.0,0.0,1.0,1.0,15500000.0
1500,543,3.0,2,0.0,0.0,0.0,0.0,0.0,12000000.0
1350,556,2.0,2,1.0,0.0,1.0,0.0,0.0,8500000.0
1000,550,2.0,2,0.0,0.0,0.0,0.0,0.0,8000000.0
1600,537,3.0,2,0.0,0.0,0.0,1.0,1.0,16500000.0
1600,537,3.0,2,0.0,0.0,0.0,1.0,0.0,14000000.0
1300,586,2.0,2,0.0,1.0,1.0,1.0,1.0,11500000.0
850,616,2.0,2,0.0,0.0,0.0,0.0,0.0,15000000.0
1100,620,2.0,2,1.0,0.0,0.0,0.0,0.0,9500000.0
1500,582,3.0,2,0.0,0.0,0.0,1.0,0.0,12000000.0
1550,239,3.0,2,1.0,0.0,0.0,0.0,0.0,15500000.0
1400,573,4.0,2,1.0,0.0,0.0,1.0,0.0,13500000.0
2250,573,4.0,2,1.0,0.0,0.0,1.0,0.0,18000000.0
700,573,2.0,2,1.0,0.0,0.0,1.0,0.0,4500000.0
800,573,3.0,2,1.0,0.0,0.0,1.0,0.0,6000000.0
750,685,1.0,2,0.0,0.0,0.0,1.0,0.0,8500000.0
850,671,3.0,2,0.0,0.0,0.0,1.0,0.0,4600000.0
1000,671,3.0,2,0.0,0.0,0.0,1.0,0.0,5600000.0
1700,537,3.0,2,1.0,0.0,1.0,1.0,1.0,16000000.0
1700,582,3.0,2,0.0,0.0,0.0,1.0,1.0,14500000.0
1000,586,2.0,2,1.0,0.0,1.0,1.0,1.0,11500000.0
2800,540,5.0,2,0.0,0.0,0.0,1.0,1.0,28000000.0
1300,537,3.0,2,0.0,0.0,0.0,1.0,0.0,13100000.0
1100,556,2.0,2,0.0,0.0,0.0,0.0,0.0,11000000.0
1600,584,3.0,2,0.0,0.0,0.0,0.0,0.0,12800000.0
1900,537,4.0,2,1.0,0.0,1.0,1.0,1.0,21000000.0
950,255,3.0,2,0.0,0.0,0.0,0.0,0.0,9500000.0
1450,602,3.0,2,0.0,0.0,0.0,0.0,0.0,22500000.0
2400,537,2.0,2,1.0,0.0,0.0,1.0,0.0,21000000.0
2400,540,4.0,2,0.0,0.0,0.0,0.0,0.0,32500000.0
900,204,2.0,2,0.0,0.0,0.0,0.0,0.0,9500000.0
800,256,3.0,2,0.0,0.0,0.0,0.0,0.0,10000000.0
1125,191,2.0,2,0.0,0.0,0.0,0.0,0.0,14500000.0
2400,540,4.0,2,0.0,0.0,0.0,0.0,0.0,16500000.0
1215,255,2.0,2,0.0,0.0,0.0,0.0,0.0,11100000.0
1050,329,2.0,2,0.0,0.0,0.0,0.0,0.0,8000000.0
950,515,2.0,2,0.0,0.0,0.0,0.0,0.0,17000000.0
2400,537,2.0,2,1.0,0.0,0.0,1.0,0.0,21000000.0
1150,685,2.0,2,0.0,0.0,0.0,0.0,0.0,20000000.0
1700,556,2.0,2,0.0,0.0,0.0,1.0,0.0,18000000.0
1500,685,3.0,2,1.0,0.0,0.0,1.0,0.0,25000000.0
1700,582,2.0,2,0.0,0.0,0.0,1.0,0.0,18800000.0
1800,328,2.0,2,0.0,0.0,0.0,0.0,0.0,20000000.0
1450,631,3.0,2,0.0,0.0,0.0,0.0,0.0,16000000.0
1500,329,3.0,2,0.0,0.0,0.0,0.0,0.0,21900000.0
1900,190,3.0,2,1.0,0.0,1.0,0.0,1.0,15000000.0
2400,537,4.0,2,0.0,0.0,0.0,1.0,0.0,17600000.0
2300,537,4.0,2,1.0,0.0,0.0,1.0,0.0,19900000.0
1800,586,3.0,2,0.0,0.0,0.0,1.0,0.0,15500000.0
1125,191,2.0,2,0.0,0.0,0.0,0.0,0.0,14500000.0
1700,582,2.0,2,0.0,0.0,0.0,1.0,0.0,18800000.0
1800,328,2.0,2,0.0,0.0,0.0,0.0,0.0,20000000.0
1450,631,3.0,2,0.0,0.0,0.0,0.0,0.0,16000000.0
1500,329,3.0,2,0.0,0.0,0.0,0.0,0.0,21900000.0
1900,190,3.0,2,1.0,0.0,1.0,0.0,1.0,15000000.0
1850,584,4.0,2,0.0,0.0,0.0,1.0,0.0,16500000.0
1600,204,3.0,2,0.0,0.0,0.0,0.0,0.0,16000000.0
1850,582,3.0,2,1.0,0.0,0.0,1.0,1.0,15800000.0
1800,204,2.0,2,0.0,0.0,0.0,0.0,0.0,28500000.0
1150,685,2.0,2,0.0,0.0,0.0,0.0,0.0,20000000.0
1250,239,3.0,2,0.0,0.0,0.0,0.0,0.0,18900000.0
950,515,2.0,2,0.0,0.0,0.0,0.0,0.0,17000000.0
1050,329,2.0,2,0.0,0.0,0.0,0.0,0.0,8000000.0
2500,586,4.0,2,0.0,0.0,0.0,1.0,0.0,20500000.0
1800,328,2.0,2,0.0,0.0,0.0,1.0,0.0,20000000.0
1450,631,3.0,2,0.0,0.0,0.0,0.0,0.0,16000000.0
1700,537,2.0,2,1.0,0.0,1.0,1.0,0.0,15100000.0
1700,582,3.0,2,0.0,0.0,0.0,1.0,0.0,19000000.0
2300,545,3.0,2,0.0,0.0,0.0,1.0,0.0,17000000.0
1750,545,3.0,2,0.0,0.0,0.0,1.0,0.0,15500000.0
1250,531,2.0,2,0.0,0.0,0.0,0.0,0.0,13500000.0
550,671,2.0,2,0.0,0.0,0.0,1.0,0.0,2500000.0
1000,362,3.0,2,0.0,0.0,0.0,1.0,0.0,5200000.0
1000,671,3.0,2,1.0,0.0,0.0,0.0,0.0,4900000.0
900,671,3.0,2,1.0,0.0,0.0,0.0,0.0,4000000.0
500,671,2.0,2,1.0,0.0,0.0,0.0,0.0,2500000.0
1100,671,3.0,2,1.0,0.0,0.0,0.0,0.0,5500000.0
800,671,3.0,2,1.0,0.0,0.0,0.0,0.0,3700000.0
750,671,3.0,2,1.0,0.0,0.0,0.0,0.0,3500000.0
600,671,2.0,2,1.0,0.0,0.0,0.0,0.0,3000000.0
700,671,3.0,2,1.0,0.0,0.0,0.0,0.0,3400000.0
1000,671,3.0,2,0.0,0.0,0.0,1.0,0.0,5600000.0
1000,362,3.0,2,0.0,0.0,0.0,1.0,0.0,5300000.0
900,671,3.0,2,0.0,0.0,0.0,1.0,0.0,4500000.0
850,729,3.0,2,0.0,0.0,0.0,1.0,0.0,3800000.0
850,671,3.0,2,0.0,0.0,0.0,1.0,0.0,4500000.0
1000,362,3.0,2,0.0,0.0,0.0,1.0,0.0,5300000.0
540,671,2.0,2,0.0,0.0,0.0,1.0,0.0,3200000.0
540,671,2.0,2,0.0,0.0,0.0,1.0,0.0,3200000.0
1300,587,3.0,2,0.0,0.0,0.0,1.0,0.0,13500000.0
1000,582,2.0,2,0.0,0.0,0.0,1.0,1.0,10500000.0
1600,540,3.0,2,0.0,0.0,0.0,1.0,1.0,15800000.0
1600,540,3.0,2,0.0,0.0,0.0,0.0,0.0,15800000.0
1700,567,3.0,2,0.0,0.0,0.0,1.0,1.0,16500000.0
1600,582,3.0,2,0.0,0.0,0.0,1.0,1.0,16200000.0
1700,582,3.0,2,0.0,0.0,0.0,1.0,1.0,14800000.0
2000,543,4.0,2,0.0,0.0,0.0,1.0,1.0,18000000.0
2100,594,4.0,2,0.0,0.0,0.0,1.0,1.0,22000000.0
1800,540,4.0,2,0.0,1.0,0.0,1.0,1.0,19500000.0
1600,540,3.0,2,0.0,0.0,0.0,1.0,0.0,14500000.0
1900,589,4.0,2,0.0,0.0,0.0,1.0,0.0,18500000.0
1700,543,3.0,2,1.0,0.0,1.0,1.0,1.0,18200000.0
1450,582,3.0,2,0.0,0.0,0.0,1.0,0.0,13500000.0
1530,587,3.0,2,0.0,0.0,0.0,1.0,0.0,13100000.0
2100,556,4.0,2,0.0,0.0,0.0,1.0,0.0,21000000.0
3300,556,4.0,2,0.0,0.0,0.0,1.0,1.0,28500000.0
1600,537,3.0,2,0.0,0.0,0.0,1.0,1.0,15500000.0
1600,543,3.0,2,1.0,1.0,1.0,1.0,1.0,15500000.0
1400,537,3.0,2,0.0,1.0,0.0,0.0,0.0,15200000.0
2200,567,4.0,2,0.0,0.0,0.0,1.0,1.0,25400000.0
1600,586,3.0,2,0.0,0.0,0.0,1.0,0.0,14500000.0
1700,586,3.0,2,1.0,0.0,1.0,1.0,1.0,17500000.0
1700,576,3.0,2,0.0,0.0,0.0,1.0,0.0,14800000.0
1500,537,3.0,2,1.0,0.0,1.0,1.0,1.0,12800000.0
2200,594,3.0,2,0.0,0.0,0.0,1.0,1.0,24000000.0
1100,567,2.0,2,0.0,0.0,0.0,1.0,0.0,11500000.0
3300,556,4.0,2,0.0,0.0,0.0,1.0,1.0,28500000.0
1600,537,3.0,2,0.0,0.0,0.0,1.0,1.0,15500000.0
1600,543,3.0,2,1.0,1.0,1.0,1.0,1.0,15500000.0
1300,587,3.0,2,0.0,0.0,0.0,1.0,0.0,13500000.0
1500,586,3.0,2,0.0,0.0,0.0,1.0,1.0,15500000.0
1800,537,3.0,2,0.0,0.0,0.0,1.0,1.0,16000000.0
1600,556,3.0,2,0.0,0.0,0.0,1.0,1.0,14100000.0
1500,556,3.0,2,1.0,0.0,0.0,1.0,1.0,15500000.0
2150,537,4.0,2,0.0,0.0,0.0,1.0,1.0,24500000.0
2500,540,3.0,2,0.0,0.0,0.0,1.0,0.0,19800000.0
2200,554,4.0,2,1.0,0.0,0.0,1.0,0.0,18500000.0
2200,556,4.0,2,0.0,0.0,0.0,1.0,0.0,19500000.0
900,550,2.0,2,0.0,0.0,0.0,0.0,0.0,7000000.0
2500,554,4.0,2,0.0,0.0,0.0,1.0,0.0,19500000.0
1750,545,3.0,2,0.0,0.0,0.0,1.0,0.0,14000000.0
1000,671,3.0,2,0.0,0.0,0.0,0.0,0.0,6500000.0
900,671,3.0,2,0.0,0.0,0.0,0.0,0.0,5800000.0
820,671,3.0,2,0.0,0.0,0.0,0.0,0.0,4700000.0
625,671,2.0,2,0.0,0.0,0.0,0.0,0.0,2700000.0
525,671,2.0,2,0.0,0.0,0.0,0.0,0.0,2400000.0
750,671,2.0,2,0.0,0.0,0.0,0.0,0.0,3500000.0
850,671,3.0,2,0.0,0.0,0.0,0.0,0.0,4200000.0
1200,671,4.0,2,0.0,0.0,0.0,0.0,0.0,4600000.0
500,671,2.0,2,0.0,0.0,0.0,0.0,0.0,2000000.0
560,671,2.0,2,0.0,0.0,0.0,0.0,0.0,2700000.0
580,671,2.0,2,0.0,0.0,0.0,0.0,0.0,2800000.0
950,671,3.0,2,0.0,0.0,0.0,0.0,0.0,3500000.0
675,671,3.0,2,0.0,0.0,0.0,0.0,0.0,2900000.0
810,671,3.0,2,0.0,0.0,0.0,0.0,0.0,3300000.0
1100,671,3.0,2,0.0,0.0,0.0,0.0,0.0,4200000.0
1600,582,3.0,2,1.0,0.0,0.0,1.0,1.0,14000000.0
1800,537,3.0,2,0.0,0.0,0.0,0.0,0.0,17000000.0
1800,537,3.0,2,0.0,0.0,0.0,1.0,0.0,17000000.0
630,237,3.0,2,0.0,0.0,0.0,1.0,0.0,2700000.0
630,237,3.0,2,0.0,0.0,0.0,1.0,0.0,2600000.0
630,237,3.0,2,0.0,0.0,0.0,1.0,0.0,2600000.0
630,237,3.0,2,0.0,0.0,0.0,0.0,0.0,2500000.0
2400,567,4.0,2,0.0,0.0,0.0,1.0,0.0,26500000.0
2200,556,4.0,2,0.0,0.0,0.0,1.0,0.0,22000000.0
2600,556,4.0,2,0.0,0.0,0.0,0.0,0.0,22500000.0
2400,540,3.0,2,0.0,0.0,0.0,1.0,0.0,21000000.0
2000,594,3.0,2,0.0,0.0,0.0,1.0,0.0,18000000.0
2100,543,3.0,2,0.0,0.0,0.0,1.0,0.0,17000000.0
1200,570,3.0,2,0.0,0.0,0.0,1.0,0.0,7000000.0
1125,99,3.0,2,0.0,0.0,0.0,1.0,0.0,9500000.0
800,99,3.0,2,0.0,0.0,0.0,1.0,0.0,5500000.0
1125,562,3.0,2,0.0,0.0,0.0,1.0,0.0,8000000.0
1125,562,3.0,2,0.0,0.0,0.0,1.0,0.0,8500000.0
1200,562,3.0,2,0.0,0.0,0.0,1.0,0.0,8500000.0
1200,562,3.0,2,0.0,0.0,0.0,1.0,0.0,7500000.0
1200,562,3.0,2,0.0,0.0,0.0,1.0,0.0,8000000.0
1450,685,3.0,2,0.0,0.0,0.0,1.0,0.0,24000000.0
920,671,3.0,2,0.0,0.0,0.0,0.0,0.0,5000000.0
500,671,2.0,2,0.0,0.0,0.0,0.0,0.0,2100000.0
800,511,3.0,2,0.0,0.0,0.0,1.0,0.0,7500000.0
1600,568,4.0,2,0.0,0.0,0.0,1.0,0.0,15000000.0
1450,568,3.0,2,0.0,0.0,0.0,1.0,0.0,8000000.0
1150,568,4.0,2,0.0,0.0,0.0,1.0,0.0,12000000.0
750,568,3.0,2,0.0,0.0,0.0,1.0,0.0,5000000.0
600,568,2.0,2,0.0,0.0,0.0,1.0,0.0,4000000.0
1125,570,3.0,2,0.0,0.0,0.0,1.0,0.0,7900000.0
1700,554,3.0,2,0.0,0.0,0.0,1.0,0.0,16500000.0
650,671,2.0,2,0.0,0.0,0.0,1.0,0.0,2750000.0
540,671,2.0,2,0.0,0.0,0.0,1.0,0.0,2500000.0
650,671,2.0,2,0.0,0.0,0.0,1.0,0.0,2850000.0
800,671,3.0,2,0.0,0.0,0.0,1.0,0.0,3811000.0
525,671,2.0,2,0.0,0.0,0.0,1.0,0.0,2150000.0
750,671,3.0,2,0.0,0.0,0.0,1.0,0.0,3651000.0
750,671,3.0,2,0.0,0.0,0.0,1.0,0.0,3651000.0
600,671,2.0,2,0.0,0.0,0.0,1.0,0.0,3000000.0
560,671,2.0,2,0.0,0.0,0.0,0.0,0.0,2030000.0
1800,537,3.0,2,0.0,0.0,0.0,1.0,0.0,14800000.0
900,671,3.0,2,0.0,0.0,0.0,1.0,0.0,4500000.0
600,671,2.0,2,0.0,0.0,0.0,1.0,0.0,2611000.0
500,87,2.0,2,0.0,0.0,0.0,0.0,0.0,2100000.0
750,671,3.0,2,0.0,0.0,0.0,1.0,0.0,3200000.0
650,671,2.0,2,0.0,0.0,0.0,1.0,0.0,2751000.0
750,671,3.0,2,0.0,0.0,0.0,0.0,0.0,3600000.0
850,671,3.0,2,0.0,0.0,0.0,1.0,0.0,4000000.0
750,671,3.0,2,0.0,0.0,0.0,1.0,0.0,3211000.0
500,671,2.0,2,0.0,0.0,0.0,1.0,0.0,2351000.0
750,671,3.0,2,0.0,0.0,0.0,1.0,0.0,3700000.0
750,671,3.0,2,0.0,0.0,0.0,1.0,0.0,3200000.0
750,671,3.0,2,0.0,0.0,0.0,1.0,0.0,3511000.0
525,671,2.0,2,0.0,0.0,0.0,0.0,0.0,2351000.0
800,671,3.0,2,0.0,0.0,0.0,1.0,0.0,3751000.0
810,671,3.0,2,0.0,0.0,0.0,1.0,0.0,3851000.0
540,671,2.0,2,0.0,0.0,0.0,1.0,0.0,2351000.0
800,671,3.0,2,0.0,0.0,0.0,1.0,0.0,3911000.0
525,671,2.0,2,0.0,0.0,0.0,1.0,0.0,2150000.0
750,671,3.0,2,0.0,0.0,0.0,0.0,0.0,3520000.0000000005
540,671,2.0,2,0.0,0.0,0.0,1.0,0.0,2899000.0
540,671,2.0,2,0.0,0.0,0.0,1.0,0.0,2550000.0
600,671,2.0,2,0.0,0.0,0.0,1.0,0.0,2851000.0
800,671,3.0,2,0.0,0.0,0.0,1.0,0.0,3521000.0
750,87,3.0,2,0.0,0.0,0.0,1.0,0.0,3411000.0
720,671,3.0,2,0.0,0.0,0.0,1.0,0.0,3900000.0
900,671,3.0,2,0.0,0.0,0.0,1.0,0.0,4010000.0
540,671,2.0,2,0.0,0.0,0.0,1.0,0.0,2499000.0
600,671,2.0,2,0.0,0.0,0.0,1.0,0.0,2710000.0
600,671,2.0,2,0.0,0.0,0.0,1.0,0.0,2511000.0
500,671,2.0,2,0.0,0.0,0.0,1.0,0.0,2511000.0
800,671,3.0,2,0.0,0.0,0.0,1.0,0.0,3621000.0
500,671,2.0,2,0.0,0.0,0.0,0.0,0.0,2211000.0
720,729,3.0,2,0.0,0.0,0.0,1.0,0.0,4000000.0
810,362,3.0,2,0.0,0.0,0.0,1.0,0.0,4700000.0
855,362,3.0,2,0.0,0.0,0.0,1.0,0.0,4700000.0
830,154,3.0,2,0.0,0.0,0.0,1.0,0.0,4000000.0
1800,586,3.0,2,1.0,0.0,0.0,1.0,0.0,15000000.0
600,671,2.0,2,0.0,0.0,0.0,1.0,0.0,2651000.0
525,671,2.0,2,0.0,0.0,0.0,1.0,0.0,2351000.0
750,671,3.0,2,0.0,0.0,0.0,1.0,0.0,3521000.0
500,671,2.0,2,0.0,0.0,0.0,0.0,0.0,2311000.0
900,671,3.0,2,0.0,0.0,0.0,1.0,0.0,4211000.0
900,729,3.0,2,0.0,0.0,0.0,1.0,0.0,4151000.0
540,362,2.0,2,0.0,0.0,0.0,1.0,0.0,2350000.0
600,671,2.0,2,0.0,0.0,0.0,1.0,0.0,2851000.0
900,154,3.0,2,0.0,0.0,0.0,1.0,0.0,4100000.0
800,671,3.0,2,0.0,0.0,0.0,1.0,0.0,3611000.0
500,671,1.0,2,0.0,0.0,0.0,0.0,0.0,2000000.0
500,671,2.0,2,0.0,0.0,0.0,1.0,0.0,2100000.0
750,671,3.0,2,0.0,0.0,0.0,1.0,0.0,3621000.0
525,671,2.0,2,0.0,0.0,0.0,1.0,0.0,2200000.0
800,671,3.0,2,0.0,0.0,0.0,1.0,0.0,3850000.0
750,671,3.0,2,0.0,0.0,0.0,1.0,0.0,3611000.0
540,671,2.0,2,0.0,0.0,0.0,0.0,0.0,2311000.0
675,362,3.0,2,0.0,0.0,0.0,1.0,0.0,3500000.0
800,671,3.0,2,0.0,0.0,0.0,1.0,0.0,3750000.0
1650,8,4.0,2,0.0,0.0,0.0,0.0,0.0,16399999.0
1300,8,2.0,2,0.0,0.0,0.0,0.0,0.0,15600000.0
1650,720,3.0,2,0.0,0.0,0.0,0.0,0.0,25000000.0
1650,720,3.0,2,0.0,0.0,0.0,0.0,0.0,19000000.0
1350,189,2.0,2,0.0,0.0,0.0,0.0,0.0,15100000.0
1350,255,3.0,2,1.0,0.0,1.0,0.0,0.0,16700000.0
1450,8,3.0,2,0.0,0.0,0.0,0.0,0.0,19000000.0
1450,8,3.0,2,0.0,0.0,0.0,0.0,0.0,19000000.0
1200,8,2.0,2,0.0,0.0,0.0,0.0,0.0,15000000.0
1250,8,2.0,2,0.0,0.0,0.0,0.0,0.0,15500000.0
1450,8,3.0,2,0.0,0.0,0.0,0.0,0.0,18700000.0
1400,8,3.0,2,0.0,0.0,0.0,0.0,0.0,18300000.0
1400,573,4.0,2,1.0,0.0,0.0,1.0,0.0,13500000.0
2250,573,4.0,2,1.0,0.0,0.0,1.0,0.0,27500000.0
300,573,1.0,2,1.0,0.0,0.0,1.0,0.0,2200000.0
400,573,1.0,2,1.0,0.0,0.0,1.0,0.0,2600000.0
700,573,2.0,2,1.0,0.0,0.0,1.0,0.0,6000000.0
800,573,3.0,2,1.0,0.0,0.0,1.0,0.0,7000000.0
600,573,2.0,2,1.0,0.0,0.0,1.0,0.0,5500000.0
1350,255,2.0,2,0.0,0.0,0.0,1.0,0.0,16500000.0
1650,8,3.0,2,0.0,0.0,0.0,0.0,0.0,15700000.0
1350,8,3.0,2,0.0,0.0,0.0,0.0,0.0,16500000.0
1350,8,2.0,2,0.0,0.0,0.0,0.0,0.0,15000000.0
1450,8,3.0,2,0.0,0.0,0.0,0.0,0.0,18500000.0
1450,8,3.0,2,0.0,0.0,0.0,0.0,0.0,18900000.0
1450,8,3.0,2,0.0,0.0,0.0,0.0,0.0,19600000.0
1350,8,2.0,2,0.0,0.0,0.0,0.0,0.0,16500000.0
1650,8,3.0,2,0.0,0.0,0.0,0.0,0.0,21500000.0
1550,255,3.0,2,0.0,0.0,0.0,1.0,0.0,24500000.0
1550,8,3.0,2,0.0,0.0,0.0,0.0,0.0,19000000.0
1250,8,2.0,2,0.0,0.0,0.0,0.0,0.0,14100000.0
1650,8,3.0,2,0.0,0.0,0.0,0.0,0.0,22900000.0
1250,255,2.0,2,0.0,0.0,0.0,0.0,0.0,15500000.0
1450,8,3.0,2,0.0,0.0,0.0,0.0,0.0,20500000.0
1550,8,3.0,2,0.0,0.0,0.0,0.0,0.0,15700000.0
1650,255,3.0,2,0.0,0.0,0.0,0.0,0.0,22500000.0
1450,8,3.0,2,0.0,0.0,0.0,0.0,0.0,19000000.0
1700,255,3.0,2,0.0,0.0,0.0,0.0,0.0,16700000.0
1250,8,2.0,2,0.0,0.0,0.0,0.0,0.0,15500000.0
1300,8,2.0,2,0.0,0.0,0.0,1.0,0.0,17000000.0
1350,255,2.0,2,0.0,0.0,0.0,0.0,0.0,16000000.0
1250,255,2.0,2,0.0,0.0,0.0,0.0,0.0,15500000.0
1400,8,3.0,2,0.0,0.0,0.0,0.0,0.0,19000000.0
1200,255,2.0,2,0.0,0.0,0.0,0.0,0.0,14500000.0
1250,8,2.0,2,0.0,0.0,0.0,0.0,0.0,13799999.0
1450,8,3.0,2,0.0,0.0,0.0,0.0,0.0,19500000.0
1650,8,3.0,2,0.0,0.0,0.0,0.0,0.0,19500000.0
2200,110,4.0,2,0.0,0.0,0.0,1.0,0.0,9000000.0
750,154,3.0,2,0.0,0.0,0.0,0.0,0.0,4299000.0
800,154,2.0,2,0.0,0.0,0.0,0.0,0.0,3200000.0
700,154,2.0,2,0.0,0.0,0.0,0.0,0.0,2499000.0
1170,128,3.0,2,0.0,0.0,0.0,0.0,0.0,7000000.0
1850,545,3.0,2,1.0,0.0,1.0,1.0,1.0,15500000.0
1800,545,3.0,2,1.0,0.0,1.0,1.0,1.0,13799999.0
1750,576,3.0,2,0.0,0.0,0.0,1.0,0.0,13200000.0
1800,567,3.0,2,1.0,1.0,1.0,1.0,1.0,13000000.0
1750,587,3.0,2,0.0,0.0,0.0,1.0,0.0,13000000.0
1650,685,3.0,2,0.0,0.0,0.0,0.0,0.0,25000000.0
850,671,3.0,2,1.0,0.0,0.0,0.0,0.0,4499000.0
600,671,2.0,2,1.0,0.0,0.0,0.0,0.0,2799000.0
750,671,2.0,2,1.0,0.0,0.0,0.0,0.0,3799000.0
700,671,2.0,2,1.0,0.0,0.0,0.0,0.0,3500000.0
750,671,3.0,2,1.0,0.0,0.0,0.0,0.0,3900000.0
600,685,1.0,2,1.0,0.0,0.0,1.0,0.0,7000000.0
650,685,1.0,2,1.0,0.0,0.0,1.0,0.0,9000000.0
600,685,1.0,2,1.0,0.0,0.0,1.0,0.0,7500000.0
1100,685,2.0,2,1.0,0.0,0.0,1.0,0.0,13000000.0
800,685,2.0,2,1.0,0.0,0.0,1.0,0.0,11000000.0
1700,685,3.0,2,1.0,0.0,0.0,1.0,0.0,19000000.0
581,255,1.0,2,0.0,0.0,0.0,0.0,0.0,7200000.0
581,685,1.0,2,1.0,0.0,0.0,1.0,0.0,7500000.0
500,671,2.0,2,1.0,0.0,0.0,0.0,0.0,2100000.0
1150,671,4.0,2,1.0,0.0,0.0,0.0,0.0,7000000.0
750,671,2.0,2,1.0,0.0,0.0,0.0,0.0,3699000.0
650,671,2.0,2,1.0,0.0,0.0,0.0,0.0,3099000.0
850,671,3.0,2,1.0,0.0,0.0,0.0,0.0,4799000.0
900,154,3.0,2,1.0,0.0,0.0,1.0,0.0,5800000.0
820,154,3.0,2,1.0,0.0,0.0,1.0,0.0,4700000.0
625,154,2.0,2,1.0,0.0,0.0,1.0,0.0,2700000.0
525,154,2.0,2,1.0,0.0,0.0,1.0,0.0,2400000.0
750,154,2.0,2,1.0,0.0,0.0,1.0,0.0,3500000.0
850,154,3.0,2,1.0,0.0,0.0,1.0,0.0,4200000.0
1800,685,3.0,2,0.0,0.0,0.0,0.0,0.0,30000000.0
1800,685,3.0,2,0.0,0.0,0.0,0.0,0.0,30000000.0
1000,459,3.0,2,0.0,0.0,0.0,0.0,0.0,10000000.0
1250,154,3.0,2,1.0,0.0,0.0,1.0,0.0,6900000.0
1050,154,3.0,2,1.0,0.0,0.0,1.0,0.0,5500000.0
610,154,2.0,2,1.0,0.0,0.0,1.0,0.0,3190000.0
640,154,2.0,2,1.0,0.0,0.0,1.0,0.0,3220000.0000000005
875,154,3.0,2,1.0,0.0,0.0,1.0,0.0,4700000.0
630,154,2.0,2,1.0,0.0,0.0,1.0,0.0,3210000.0
650,154,2.0,2,1.0,0.0,0.0,1.0,0.0,3225000.0
850,154,3.0,2,1.0,0.0,0.0,1.0,0.0,4300000.0
800,154,3.0,2,1.0,0.0,0.0,1.0,0.0,4100000.0
600,154,2.0,2,1.0,0.0,0.0,1.0,0.0,2700000.0
581,685,1.0,2,1.0,0.0,0.0,1.0,0.0,7500000.0
1000,685,2.0,2,1.0,0.0,0.0,1.0,0.0,10500000.0
600,685,1.0,2,1.0,0.0,0.0,1.0,0.0,7500000.0
450,671,2.0,2,0.0,0.0,0.0,0.0,0.0,2599000.0
650,671,2.0,2,0.0,0.0,0.0,0.0,0.0,2899000.0
800,671,3.0,2,0.0,0.0,0.0,0.0,0.0,4400000.0
1000,685,2.0,2,1.0,0.0,0.0,1.0,0.0,11000000.0
600,685,1.0,2,0.0,0.0,0.0,0.0,0.0,2650000.0
800,729,3.0,2,0.0,0.0,0.0,1.0,0.0,4200000.0
500,472,2.0,2,0.0,0.0,0.0,0.0,0.0,3500000.0
1600,685,4.0,2,0.0,0.0,0.0,0.0,0.0,21000000.0
1650,685,4.0,2,0.0,0.0,0.0,0.0,0.0,21000000.0
1650,685,4.0,2,0.0,0.0,0.0,0.0,0.0,21000000.0
738,101,3.0,2,0.0,0.0,0.0,1.0,0.0,3600000.0
900,378,2.0,2,0.0,0.0,0.0,1.0,0.0,5999000.0
1500,378,3.0,2,0.0,0.0,0.0,1.0,0.0,10500000.0
1600,685,3.0,2,1.0,0.0,0.0,1.0,0.0,17500000.0
750,283,2.0,2,0.0,0.0,0.0,0.0,0.0,3200000.0
1700,545,3.0,2,0.0,0.0,0.0,0.0,0.0,11500000.0
1450,545,3.0,2,0.0,1.0,0.0,1.0,1.0,11500000.0
1100,459,2.0,2,0.0,1.0,0.0,0.0,1.0,9000000.0
1500,472,3.0,2,0.0,0.0,0.0,0.0,0.0,16000000.0
950,671,3.0,2,0.0,0.0,0.0,0.0,0.0,4799000.0
450,671,2.0,2,0.0,0.0,0.0,0.0,0.0,2599000.0
650,671,2.0,2,0.0,0.0,0.0,0.0,0.0,2899000.0
800,671,3.0,2,0.0,0.0,0.0,0.0,0.0,4400000.0
500,522,1.0,2,0.0,0.0,0.0,0.0,0.0,6100000.0
750,110,2.0,2,0.0,0.0,0.0,1.0,0.0,3200000.0
810,729,3.0,2,0.0,0.0,0.0,1.0,0.0,4700000.0
770,729,3.0,2,0.0,0.0,0.0,1.0,0.0,4000000.0
720,729,3.0,2,0.0,0.0,0.0,1.0,0.0,4000000.0
650,671,2.0,2,0.0,0.0,0.0,1.0,0.0,2700000.0
450,671,2.0,2,0.0,0.0,0.0,0.0,0.0,2800000.0
700,729,3.0,2,0.0,0.0,0.0,1.0,0.0,3400000.0
800,154,3.0,2,0.0,0.0,0.0,1.0,0.0,4000000.0
850,154,3.0,2,0.0,0.0,0.0,1.0,0.0,3600000.0
550,154,2.0,2,0.0,0.0,0.0,1.0,0.0,2500000.0
810,729,3.0,2,0.0,0.0,0.0,1.0,0.0,4200000.0
750,671,3.0,2,0.0,0.0,0.0,1.0,0.0,4200000.0
900,154,3.0,2,0.0,0.0,0.0,1.0,0.0,4500000.0
800,671,3.0,2,0.0,0.0,0.0,1.0,0.0,4300000.0
750,110,2.0,2,0.0,0.0,0.0,1.0,0.0,3200000.0
750,110,2.0,2,0.0,0.0,0.0,1.0,0.0,3200000.0
600,685,1.0,2,1.0,0.0,0.0,1.0,0.0,7000000.0
1700,685,3.0,2,1.0,0.0,0.0,1.0,0.0,23000000.0
600,459,1.0,2,0.0,0.0,0.0,0.0,0.0,5000000.0
1100,459,3.0,2,0.0,0.0,0.0,0.0,0.0,9500000.0
1800,459,3.0,2,0.0,0.0,0.0,0.0,0.0,18000000.0
450,350,2.0,2,0.0,0.0,0.0,0.0,0.0,2800000.0
800,378,2.0,2,0.0,0.0,0.0,0.0,0.0,4500000.0
800,378,2.0,2,0.0,0.0,0.0,1.0,0.0,5000000.0
1000,378,2.0,2,0.0,0.0,0.0,1.0,0.0,6200000.0
850,350,2.0,2,0.0,0.0,0.0,0.0,0.0,2800000.0
1500,378,3.0,2,0.0,0.0,0.0,0.0,0.0,10000000.0
800,685,2.0,2,0.0,0.0,0.0,0.0,0.0,3000000.0
800,350,2.0,2,0.0,0.0,0.0,1.0,0.0,3000000.0
800,350,2.0,2,0.0,0.0,0.0,1.0,0.0,3000000.0
1100,685,2.0,2,1.0,0.0,0.0,1.0,0.0,11000000.0
581,586,1.0,2,0.0,0.0,0.0,1.0,0.0,6500000.0
1700,685,2.0,2,1.0,0.0,0.0,1.0,0.0,18000000.0
581,685,1.0,2,0.0,0.0,0.0,1.0,0.0,6798999.000000001
900,685,2.0,2,1.0,0.0,0.0,1.0,0.0,16500000.0
1000,671,3.0,2,1.0,0.0,0.0,1.0,0.0,7000000.0
820,671,3.0,2,1.0,0.0,0.0,1.0,0.0,4700000.0
500,671,1.0,2,1.0,0.0,0.0,1.0,0.0,2400000.0
450,671,1.0,2,1.0,0.0,0.0,1.0,0.0,2000000.0
525,671,2.0,2,1.0,0.0,0.0,1.0,0.0,2700000.0
750,671,2.0,2,1.0,0.0,0.0,1.0,0.0,3500000.0
850,671,3.0,2,1.0,0.0,0.0,1.0,0.0,4200000.0
820,671,3.0,2,1.0,0.0,0.0,1.0,0.0,4700000.0
450,671,1.0,2,1.0,0.0,0.0,1.0,0.0,2500000.0
525,671,2.0,2,1.0,0.0,0.0,1.0,0.0,2700000.0
750,671,2.0,2,1.0,0.0,0.0,1.0,0.0,3500000.0
850,671,3.0,2,1.0,0.0,0.0,1.0,0.0,4200000.0
1100,685,3.0,2,0.0,0.0,0.0,0.0,0.0,18000000.0
1100,685,3.0,2,0.0,0.0,0.0,0.0,0.0,18000000.0
850,459,2.0,2,0.0,0.0,0.0,0.0,0.0,8000000.0
750,459,2.0,2,0.0,0.0,0.0,0.0,0.0,7500000.0
900,459,2.0,2,0.0,0.0,0.0,0.0,0.0,8500000.0
650,459,2.0,2,0.0,0.0,0.0,0.0,0.0,6500000.0
600,685,1.0,2,1.0,0.0,0.0,1.0,0.0,7500000.0
1105,459,3.0,2,0.0,0.0,0.0,1.0,0.0,13000000.0
600,459,2.0,2,1.0,0.0,0.0,0.0,1.0,7000000.0
1000,685,3.0,2,0.0,0.0,0.0,0.0,0.0,13500000.0
1000,685,3.0,2,0.0,0.0,0.0,0.0,0.0,13500000.0
1200,685,2.0,2,0.0,0.0,0.0,0.0,0.0,16500000.0
600,726,2.0,2,0.0,0.0,0.0,0.0,0.0,2800000.0
1650,531,2.0,2,1.0,1.0,0.0,0.0,1.0,20500000.0
1000,531,2.0,2,1.0,1.0,0.0,0.0,1.0,8500000.0
2000,685,3.0,2,1.0,0.0,0.0,1.0,0.0,23000000.0
450,362,2.0,2,0.0,0.0,0.0,1.0,0.0,2300000.0
1450,110,3.0,2,0.0,0.0,0.0,0.0,0.0,6000000.0
540,101,2.0,2,0.0,0.0,0.0,1.0,0.0,2600000.0
630,101,2.0,2,0.0,0.0,0.0,1.0,0.0,2700000.0
1200,459,3.0,2,1.0,1.0,1.0,1.0,1.0,12000000.0
1080,101,3.0,2,0.0,0.0,0.0,1.0,0.0,5500000.0
900,154,3.0,2,1.0,0.0,0.0,1.0,0.0,5800000.0
820,154,3.0,2,1.0,0.0,0.0,1.0,0.0,4700000.0
625,154,2.0,2,1.0,0.0,0.0,1.0,0.0,2700000.0
525,154,2.0,2,1.0,0.0,0.0,1.0,0.0,2400000.0
750,154,2.0,2,1.0,0.0,0.0,1.0,0.0,3500000.0
850,154,3.0,2,1.0,0.0,0.0,1.0,0.0,4200000.0
1000,671,3.0,2,0.0,0.0,0.0,1.0,0.0,5200000.0
800,671,2.0,2,0.0,0.0,0.0,1.0,0.0,3200000.0
750,671,3.0,2,0.0,0.0,0.0,1.0,0.0,4299000.0
800,154,2.0,2,1.0,0.0,0.0,1.0,0.0,3200000.0
700,154,2.0,2,1.0,0.0,0.0,1.0,0.0,2499000.0
750,154,3.0,2,1.0,0.0,0.0,1.0,0.0,4299000.0
1000,154,3.0,2,1.0,0.0,0.0,1.0,0.0,5200000.0
1400,671,4.0,2,0.0,0.0,0.0,0.0,0.0,8900000.0
820,671,3.0,2,0.0,0.0,0.0,0.0,0.0,5500000.0
625,671,2.0,2,0.0,0.0,0.0,0.0,0.0,2700000.0
525,671,2.0,2,0.0,0.0,0.0,0.0,0.0,2400000.0
1350,671,3.0,2,0.0,0.0,0.0,0.0,0.0,7500000.0
1250,671,4.0,2,0.0,0.0,0.0,0.0,0.0,7000000.0
750,671,2.0,2,0.0,0.0,0.0,0.0,0.0,3500000.0
850,671,3.0,2,0.0,0.0,0.0,0.0,0.0,4200000.0
1200,8,2.0,2,0.0,0.0,0.0,0.0,0.0,16000000.0
1400,110,3.0,2,0.0,0.0,0.0,0.0,0.0,8800000.0
1125,616,3.0,2,0.0,0.0,0.0,0.0,0.0,12000000.0
2650,522,4.0,2,0.0,0.0,0.0,0.0,0.0,30000000.0
1300,447,3.0,2,0.0,0.0,0.0,0.0,1.0,12300000.0
1200,8,2.0,2,0.0,0.0,0.0,0.0,0.0,15000000.0
1800,554,2.0,2,0.0,0.0,0.0,0.0,0.0,8400000.0
1800,545,2.0,2,0.0,0.0,0.0,0.0,0.0,10000000.0
720,154,3.0,2,1.0,0.0,0.0,1.0,0.0,4199000.0
540,154,2.0,2,1.0,0.0,0.0,1.0,0.0,2700000.0
495,154,2.0,2,1.0,0.0,0.0,1.0,0.0,2550000.0
585,154,2.0,2,1.0,0.0,0.0,1.0,0.0,3099000.0
1000,154,3.0,2,0.0,0.0,0.0,1.0,0.0,5000000.0
900,154,3.0,2,0.0,0.0,0.0,1.0,0.0,4500000.0
500,154,2.0,2,0.0,0.0,0.0,1.0,0.0,2400000.0
520,154,2.0,2,0.0,0.0,0.0,1.0,0.0,2000000.0
1050,154,3.0,2,0.0,0.0,0.0,1.0,0.0,6000000.0
510,154,2.0,2,0.0,0.0,0.0,1.0,0.0,2200000.0
1100,154,3.0,2,0.0,0.0,0.0,1.0,0.0,6500000.0
800,154,3.0,2,0.0,0.0,0.0,1.0,0.0,3500000.0
750,154,3.0,2,0.0,0.0,0.0,1.0,0.0,3100000.0
600,154,2.0,2,0.0,0.0,0.0,1.0,0.0,2800000.0
1600,8,3.0,2,0.0,0.0,0.0,0.0,0.0,13600000.0
1800,545,2.0,2,1.0,0.0,0.0,1.0,0.0,11000000.0
1400,586,3.0,2,0.0,0.0,0.0,0.0,0.0,11700000.0
1400,255,3.0,2,0.0,0.0,0.0,0.0,0.0,18500000.0
1250,8,2.0,2,0.0,0.0,0.0,0.0,0.0,17000000.0
1650,8,3.0,2,0.0,0.0,0.0,0.0,0.0,19500000.0
1800,522,3.0,2,0.0,0.0,0.0,0.0,1.0,28000000.0
1800,522,3.0,2,0.0,0.0,0.0,0.0,0.0,20500000.0
1200,685,3.0,2,0.0,0.0,0.0,0.0,0.0,8000000.0
720,685,2.0,2,0.0,0.0,0.0,0.0,0.0,3700000.0
720,685,2.0,2,0.0,0.0,0.0,0.0,0.0,3700000.0
1550,8,3.0,2,0.0,0.0,0.0,0.0,0.0,14500000.0
1550,8,3.0,2,0.0,0.0,0.0,0.0,0.0,14500000.0
1450,522,2.0,2,0.0,0.0,0.0,0.0,0.0,16500000.0
1800,447,3.0,2,0.0,0.0,0.0,1.0,0.0,12800000.0
1800,537,3.0,2,1.0,0.0,1.0,1.0,1.0,14000000.0
1800,587,3.0,2,0.0,0.0,0.0,1.0,0.0,12800000.0
1550,110,3.0,2,0.0,0.0,0.0,0.0,0.0,8500000.0
1550,110,3.0,2,0.0,0.0,0.0,1.0,0.0,8500000.0
2750,522,5.0,2,0.0,0.0,0.0,0.0,0.0,29000000.0
2250,522,4.0,2,0.0,1.0,0.0,0.0,0.0,19000000.0
1800,594,3.0,2,0.0,0.0,0.0,0.0,0.0,14500000.0
1250,685,3.0,2,0.0,0.0,0.0,1.0,0.0,7500000.0
850,685,2.0,2,0.0,0.0,0.0,1.0,0.0,4500000.0
850,685,2.0,2,0.0,0.0,0.0,0.0,0.0,4500000.0
1150,685,2.0,2,0.0,0.0,0.0,1.0,0.0,7500000.0
1000,685,3.0,2,0.0,0.0,0.0,0.0,0.0,6500000.0
1170,685,3.0,2,0.0,0.0,0.0,0.0,0.0,7500000.0
1100,685,3.0,2,0.0,0.0,0.0,0.0,0.0,7000000.0
1200,685,3.0,2,0.0,0.0,0.0,0.0,0.0,7500000.0
2000,685,4.0,2,0.0,0.0,0.0,0.0,0.0,15000000.0
750,685,2.0,2,0.0,0.0,0.0,0.0,0.0,4400000.0
900,685,3.0,2,0.0,0.0,0.0,0.0,0.0,5500000.0
900,685,3.0,2,0.0,0.0,0.0,0.0,0.0,5500000.0
1350,522,2.0,2,0.0,0.0,0.0,0.0,1.0,17000000.0
1500,522,2.0,2,0.0,0.0,0.0,0.0,0.0,18000000.0
1900,576,3.0,2,0.0,0.0,0.0,1.0,1.0,13000000.0
2600,110,4.0,2,0.0,0.0,0.0,1.0,0.0,16000000.0
220,534,1.0,2,0.0,0.0,0.0,0.0,0.0,3300000.0
200,534,1.0,2,0.0,0.0,0.0,0.0,0.0,3300000.0
210,534,1.0,2,0.0,0.0,0.0,0.0,0.0,3300000.0
750,110,2.0,2,0.0,0.0,0.0,0.0,0.0,3300000.0
220,534,1.0,2,0.0,0.0,0.0,0.0,0.0,3350000.0
1800,685,3.0,2,1.0,0.0,0.0,1.0,0.0,32500000.0
1350,110,2.0,2,0.0,0.0,0.0,0.0,0.0,6000000.0
1300,110,3.0,2,1.0,0.0,0.0,1.0,0.0,5500000.0
1300,110,3.0,2,1.0,0.0,0.0,1.0,0.0,4800000.0
1450,110,3.0,2,1.0,0.0,0.0,1.0,0.0,4400000.0
531,273,2.0,2,0.0,0.0,0.0,0.0,0.0,8395000.0
1500,110,3.0,2,0.0,0.0,0.0,1.0,0.0,5300000.0
1250,685,2.0,2,0.0,0.0,0.0,0.0,0.0,17500000.0
900,110,2.0,2,0.0,0.0,0.0,1.0,0.0,4000000.0
1750,522,3.0,2,0.0,0.0,0.0,0.0,0.0,22500000.0
3260,522,4.0,2,0.0,0.0,0.0,0.0,0.0,27000000.0
3450,522,3.0,2,0.0,0.0,0.0,0.0,0.0,26000000.0
2200,522,4.0,2,0.0,0.0,0.0,0.0,0.0,21000000.0
1750,522,3.0,2,0.0,1.0,0.0,0.0,0.0,20000000.0
1750,522,2.0,2,0.0,0.0,0.0,0.0,0.0,21500000.0
1600,522,3.0,2,0.0,0.0,0.0,0.0,0.0,21000000.0
1350,522,3.0,2,0.0,0.0,0.0,0.0,0.0,18500000.0
2160,522,3.0,2,0.0,0.0,0.0,0.0,1.0,20000000.0
2500,522,4.0,2,0.0,0.0,0.0,0.0,0.0,29000000.0
2850,522,4.0,2,0.0,0.0,0.0,0.0,1.0,30000000.0
1650,522,3.0,2,0.0,0.0,0.0,0.0,0.0,16000000.0
1880,522,3.0,2,0.0,0.0,0.0,0.0,0.0,28200000.0
1160,110,3.0,2,0.0,0.0,0.0,1.0,0.0,6500000.0
900,110,2.0,2,0.0,0.0,0.0,0.0,0.0,4000000.0
700,671,2.0,2,0.0,0.0,0.0,1.0,0.0,2499000.0
750,110,2.0,2,0.0,0.0,0.0,0.0,0.0,3000000.0
1100,546,2.0,2,1.0,0.0,0.0,0.0,0.0,11000000.0
1650,546,2.0,2,1.0,0.0,0.0,0.0,0.0,15500000.0
1125,616,3.0,2,0.0,0.0,0.0,1.0,0.0,5700000.0
650,685,1.0,2,1.0,0.0,0.0,1.0,0.0,7500000.0
1100,685,2.0,2,1.0,0.0,0.0,1.0,0.0,13000000.0
650,685,1.0,2,1.0,0.0,0.0,1.0,0.0,8500000.0
1500,586,3.0,2,0.0,0.0,0.0,0.0,1.0,11700000.0
450,189,1.0,2,0.0,0.0,0.0,0.0,0.0,2100000.0
600,705,2.0,2,0.0,0.0,0.0,0.0,0.0,3500000.0
800,729,3.0,2,0.0,0.0,0.0,1.0,0.0,4400000.0
1125,609,3.0,2,0.0,0.0,0.0,0.0,0.0,6700000.0
450,705,1.0,2,0.0,0.0,0.0,0.0,0.0,2100000.0
500,40,1.0,2,0.0,0.0,0.0,0.0,0.0,4600000.0
800,729,3.0,2,0.0,0.0,0.0,1.0,0.0,4500000.0
1000,459,2.0,2,0.0,1.0,0.0,0.0,1.0,9000000.0
495,154,2.0,2,1.0,0.0,0.0,1.0,0.0,2000000.0
1215,609,4.0,2,0.0,0.0,0.0,1.0,0.0,8000000.0
1500,110,3.0,2,0.0,0.0,0.0,1.0,0.0,5100000.0
1500,563,3.0,2,0.0,1.0,1.0,1.0,1.0,13000000.0
1440,609,4.0,2,0.0,0.0,0.0,1.0,0.0,11500000.0
750,154,3.0,2,1.0,0.0,0.0,1.0,0.0,3000000.0
818,110,2.0,2,0.0,0.0,0.0,1.0,0.0,3071000.0
845,110,2.0,2,0.0,0.0,0.0,1.0,0.0,3300000.0
1550,685,3.0,2,0.0,0.0,0.0,1.0,0.0,18500000.0
1650,685,3.0,2,0.0,0.0,0.0,1.0,0.0,19000000.0
1100,685,2.0,2,0.0,0.0,0.0,1.0,0.0,14500000.0
1650,685,3.0,2,0.0,0.0,0.0,1.0,0.0,22500000.0
550,685,1.0,2,0.0,0.0,0.0,1.0,1.0,6500000.0
581,685,1.0,2,1.0,0.0,0.0,1.0,0.0,7000000.0
1250,110,3.0,2,0.0,0.0,0.0,1.0,0.0,4500000.0
1350,110,3.0,2,0.0,0.0,0.0,1.0,0.0,5999000.0
1350,515,2.0,2,0.0,0.0,0.0,1.0,0.0,22500000.0
580,685,1.0,2,0.0,0.0,0.0,1.0,0.0,7200000.0
1500,110,3.0,2,0.0,0.0,0.0,1.0,0.0,5100000.0
1500,563,3.0,2,0.0,1.0,1.0,1.0,1.0,13000000.0
1440,609,4.0,2,0.0,0.0,0.0,1.0,0.0,11500000.0
750,154,3.0,2,1.0,0.0,0.0,1.0,0.0,3000000.0
1200,685,3.0,2,1.0,0.0,0.0,1.0,0.0,17500000.0
2500,160,4.0,2,0.0,0.0,0.0,1.0,0.0,47500000.0
1475,110,3.0,2,0.0,0.0,0.0,1.0,0.0,4900000.0
833,110,2.0,2,0.0,0.0,0.0,1.0,0.0,2600000.0
850,110,2.0,2,0.0,0.0,0.0,1.0,0.0,2800000.0
900,110,2.0,2,1.0,0.0,0.0,1.0,0.0,2500000.0
1450,110,3.0,2,1.0,0.0,0.0,1.0,0.0,4351000.0
799,110,2.0,2,1.0,0.0,0.0,1.0,0.0,2900000.0
1400,110,3.0,2,0.0,0.0,0.0,1.0,0.0,4300000.0
1300,110,3.0,2,0.0,0.0,0.0,1.0,0.0,4699000.0
765,154,3.0,2,1.0,0.0,0.0,1.0,0.0,3500000.0
750,154,3.0,2,1.0,0.0,0.0,1.0,0.0,3000000.0
450,154,1.0,2,1.0,0.0,0.0,1.0,0.0,2000000.0
1030,122,3.0,2,0.0,0.0,0.0,0.0,0.0,14800000.0
1025,122,3.0,2,0.0,0.0,0.0,0.0,0.0,15500000.0
1025,122,3.0,2,0.0,0.0,0.0,0.0,0.0,15500000.0
1400,122,3.0,2,0.0,0.0,0.0,0.0,0.0,16000000.0
1035,122,3.0,2,0.0,0.0,0.0,0.0,0.0,15500000.0
1025,122,3.0,2,0.0,0.0,0.0,0.0,0.0,15000000.0
1030,122,3.0,2,0.0,0.0,0.0,0.0,0.0,14800000.0
1025,122,3.0,2,0.0,0.0,0.0,0.0,0.0,15000000.0
1400,122,3.0,2,0.0,0.0,0.0,0.0,0.0,16000000.0
1030,122,3.0,2,0.0,0.0,0.0,0.0,0.0,14800000.0
1025,122,3.0,2,0.0,0.0,0.0,0.0,0.0,15500000.0
1030,122,3.0,2,0.0,0.0,0.0,0.0,0.0,14800000.0
1030,122,3.0,2,0.0,0.0,0.0,0.0,0.0,14800000.0
1030,122,3.0,2,0.0,0.0,0.0,0.0,0.0,14800000.0
1035,122,3.0,2,0.0,0.0,0.0,0.0,0.0,15500000.0
1025,122,3.0,2,0.0,0.0,0.0,0.0,0.0,15500000.0
1025,122,3.0,2,0.0,0.0,0.0,0.0,0.0,15500000.0
1035,122,3.0,2,0.0,0.0,0.0,0.0,0.0,15500000.0
1035,122,3.0,2,0.0,0.0,0.0,0.0,0.0,15500000.0
1035,122,3.0,2,0.0,0.0,0.0,0.0,0.0,15500000.0
1025,122,3.0,2,0.0,0.0,0.0,0.0,0.0,15500000.0
1035,122,3.0,2,0.0,0.0,0.0,0.0,0.0,15500000.0
1125,570,3.0,2,0.0,0.0,0.0,1.0,0.0,8000000.0
1350,8,2.0,2,0.0,0.0,0.0,0.0,0.0,17500000.0
1650,8,3.0,2,0.0,0.0,0.0,0.0,0.0,19500000.0
1650,255,3.0,2,0.0,0.0,0.0,0.0,0.0,23000000.0
1350,8,3.0,2,0.0,0.0,0.0,0.0,0.0,17500000.0
1400,8,3.0,2,0.0,0.0,0.0,0.0,0.0,18500000.0
900,590,2.0,2,1.0,0.0,0.0,0.0,0.0,13500000.0
1700,586,3.0,2,1.0,0.0,1.0,1.0,1.0,12500000.0
1800,543,3.0,2,1.0,0.0,1.0,1.0,1.0,11399999.0
2600,685,3.0,2,1.0,0.0,0.0,1.0,1.0,40000000.0
1700,685,2.0,2,1.0,0.0,0.0,1.0,1.0,21000000.0
1350,726,3.0,2,0.0,0.0,0.0,1.0,0.0,22000000.0
2200,685,2.0,2,1.0,0.0,0.0,1.0,1.0,30000000.0
580,685,1.0,2,1.0,0.0,0.0,1.0,1.0,8000000.0
1800,685,3.0,2,1.0,0.0,0.0,1.0,0.0,29000000.0
1100,685,2.0,2,1.0,0.0,0.0,1.0,1.0,14000000.0
2000,685,3.0,2,1.0,0.0,0.0,1.0,1.0,75000000.0
1150,546,2.0,2,1.0,0.0,1.0,0.0,1.0,17000000.0
650,685,1.0,2,1.0,0.0,0.0,1.0,0.0,7500000.0
1100,685,1.0,2,1.0,0.0,0.0,1.0,1.0,16000000.0
1300,685,2.0,2,1.0,0.0,0.0,1.0,0.0,16000000.0
1050,685,1.0,2,1.0,0.0,0.0,1.0,0.0,11500000.0
1500,671,4.0,2,1.0,0.0,0.0,1.0,0.0,9000000.0
1400,671,4.0,2,1.0,0.0,0.0,1.0,0.0,8900000.0
820,671,3.0,2,1.0,0.0,0.0,1.0,0.0,4700000.0
625,671,2.0,2,1.0,0.0,0.0,1.0,0.0,2700000.0
525,671,2.0,2,1.0,0.0,0.0,1.0,0.0,2400000.0
1350,671,3.0,2,1.0,0.0,0.0,1.0,0.0,7500000.0
750,671,2.0,2,1.0,0.0,0.0,1.0,0.0,3500000.0
850,671,3.0,2,1.0,0.0,0.0,1.0,0.0,4200000.0
1100,685,2.0,2,1.0,0.0,0.0,1.0,1.0,12000000.0
1000,546,2.0,2,1.0,0.0,0.0,0.0,0.0,12000000.0
900,546,2.0,2,1.0,0.0,0.0,0.0,0.0,12500000.0
950,546,2.0,2,1.0,0.0,0.0,0.0,0.0,12000000.0
1565,204,3.0,2,0.0,0.0,0.0,0.0,0.0,6900000.0
450,137,1.0,2,0.0,0.0,0.0,1.0,0.0,2300000.0
675,546,3.0,2,0.0,0.0,0.0,1.0,0.0,4200000.0
1400,510,3.0,2,0.0,0.0,0.0,0.0,0.0,19000000.0
1500,590,3.0,2,1.0,0.0,0.0,1.0,0.0,18000000.0
750,472,2.0,2,1.0,0.0,0.0,0.0,0.0,8499000.0
750,514,2.0,2,0.0,0.0,0.0,0.0,0.0,3200000.0
1485,472,3.0,2,1.0,0.0,0.0,0.0,0.0,40000000.0
1125,616,3.0,2,0.0,0.0,0.0,1.0,0.0,5700000.0
1800,189,3.0,2,1.0,1.0,0.0,1.0,1.0,32500000.0
810,671,3.0,2,0.0,0.0,0.0,1.0,0.0,5000000.0
900,671,3.0,2,0.0,0.0,0.0,1.0,0.0,6200000.0
765,671,3.0,2,0.0,0.0,0.0,1.0,0.0,5200000.0
2550,463,4.0,2,1.0,1.0,1.0,1.0,1.0,41800000.0
1125,609,2.0,2,0.0,0.0,0.0,0.0,0.0,5100000.0
1300,278,3.0,2,0.0,0.0,0.0,0.0,0.0,5233000.0
2250,463,3.0,2,1.0,1.0,1.0,1.0,1.0,36000000.0
1560,726,3.0,2,0.0,0.0,0.0,1.0,0.0,25000000.0
650,685,1.0,2,1.0,0.0,0.0,1.0,1.0,9000000.0
1700,685,3.0,2,1.0,0.0,0.0,1.0,1.0,18500000.0
562,612,2.0,2,0.0,0.0,0.0,0.0,0.0,2868000.0
2100,586,4.0,2,0.0,1.0,0.0,1.0,1.0,21500000.0
1800,586,3.0,2,0.0,1.0,0.0,1.0,1.0,21000000.0
1500,586,3.0,2,0.0,1.0,0.0,1.0,1.0,18000000.0
1500,584,3.0,2,0.0,1.0,0.0,1.0,1.0,13799999.0
1500,537,3.0,2,1.0,1.0,1.0,1.0,1.0,16000000.0
2100,586,4.0,2,0.0,1.0,0.0,1.0,1.0,20000000.0
549,273,2.0,2,0.0,0.0,0.0,0.0,0.0,3325000.0
900,546,3.0,2,1.0,0.0,0.0,0.0,0.0,12500000.0
1100,372,2.0,2,0.0,0.0,0.0,0.0,0.0,8500000.0
750,372,1.0,2,1.0,0.0,0.0,0.0,0.0,6300000.0
1200,546,3.0,2,0.0,0.0,0.0,0.0,0.0,12500000.0
1050,372,2.0,2,1.0,0.0,0.0,0.0,0.0,8700000.0
1700,685,2.0,2,1.0,0.0,0.0,1.0,1.0,19900000.0
1150,685,2.0,2,1.0,0.0,0.0,1.0,0.0,15000000.0
1150,685,2.0,2,1.0,0.0,0.0,1.0,1.0,22000000.0
1700,685,3.0,2,1.0,0.0,0.0,1.0,1.0,21500000.0
1150,685,2.0,2,1.0,0.0,0.0,1.0,0.0,21500000.0
1800,685,3.0,2,1.0,0.0,0.0,1.0,0.0,28000000.0
1300,685,2.0,2,1.0,0.0,0.0,1.0,0.0,22000000.0
855,671,3.0,2,0.0,0.0,0.0,1.0,0.0,5300000.0
1953,189,3.0,2,1.0,1.0,0.0,1.0,1.0,35000000.0
1650,685,3.0,2,1.0,0.0,0.0,1.0,1.0,19500000.0
750,200,2.0,2,0.0,0.0,0.0,0.0,0.0,4200000.0
855,671,3.0,2,0.0,0.0,0.0,1.0,0.0,5400000.0
900,200,2.0,2,0.0,0.0,0.0,1.0,0.0,5100000.0
1950,625,3.0,2,0.0,1.0,0.0,0.0,1.0,65000000.0
1900,594,4.0,2,0.0,1.0,0.0,1.0,1.0,24900000.0
1900,556,4.0,2,1.0,1.0,0.0,1.0,1.0,22500000.0
1900,540,4.0,2,0.0,1.0,0.0,1.0,1.0,20500000.0
1900,567,4.0,2,0.0,1.0,1.0,1.0,1.0,17500000.0
500,685,1.0,2,0.0,0.0,0.0,1.0,0.0,7200000.0
800,472,2.0,2,0.0,0.0,0.0,0.0,0.0,14500000.0
1000,472,2.0,2,0.0,0.0,0.0,0.0,0.0,8000000.0
1500,537,3.0,2,1.0,0.0,1.0,1.0,1.0,14000000.0
500,685,1.0,2,0.0,0.0,0.0,1.0,0.0,7200000.0
800,472,2.0,2,0.0,0.0,0.0,0.0,0.0,14500000.0
1000,472,2.0,2,0.0,0.0,0.0,0.0,0.0,8000000.0
450,277,1.0,2,0.0,1.0,0.0,0.0,0.0,2200000.0
1300,590,2.0,2,0.0,0.0,0.0,0.0,0.0,14800000.0
900,590,2.0,2,0.0,0.0,0.0,0.0,0.0,12000000.0
900,200,2.0,2,0.0,0.0,0.0,1.0,0.0,4500000.0
1600,685,3.0,2,0.0,0.0,0.0,0.0,0.0,7000000.0
1000,685,2.0,2,0.0,0.0,0.0,0.0,0.0,5500000.0
1150,685,1.0,2,1.0,0.0,0.0,1.0,0.0,20000000.0
1800,586,3.0,2,0.0,1.0,0.0,1.0,1.0,17500000.0
1500,586,3.0,2,1.0,1.0,1.0,1.0,1.0,14700000.0
1500,584,3.0,2,0.0,1.0,0.0,1.0,1.0,15500000.0
950,372,2.0,2,0.0,0.0,0.0,0.0,0.0,9000000.0
450,200,1.0,2,0.0,0.0,0.0,0.0,0.0,3000000.0
1200,459,2.0,2,0.0,1.0,0.0,0.0,1.0,11800000.0
650,200,2.0,2,0.0,0.0,0.0,1.0,0.0,3600000.0
1150,372,3.0,2,0.0,0.0,0.0,0.0,0.0,17000000.0
450,200,1.0,2,0.0,0.0,0.0,0.0,0.0,3000000.0
900,546,2.0,2,0.0,0.0,0.0,0.0,0.0,10500000.0
855,671,3.0,2,0.0,0.0,0.0,1.0,0.0,5300000.0
1953,189,3.0,2,1.0,1.0,0.0,1.0,1.0,35000000.0
900,200,2.0,2,0.0,0.0,0.0,1.0,0.0,5100000.0
1950,625,3.0,2,0.0,1.0,0.0,0.0,1.0,65000000.0
1300,372,1.0,2,0.0,0.0,0.0,0.0,0.0,12000000.0
900,546,2.0,2,0.0,0.0,0.0,0.0,0.0,10000000.0
2000,371,3.0,2,1.0,0.0,1.0,0.0,0.0,20000000.0
1800,685,2.0,2,1.0,0.0,0.0,1.0,1.0,27000000.0
800,200,2.0,2,0.0,0.0,0.0,1.0,0.0,4200000.0
1900,537,4.0,2,1.0,1.0,0.0,1.0,1.0,21000000.0
1900,567,4.0,2,0.0,1.0,1.0,1.0,1.0,17500000.0
1150,567,2.0,2,0.0,1.0,0.0,1.0,1.0,11500000.0
2000,556,4.0,2,0.0,1.0,0.0,1.0,1.0,23000000.0
1500,569,3.0,2,0.0,1.0,0.0,1.0,1.0,13500000.0
1150,556,2.0,2,0.0,1.0,0.0,1.0,1.0,12400000.0
1500,594,3.0,2,0.0,1.0,0.0,1.0,1.0,16500000.0
1150,587,2.0,2,0.0,1.0,0.0,1.0,1.0,10500000.0
1500,543,3.0,2,0.0,1.0,0.0,1.0,1.0,17500000.0
1150,576,2.0,2,1.0,1.0,1.0,1.0,1.0,10500000.0
450,200,1.0,2,0.0,0.0,0.0,0.0,0.0,3000000.0
1200,459,2.0,2,0.0,1.0,0.0,0.0,1.0,11800000.0
650,200,2.0,2,0.0,0.0,0.0,1.0,0.0,3600000.0
1700,685,2.0,2,1.0,0.0,0.0,1.0,1.0,19900000.0
1900,594,4.0,2,0.0,1.0,0.0,1.0,1.0,24900000.0
1500,576,3.0,2,0.0,1.0,0.0,1.0,1.0,14500000.0
1900,540,4.0,2,0.0,1.0,0.0,1.0,1.0,20500000.0
1150,567,2.0,2,0.0,1.0,0.0,1.0,1.0,11500000.0
2000,556,4.0,2,0.0,1.0,0.0,1.0,1.0,23000000.0
1500,569,3.0,2,0.0,1.0,0.0,1.0,1.0,13500000.0
1150,556,2.0,2,0.0,1.0,0.0,1.0,1.0,12400000.0
500,685,1.0,2,0.0,0.0,0.0,1.0,0.0,7200000.0
800,472,2.0,2,0.0,0.0,0.0,0.0,0.0,14500000.0
1000,472,2.0,2,0.0,0.0,0.0,0.0,0.0,8000000.0
450,277,1.0,2,0.0,1.0,0.0,0.0,0.0,2200000.0
549,273,2.0,2,0.0,0.0,0.0,0.0,0.0,3325000.0
1300,372,1.0,2,0.0,0.0,0.0,0.0,0.0,12000000.0
900,546,2.0,2,0.0,0.0,0.0,0.0,0.0,10000000.0
2000,371,3.0,2,1.0,0.0,1.0,0.0,0.0,20000000.0
2000,371,3.0,2,1.0,0.0,1.0,0.0,0.0,22000000.0
650,685,1.0,2,1.0,0.0,0.0,1.0,1.0,7000000.0
1800,685,3.0,2,1.0,0.0,0.0,1.0,0.0,29000000.0
650,685,1.0,2,1.0,0.0,0.0,1.0,1.0,7500000.0
500,200,1.0,2,0.0,0.0,0.0,0.0,0.0,3000000.0
1100,685,2.0,2,1.0,0.0,0.0,1.0,1.0,19500000.0
1800,685,3.0,2,1.0,0.0,0.0,1.0,1.0,25000000.0
1700,685,3.0,2,1.0,0.0,0.0,1.0,0.0,26000000.0
675,362,3.0,2,0.0,0.0,0.0,1.0,0.0,3400000.0
1200,459,3.0,2,0.0,1.0,0.0,0.0,1.0,12500000.0
1000,459,2.0,2,0.0,1.0,0.0,0.0,1.0,9000000.0
1200,459,3.0,2,0.0,1.0,0.0,0.0,1.0,10000000.0
1200,459,3.0,2,0.0,1.0,0.0,1.0,1.0,10000000.0
1000,510,2.0,2,0.0,0.0,0.0,0.0,0.0,12500000.0
1000,510,2.0,2,0.0,0.0,0.0,0.0,0.0,9400000.0
1350,510,3.0,2,0.0,0.0,0.0,0.0,0.0,16500000.0
1025,510,2.0,2,1.0,0.0,0.0,1.0,0.0,15000000.0
1250,510,3.0,2,1.0,0.0,0.0,1.0,0.0,18500000.0
1000,510,2.0,2,1.0,0.0,0.0,0.0,0.0,10700000.0
900,510,3.0,2,1.0,0.0,0.0,1.0,0.0,19500000.0
1500,459,1.0,2,0.0,0.0,0.0,0.0,0.0,16000000.0
650,685,1.0,2,0.0,0.0,0.0,1.0,0.0,8000000.0
1100,685,2.0,2,0.0,0.0,0.0,1.0,0.0,16000000.0
1650,685,3.0,2,1.0,0.0,1.0,1.0,0.0,19000000.0
1100,239,2.0,2,0.0,0.0,0.0,0.0,1.0,11900000.0
1050,239,2.0,2,0.0,0.0,0.0,0.0,0.0,11700000.0
1150,239,2.0,2,0.0,0.0,0.0,0.0,0.0,11000000.0
1050,239,2.0,2,0.0,0.0,0.0,0.0,0.0,11100000.0
1050,239,2.0,2,0.0,0.0,0.0,0.0,0.0,11500000.0
1450,239,3.0,2,0.0,0.0,0.0,0.0,0.0,13799999.0
1450,239,3.0,2,0.0,0.0,0.0,0.0,0.0,12600000.0
1050,239,2.0,2,0.0,0.0,0.0,0.0,0.0,11600000.0
1450,239,3.0,2,0.0,0.0,0.0,0.0,0.0,13600000.0
600,472,1.0,2,0.0,0.0,0.0,0.0,0.0,4999000.0
1100,685,2.0,2,1.0,0.0,0.0,1.0,1.0,14500000.0
650,137,2.0,2,0.0,0.0,0.0,1.0,0.0,3600000.0
450,137,1.0,2,0.0,0.0,0.0,1.0,0.0,2400000.0
900,424,3.0,2,0.0,0.0,0.0,1.0,0.0,5500000.0
1200,459,2.0,2,0.0,1.0,0.0,0.0,1.0,9000000.0
1350,472,3.0,2,0.0,0.0,0.0,0.0,0.0,12000000.0
1963,129,4.0,2,0.0,0.0,0.0,0.0,0.0,16000000.0
1050,239,2.0,2,0.0,0.0,0.0,0.0,0.0,11600000.0
1450,239,3.0,2,0.0,0.0,0.0,0.0,0.0,13600000.0
1340,435,2.0,3,1.0,1.0,1.0,1.0,1.0,6968000.000000001
3498,210,4.0,3,1.0,1.0,1.0,1.0,1.0,29000000.0
1318,361,2.0,3,0.0,0.0,0.0,0.0,0.0,6590000.000000001
1295,14,3.0,3,0.0,0.0,0.0,1.0,0.0,5739000.0
1145,320,2.0,3,1.0,0.0,0.0,1.0,0.0,5679000.0
1230,435,2.0,3,0.0,0.0,0.0,1.0,0.0,6099000.0
1350,361,2.0,3,0.0,0.0,0.0,1.0,0.0,7000000.0
1400,169,3.0,3,0.0,1.0,0.0,1.0,1.0,4198000.0
2240,645,3.0,3,0.0,1.0,1.0,0.0,1.0,9900000.0
1520,169,2.0,3,0.0,0.0,0.0,1.0,0.0,9800000.0
1535,294,3.0,3,1.0,1.0,1.0,1.0,1.0,8903000.0
1150,217,2.0,3,0.0,0.0,0.0,1.0,0.0,6300000.0
1285,377,2.0,3,0.0,0.0,0.0,1.0,0.0,6300000.0
1897,645,3.0,3,1.0,1.0,1.0,1.0,1.0,9000000.0
1725,423,3.0,3,1.0,1.0,1.0,1.0,1.0,11100000.0
1592,320,3.0,3,0.0,1.0,0.0,1.0,1.0,10900000.0
1150,338,2.0,3,0.0,0.0,0.0,1.0,0.0,8625000.0
2240,645,3.0,3,0.0,1.0,1.0,1.0,1.0,9900000.0
1050,485,3.0,3,0.0,0.0,0.0,0.0,0.0,3900000.0
1340,435,2.0,3,1.0,1.0,1.0,1.0,1.0,6968000.000000001
3498,210,4.0,3,1.0,1.0,1.0,1.0,1.0,29000000.0
1318,361,2.0,3,0.0,0.0,0.0,0.0,0.0,6590000.000000001
1295,14,3.0,3,0.0,0.0,0.0,1.0,0.0,5739000.0
1145,320,2.0,3,1.0,0.0,0.0,1.0,0.0,5679000.0
1230,435,2.0,3,0.0,0.0,0.0,1.0,0.0,6099000.0
1350,361,2.0,3,0.0,0.0,0.0,1.0,0.0,7000000.0
1400,169,3.0,3,0.0,1.0,0.0,1.0,1.0,4198000.0
2240,645,3.0,3,0.0,1.0,1.0,0.0,1.0,9900000.0
1520,169,2.0,3,0.0,0.0,0.0,1.0,0.0,9800000.0
1535,294,3.0,3,1.0,1.0,1.0,1.0,1.0,8903000.0
1150,217,2.0,3,0.0,0.0,0.0,1.0,0.0,6300000.0
1285,377,2.0,3,0.0,0.0,0.0,1.0,0.0,6300000.0
1897,645,3.0,3,1.0,1.0,1.0,1.0,1.0,9000000.0
1725,423,3.0,3,1.0,1.0,1.0,1.0,1.0,11100000.0
1592,320,3.0,3,0.0,1.0,0.0,1.0,1.0,10900000.0
1150,338,2.0,3,0.0,0.0,0.0,1.0,0.0,8625000.0
2240,645,3.0,3,0.0,1.0,1.0,1.0,1.0,9900000.0
1050,485,3.0,3,0.0,0.0,0.0,0.0,0.0,3900000.0
1735,485,3.0,3,0.0,0.0,0.0,1.0,0.0,7800000.0
2800,423,3.0,3,0.0,1.0,0.0,1.0,1.0,19600000.0
1050,76,2.0,3,0.0,0.0,0.0,1.0,0.0,6050000.0
1230,320,2.0,3,0.0,1.0,0.0,1.0,1.0,6150000.0
1175,435,2.0,3,0.0,0.0,0.0,0.0,0.0,5000000.0
1190,435,2.0,3,0.0,0.0,0.0,0.0,0.0,4760000.0
2956,68,4.0,3,0.0,0.0,0.0,0.0,0.0,30000000.0
680,2,2.0,3,0.0,0.0,0.0,0.0,0.0,2500000.0
1350,482,2.0,3,0.0,1.0,0.0,1.0,0.0,5900000.0
1970,386,3.0,3,0.0,1.0,0.0,1.0,1.0,9700000.0
1105,356,2.0,3,0.0,0.0,0.0,1.0,1.0,4641000.0
2005,414,3.0,3,0.0,0.0,0.0,0.0,0.0,16000000.0
1105,356,2.0,3,0.0,0.0,0.0,1.0,0.0,4641000.0
1406,41,3.0,3,0.0,0.0,0.0,0.0,0.0,7500000.0
1545,14,3.0,3,0.0,0.0,0.0,1.0,1.0,6140000.0
1495,414,3.0,3,1.0,1.0,1.0,1.0,1.0,10500000.0
1300,704,3.0,3,0.0,0.0,0.0,0.0,0.0,7200000.0
1200,435,2.0,3,0.0,1.0,0.0,1.0,1.0,4600000.0
1450,210,3.0,3,0.0,0.0,0.0,0.0,0.0,10400000.0
1450,68,3.0,3,0.0,0.0,0.0,0.0,0.0,9500000.0
1912,423,3.0,3,1.0,0.0,0.0,1.0,0.0,9942000.0
1850,361,3.0,3,0.0,0.0,0.0,1.0,0.0,9250000.0
1300,485,3.0,3,0.0,0.0,0.0,1.0,0.0,4500000.0
1674,300,3.0,3,1.0,1.0,1.0,1.0,0.0,9600000.0
1242,632,3.0,3,0.0,0.0,0.0,0.0,0.0,8600000.0
850,198,2.0,3,0.0,0.0,0.0,0.0,0.0,2700000.0
1895,473,3.0,3,1.0,1.0,1.0,1.0,1.0,6600000.0
1636,407,3.0,3,1.0,0.0,1.0,1.0,1.0,8589000.0
1076,327,2.0,3,0.0,0.0,0.0,0.0,0.0,5500000.0
1080,376,2.0,3,0.0,0.0,0.0,1.0,0.0,3200000.0
2100,252,3.0,3,0.0,0.0,0.0,1.0,0.0,20500000.0
1265,361,2.0,3,0.0,0.0,0.0,0.0,0.0,6300000.0
1300,368,3.0,3,0.0,0.0,0.0,1.0,0.0,6400000.0
1089,386,2.0,3,0.0,0.0,0.0,1.0,0.0,4988000.0
1400,303,2.0,3,0.0,1.0,0.0,1.0,1.0,10500000.0
850,533,2.0,3,0.0,0.0,0.0,0.0,0.0,4300000.0
1100,435,2.0,3,0.0,0.0,0.0,0.0,0.0,3900000.0
1700,668,3.0,3,0.0,0.0,0.0,1.0,0.0,5500000.0
2150,645,3.0,3,1.0,1.0,1.0,1.0,1.0,10300000.0
1195,357,2.0,3,0.0,1.0,0.0,1.0,1.0,6600000.0
1105,386,2.0,3,0.0,0.0,0.0,0.0,0.0,6500000.0
1205,361,2.0,3,1.0,0.0,1.0,1.0,0.0,5784000.0
1250,498,3.0,3,0.0,0.0,0.0,1.0,0.0,5500000.0
1340,485,2.0,3,1.0,1.0,0.0,1.0,1.0,6700000.0
950,74,2.0,3,0.0,0.0,0.0,0.0,0.0,3000000.0
1100,391,2.0,3,0.0,0.0,0.0,1.0,0.0,4700000.0
1908,303,3.0,3,0.0,0.0,0.0,0.0,0.0,15000000.0
1675,53,3.0,3,0.0,1.0,1.0,1.0,1.0,7872000.0
1535,294,3.0,3,1.0,1.0,1.0,1.0,1.0,8903000.0
910,414,2.0,3,0.0,1.0,0.0,1.0,1.0,3200000.0
1325,330,3.0,3,0.0,0.0,0.0,1.0,0.0,5600000.0
1717,644,3.0,3,0.0,0.0,0.0,0.0,0.0,11000000.0
2400,704,3.0,3,0.0,0.0,0.0,0.0,0.0,12000000.0
1150,303,2.0,3,0.0,0.0,0.0,1.0,0.0,6900000.0
1200,290,2.0,3,0.0,0.0,0.0,1.0,0.0,3999000.0
1040,482,2.0,3,0.0,0.0,0.0,1.0,0.0,4460000.0
1181,197,2.0,3,0.0,0.0,0.0,1.0,0.0,7298999.000000001
2100,300,3.0,3,0.0,0.0,0.0,0.0,0.0,10500000.0
1550,610,3.0,3,0.0,1.0,1.0,1.0,1.0,12000000.0
1280,21,3.0,3,0.0,0.0,0.0,1.0,0.0,7700000.0
1945,294,3.0,3,0.0,0.0,0.0,0.0,0.0,12400000.0
3500,210,4.0,3,1.0,1.0,1.0,1.0,1.0,28200000.0
1000,407,2.0,3,1.0,1.0,1.0,1.0,1.0,3700000.0
1200,386,2.0,3,0.0,0.0,0.0,1.0,0.0,8000000.0
2729,169,4.0,3,0.0,1.0,0.0,1.0,0.0,17700000.0
1500,2,3.0,3,0.0,0.0,0.0,1.0,0.0,6998999.000000001
2165,68,3.0,3,1.0,1.0,0.0,1.0,1.0,19400000.0
1050,269,2.0,3,0.0,0.0,0.0,1.0,0.0,3000000.0
1150,53,2.0,3,0.0,0.0,0.0,1.0,0.0,2999000.0
1822,704,3.0,3,0.0,0.0,0.0,1.0,0.0,8500000.0
1270,485,1.0,3,0.0,0.0,0.0,1.0,0.0,6500000.0
1600,196,3.0,3,0.0,0.0,0.0,1.0,0.0,8500000.0
1818,524,3.0,3,1.0,1.0,1.0,1.0,1.0,14500000.0
1830,361,3.0,3,0.0,1.0,0.0,1.0,0.0,8600000.0
1815,294,3.0,3,1.0,1.0,1.0,1.0,1.0,9073000.0
1400,485,1.0,3,0.0,0.0,0.0,1.0,0.0,6700000.0
1220,435,2.0,3,1.0,1.0,1.0,1.0,1.0,6344000.0
1650,435,3.0,3,1.0,1.0,1.0,1.0,1.0,8580000.0
1680,435,3.0,3,1.0,1.0,1.0,1.0,1.0,8736000.0
1555,435,3.0,3,1.0,1.0,1.0,1.0,1.0,8086000.0
1685,435,3.0,3,1.0,1.0,1.0,1.0,1.0,8762000.0
1520,435,3.0,3,1.0,1.0,1.0,1.0,1.0,7904000.000000001
1225,435,2.0,3,1.0,1.0,1.0,1.0,1.0,6370000.0
1795,435,3.0,3,1.0,1.0,1.0,1.0,1.0,9334000.0
1435,435,2.0,3,1.0,1.0,1.0,1.0,1.0,7462000.0
1430,435,2.0,3,1.0,1.0,1.0,1.0,1.0,7436000.0
1265,435,2.0,3,1.0,1.0,1.0,1.0,1.0,6578000.0
2080,361,3.0,3,1.0,1.0,1.0,1.0,0.0,10400000.0
2092,361,3.0,3,1.0,1.0,1.0,1.0,0.0,10400000.0
1370,361,2.0,3,1.0,1.0,1.0,1.0,0.0,6850000.0
2232,361,3.0,3,1.0,1.0,1.0,1.0,0.0,11100000.0
2063,361,3.0,3,1.0,1.0,1.0,1.0,0.0,10300000.0
1400,361,2.0,3,1.0,1.0,1.0,1.0,0.0,7000000.0
1865,361,3.0,3,1.0,1.0,1.0,1.0,0.0,9325000.0
2270,361,3.0,3,1.0,1.0,1.0,1.0,0.0,11299999.0
1896,361,3.0,3,1.0,1.0,1.0,1.0,0.0,9480000.0
3031,210,4.0,3,1.0,1.0,1.0,1.0,1.0,25600000.0
1702,361,3.0,3,0.0,0.0,0.0,0.0,0.0,8510000.0
1350,361,2.0,3,0.0,0.0,0.0,0.0,0.0,6750000.0
1525,361,3.0,3,0.0,0.0,0.0,0.0,0.0,7625000.0
1225,361,2.0,3,0.0,0.0,0.0,0.0,0.0,6125000.0
1728,361,3.0,3,0.0,0.0,0.0,0.0,0.0,8640000.0
1725,361,3.0,3,0.0,0.0,0.0,0.0,0.0,8625000.0
1300,361,2.0,3,0.0,0.0,0.0,0.0,0.0,6500000.0
1600,361,3.0,3,0.0,0.0,0.0,0.0,0.0,8000000.0
1200,361,2.0,3,0.0,0.0,0.0,0.0,0.0,6000000.0
1640,310,3.0,3,0.0,0.0,0.0,1.0,0.0,9900000.0
1830,300,3.0,3,0.0,0.0,0.0,1.0,0.0,8234999.000000001
1835,300,3.0,3,0.0,0.0,0.0,1.0,0.0,8256999.0
1570,645,3.0,3,0.0,1.0,1.0,0.0,1.0,7100000.0
1570,645,3.0,3,0.0,1.0,1.0,0.0,1.0,9900000.0
2240,645,3.0,3,0.0,1.0,1.0,1.0,1.0,9900000.0
2240,645,3.0,3,0.0,1.0,1.0,0.0,1.0,9900000.0
1895,524,3.0,3,1.0,1.0,0.0,1.0,1.0,16000000.0
1600,361,3.0,3,0.0,0.0,0.0,0.0,0.0,8000000.0
1140,320,2.0,3,1.0,0.0,0.0,1.0,0.0,5654000.0
1150,320,2.0,3,1.0,0.0,0.0,1.0,0.0,5704000.0
1530,320,3.0,3,1.0,0.0,0.0,1.0,0.0,7588000.0
1230,435,2.0,3,0.0,0.0,0.0,1.0,0.0,5999000.0
1300,361,2.0,3,0.0,0.0,0.0,0.0,0.0,6000000.0
1050,169,2.0,3,0.0,1.0,0.0,1.0,1.0,3148000.0
1665,169,3.0,3,0.0,1.0,0.0,1.0,1.0,6325000.0
1250,169,2.0,3,0.0,0.0,0.0,0.0,0.0,4748000.0
1250,169,2.0,3,0.0,1.0,0.0,1.0,1.0,4748000.0
1900,169,3.0,3,0.0,0.0,0.0,0.0,0.0,8168000.000000001
1900,169,3.0,3,0.0,1.0,0.0,1.0,1.0,8168000.000000001
1815,169,2.0,3,0.0,1.0,0.0,1.0,1.0,7802000.0
1250,169,2.0,3,0.0,1.0,0.0,1.0,1.0,5373000.0
1530,391,3.0,3,0.0,0.0,0.0,1.0,0.0,7400000.0
1530,61,3.0,3,0.0,0.0,0.0,1.0,0.0,7400000.0
1535,294,3.0,3,1.0,1.0,1.0,1.0,1.0,8903000.0
3380,294,4.0,3,1.0,1.0,1.0,1.0,1.0,20200000.0
3380,294,4.0,3,1.0,1.0,1.0,1.0,1.0,20200000.0
1875,294,3.0,3,1.0,1.0,1.0,1.0,1.0,10800000.0
1875,294,3.0,3,1.0,1.0,1.0,1.0,1.0,10800000.0
2540,294,3.0,3,1.0,1.0,1.0,1.0,1.0,15200000.0
2540,294,3.0,3,1.0,1.0,1.0,1.0,1.0,15200000.0
2630,294,4.0,3,1.0,1.0,1.0,1.0,1.0,15200000.0
2630,294,4.0,3,1.0,1.0,1.0,1.0,1.0,15200000.0
4500,245,4.0,3,0.0,0.0,0.0,0.0,0.0,47200000.0
3380,294,4.0,3,1.0,1.0,1.0,1.0,1.0,21500000.0
2700,361,3.0,3,0.0,0.0,0.0,1.0,0.0,12000000.0
1792,645,3.0,3,1.0,1.0,1.0,1.0,1.0,10000000.0
1673,645,3.0,3,1.0,1.0,1.0,1.0,1.0,9500000.0
1665,423,3.0,3,1.0,1.0,1.0,1.0,1.0,10700000.0
1640,423,3.0,3,1.0,1.0,1.0,1.0,1.0,10700000.0
1640,423,3.0,3,1.0,1.0,1.0,1.0,1.0,10700000.0
2200,68,3.0,3,0.0,0.0,0.0,0.0,0.0,17000000.0
1170,482,2.0,3,0.0,0.0,0.0,0.0,0.0,4000000.0
1170,482,2.0,3,0.0,0.0,0.0,0.0,0.0,4000000.0
1600,68,4.0,3,0.0,0.0,0.0,1.0,0.0,8500000.0
1644,386,3.0,3,0.0,0.0,0.0,0.0,0.0,8600000.0
1644,386,3.0,3,0.0,0.0,0.0,0.0,0.0,8599000.0
1687,386,3.0,3,0.0,0.0,0.0,0.0,0.0,8898000.0
1650,386,3.0,3,0.0,0.0,0.0,0.0,0.0,8599000.0
1554,386,3.0,3,0.0,0.0,0.0,0.0,0.0,8298999.000000001
1684,386,3.0,3,0.0,0.0,0.0,0.0,0.0,8598000.0
1650,386,3.0,3,0.0,0.0,0.0,0.0,0.0,8898000.0
970,404,2.0,3,0.0,0.0,0.0,0.0,0.0,4200000.0
970,404,2.0,3,0.0,0.0,0.0,0.0,0.0,4200000.0
2240,645,3.0,3,0.0,1.0,1.0,1.0,1.0,10000000.0
1050,485,3.0,3,0.0,0.0,0.0,0.0,0.0,3900000.0
2240,645,3.0,3,0.0,1.0,0.0,1.0,1.0,10000000.0
2240,645,3.0,3,0.0,1.0,1.0,1.0,1.0,9900000.0
1190,435,2.0,3,0.0,0.0,0.0,0.0,0.0,4760000.0
1100,435,2.0,3,0.0,0.0,0.0,0.0,0.0,4400000.0
1600,108,3.0,3,0.0,0.0,0.0,1.0,0.0,7840000.000000001
1190,435,2.0,3,0.0,0.0,0.0,0.0,0.0,4760000.0
1100,435,2.0,3,0.0,0.0,0.0,0.0,0.0,4400000.0
1150,210,2.0,3,0.0,0.0,0.0,1.0,0.0,8600000.0
1415,361,3.0,3,0.0,0.0,0.0,1.0,0.0,6800000.0
1980,68,3.0,3,0.0,0.0,0.0,0.0,0.0,18500000.0
1100,435,2.0,3,0.0,0.0,0.0,0.0,0.0,4400000.0
1190,435,2.0,3,0.0,0.0,0.0,0.0,0.0,4760000.0
1100,435,2.0,3,0.0,0.0,0.0,0.0,0.0,4400000.0
1600,108,3.0,3,0.0,0.0,0.0,1.0,0.0,7840000.000000001
1190,435,2.0,3,0.0,0.0,0.0,0.0,0.0,4760000.0
1100,435,2.0,3,0.0,0.0,0.0,0.0,0.0,4400000.0
1150,210,2.0,3,0.0,0.0,0.0,1.0,0.0,8600000.0
1200,108,2.0,3,0.0,0.0,0.0,1.0,0.0,5880000.0
1100,435,2.0,3,0.0,0.0,0.0,0.0,0.0,4400000.0
1190,435,2.0,3,0.0,0.0,0.0,0.0,0.0,4760000.0
1190,435,2.0,3,0.0,0.0,0.0,0.0,0.0,4760000.0
1190,435,2.0,3,0.0,0.0,0.0,0.0,0.0,4760000.0
1100,435,2.0,3,0.0,0.0,0.0,0.0,0.0,4400000.0
1190,435,2.0,3,0.0,0.0,0.0,0.0,0.0,4760000.0
1190,435,2.0,3,0.0,0.0,0.0,0.0,0.0,4760000.0
1190,435,2.0,3,0.0,0.0,0.0,0.0,0.0,4760000.0
1905,320,3.0,3,1.0,1.0,1.0,1.0,1.0,9906000.0
1925,320,3.0,3,1.0,1.0,1.0,1.0,1.0,10000000.0
1482,668,3.0,3,0.0,1.0,0.0,1.0,1.0,6187000.0
1100,435,2.0,3,0.0,0.0,0.0,1.0,0.0,3800000.0
1800,158,3.0,3,0.0,0.0,0.0,0.0,0.0,11500000.0
1800,158,3.0,3,0.0,0.0,0.0,0.0,0.0,12000000.0
1105,356,2.0,3,0.0,0.0,0.0,1.0,0.0,4641000.0
1105,356,2.0,3,0.0,0.0,0.0,1.0,0.0,4641000.0
1105,356,2.0,3,0.0,0.0,0.0,1.0,1.0,4641000.0
1980,68,3.0,3,0.0,0.0,0.0,0.0,0.0,18500000.0
1150,210,2.0,3,0.0,0.0,0.0,1.0,0.0,8600000.0
1415,361,3.0,3,0.0,0.0,0.0,1.0,0.0,6800000.0
1730,320,3.0,3,0.0,0.0,0.0,0.0,0.0,11100000.0
1100,25,2.0,3,0.0,0.0,0.0,1.0,1.0,4400000.0
1100,25,2.0,3,0.0,0.0,0.0,1.0,1.0,4400000.0
1100,25,2.0,3,0.0,0.0,0.0,1.0,1.0,4400000.0
1100,25,2.0,3,0.0,0.0,0.0,1.0,1.0,4400000.0
1100,25,2.0,3,0.0,0.0,0.0,1.0,1.0,4400000.0
1100,25,2.0,3,0.0,0.0,0.0,1.0,1.0,4400000.0
1100,25,2.0,3,0.0,0.0,0.0,1.0,1.0,4400000.0
1100,25,2.0,3,0.0,0.0,0.0,1.0,1.0,4400000.0
1100,25,2.0,3,0.0,0.0,0.0,1.0,1.0,4400000.0
1100,25,2.0,3,0.0,0.0,0.0,1.0,1.0,4400000.0
1105,356,2.0,3,0.0,0.0,0.0,1.0,1.0,4641000.0
1100,25,2.0,3,0.0,0.0,0.0,1.0,1.0,4400000.0
1105,356,2.0,3,0.0,0.0,0.0,1.0,1.0,4641000.0
1105,356,2.0,3,0.0,0.0,0.0,1.0,1.0,4641000.0
1105,356,2.0,3,0.0,0.0,0.0,1.0,1.0,4641000.0
1105,356,2.0,3,0.0,0.0,0.0,1.0,1.0,4641000.0
1105,356,2.0,3,0.0,0.0,0.0,1.0,1.0,4641000.0
1165,303,2.0,3,1.0,1.0,1.0,1.0,1.0,7847000.0
1100,25,2.0,3,0.0,0.0,0.0,1.0,0.0,4400000.0
1535,303,3.0,3,1.0,1.0,1.0,1.0,1.0,10000000.0
1110,25,2.0,3,0.0,0.0,0.0,1.0,1.0,4400000.0
1105,356,2.0,3,0.0,0.0,0.0,1.0,1.0,4641000.0
2240,645,3.0,3,0.0,1.0,1.0,1.0,1.0,9900000.0
1278,361,2.0,3,0.0,0.0,0.0,1.0,0.0,6500000.0
1406,41,3.0,3,0.0,0.0,0.0,1.0,0.0,7500000.0
1190,357,2.0,3,0.0,1.0,0.0,1.0,1.0,6500000.0
1215,482,2.0,3,0.0,0.0,0.0,1.0,0.0,5300000.0
1105,356,2.0,3,0.0,0.0,0.0,1.0,0.0,4641000.0
1150,210,2.0,3,0.0,0.0,0.0,1.0,0.0,8600000.0
1105,356,2.0,3,0.0,0.0,0.0,1.0,1.0,4641000.0
1105,356,2.0,3,0.0,0.0,0.0,1.0,1.0,4641000.0
1770,303,3.0,3,1.0,1.0,1.0,1.0,1.0,10700000.0
1210,14,2.0,3,0.0,0.0,0.0,1.0,1.0,4840000.0
1010,170,2.0,3,0.0,0.0,0.0,0.0,0.0,4542000.0
1620,606,3.0,3,0.0,0.0,0.0,1.0,0.0,8100000.0
1555,170,3.0,3,0.0,1.0,0.0,1.0,0.0,6931000.0
1190,320,2.0,3,0.0,0.0,0.0,1.0,0.0,7098999.000000001
1730,320,3.0,3,0.0,0.0,0.0,1.0,0.0,11100000.0
1165,303,2.0,3,1.0,1.0,1.0,1.0,1.0,7240000.000000001
1670,158,3.0,3,0.0,0.0,0.0,1.0,0.0,10000000.0
1350,210,3.0,3,1.0,1.0,1.0,1.0,1.0,13000000.0
4780,632,4.0,3,0.0,0.0,0.0,0.0,0.0,43000000.0
1836,606,3.0,3,0.0,0.0,0.0,1.0,0.0,8900000.0
1970,704,3.0,3,0.0,0.0,0.0,0.0,0.0,15000000.0
1970,704,3.0,3,0.0,0.0,0.0,0.0,0.0,15000000.0
2000,320,3.0,3,1.0,1.0,1.0,1.0,1.0,12000000.0
2000,320,3.0,3,1.0,1.0,1.0,1.0,1.0,12000000.0
2000,320,3.0,3,1.0,1.0,1.0,1.0,1.0,12000000.0
2000,320,3.0,3,1.0,1.0,1.0,1.0,1.0,12000000.0
2000,320,3.0,3,1.0,1.0,1.0,1.0,1.0,12000000.0
2000,320,3.0,3,1.0,1.0,1.0,1.0,1.0,12000000.0
1210,303,2.0,3,1.0,1.0,1.0,1.0,1.0,7744000.0
1535,303,3.0,3,1.0,1.0,1.0,1.0,1.0,9760000.0
1315,303,2.0,3,1.0,1.0,1.0,1.0,1.0,8500000.0
680,2,1.0,3,0.0,0.0,0.0,0.0,0.0,2500000.0
1200,355,2.0,3,0.0,0.0,0.0,0.0,0.0,8200000.0
1200,355,2.0,3,0.0,0.0,0.0,0.0,0.0,8200000.0
1200,355,2.0,3,0.0,0.0,0.0,0.0,0.0,8200000.0
1200,355,2.0,3,0.0,0.0,0.0,0.0,0.0,8200000.0
1200,355,2.0,3,0.0,0.0,0.0,0.0,0.0,8200000.0
1200,355,2.0,3,0.0,0.0,0.0,0.0,0.0,8200000.0
1200,355,2.0,3,0.0,0.0,0.0,0.0,0.0,8200000.0
1200,355,2.0,3,0.0,0.0,0.0,0.0,0.0,8200000.0
1200,355,2.0,3,0.0,0.0,0.0,0.0,0.0,8200000.0
1200,355,2.0,3,0.0,0.0,0.0,0.0,0.0,8200000.0
1735,294,3.0,3,0.0,1.0,0.0,1.0,1.0,10800000.0
2500,245,3.0,3,0.0,0.0,0.0,0.0,0.0,27500000.0
3959,303,4.0,3,0.0,1.0,0.0,1.0,1.0,35000000.0
1889,423,3.0,3,1.0,1.0,1.0,1.0,0.0,9822000.0
4500,303,4.0,3,0.0,0.0,0.0,0.0,0.0,30000000.0
2500,245,3.0,3,0.0,0.0,0.0,0.0,0.0,27500000.0
1220,14,2.0,3,0.0,0.0,0.0,1.0,1.0,4880000.0
1920,386,3.0,3,0.0,0.0,0.0,0.0,0.0,9984000.0
2700,704,4.0,3,0.0,0.0,0.0,0.0,0.0,25000000.0
1300,380,3.0,3,0.0,0.0,0.0,0.0,0.0,5400000.0
2100,68,3.0,3,0.0,0.0,0.0,1.0,0.0,15000000.0
1920,386,3.0,3,0.0,1.0,0.0,1.0,1.0,9984000.0
1925,386,3.0,3,0.0,1.0,0.0,1.0,1.0,10000000.0
1885,303,2.0,3,1.0,1.0,1.0,1.0,1.0,11800000.0
1010,170,2.0,3,0.0,1.0,0.0,1.0,0.0,4542000.0
1695,320,3.0,3,0.0,0.0,0.0,1.0,0.0,10900000.0
1090,320,2.0,3,0.0,0.0,0.0,1.0,0.0,7098999.000000001
3100,245,3.0,3,0.0,1.0,0.0,1.0,1.0,46000000.0
2200,245,3.0,3,0.0,0.0,0.0,1.0,0.0,19800000.0
1521,303,3.0,3,0.0,0.0,0.0,1.0,0.0,7600000.0
2490,294,3.0,3,0.0,1.0,0.0,1.0,1.0,18000000.0
1675,423,3.0,3,1.0,1.0,1.0,1.0,1.0,12300000.0
1675,423,3.0,3,1.0,1.0,1.0,1.0,1.0,12300000.0
1260,435,2.0,3,0.0,0.0,0.0,0.0,0.0,5500000.0
1105,435,2.0,3,0.0,0.0,0.0,0.0,0.0,3700000.0
1675,423,3.0,3,1.0,1.0,1.0,1.0,1.0,12300000.0
1675,423,3.0,3,1.0,1.0,1.0,1.0,1.0,12300000.0
1675,423,3.0,3,1.0,1.0,1.0,1.0,1.0,12300000.0
1675,423,3.0,3,1.0,1.0,1.0,1.0,1.0,12300000.0
1200,435,2.0,3,0.0,0.0,0.0,0.0,0.0,4850000.0
1200,435,2.0,3,0.0,0.0,0.0,0.0,0.0,4850000.0
1200,435,2.0,3,0.0,0.0,0.0,0.0,0.0,4850000.0
1200,435,2.0,3,0.0,0.0,0.0,0.0,0.0,4850000.0
1200,435,2.0,3,0.0,0.0,0.0,0.0,0.0,4850000.0
900,76,2.0,3,0.0,0.0,0.0,0.0,0.0,4500000.0
1710,355,3.0,3,0.0,0.0,0.0,0.0,0.0,7600000.0
1242,632,3.0,3,0.0,0.0,0.0,1.0,0.0,8600000.0
1705,355,3.0,3,0.0,0.0,0.0,0.0,0.0,7500000.0
1050,355,2.0,3,0.0,0.0,0.0,0.0,0.0,5200000.0
1225,377,3.0,3,0.0,0.0,0.0,1.0,0.0,5700000.0
1555,170,3.0,3,0.0,1.0,0.0,1.0,0.0,6931000.0
1675,690,3.0,3,0.0,0.0,0.0,1.0,0.0,10800000.0
1695,320,3.0,3,0.0,0.0,0.0,1.0,0.0,10900000.0
1945,294,3.0,3,0.0,1.0,1.0,0.0,1.0,13000000.0
1000,435,2.0,3,0.0,0.0,0.0,1.0,0.0,3650000.0
1150,210,2.0,3,0.0,0.0,0.0,1.0,0.0,8625000.0
1330,302,3.0,3,0.0,0.0,0.0,1.0,0.0,7500000.0
2250,303,3.0,3,0.0,0.0,0.0,0.0,0.0,20000000.0
2240,645,3.0,3,0.0,0.0,0.0,0.0,0.0,10000000.0
4500,68,4.0,3,1.0,1.0,1.0,1.0,1.0,45000000.0
4500,68,4.0,3,1.0,1.0,1.0,1.0,1.0,45000000.0
4500,68,4.0,3,1.0,1.0,1.0,1.0,1.0,45000000.0
800,170,2.0,3,0.0,0.0,0.0,0.0,0.0,3300000.0
800,170,2.0,3,0.0,0.0,0.0,0.0,0.0,3300000.0
800,170,2.0,3,0.0,0.0,0.0,0.0,0.0,3300000.0
800,170,2.0,3,0.0,0.0,0.0,0.0,0.0,3300000.0
1150,108,2.0,3,0.0,0.0,0.0,1.0,0.0,5635000.0
1840,414,3.0,3,0.0,1.0,0.0,1.0,1.0,12900000.0
1560,183,3.0,3,0.0,0.0,0.0,1.0,0.0,7800000.0
1300,606,2.0,3,0.0,0.0,0.0,1.0,0.0,6300000.0
3200,629,4.0,3,0.0,1.0,0.0,1.0,1.0,28000000.0
2950,68,3.0,3,0.0,0.0,0.0,1.0,0.0,30000000.0
2950,68,3.0,3,0.0,0.0,0.0,0.0,0.0,30000000.0
1699,169,4.0,3,0.0,1.0,0.0,1.0,1.0,12500000.0
1254,407,2.0,3,1.0,0.0,1.0,1.0,1.0,6583000.0
1710,407,3.0,3,1.0,0.0,1.0,1.0,1.0,8977000.0
4067,320,4.0,3,1.0,1.0,1.0,1.0,1.0,35500000.0
1320,668,2.0,3,0.0,1.0,1.0,1.0,1.0,7500000.0
1605,485,3.0,3,0.0,0.0,0.0,1.0,0.0,7000000.0
2120,338,3.0,3,0.0,0.0,0.0,1.0,0.0,14500000.0
1860,411,3.0,3,1.0,1.0,1.0,1.0,1.0,13500000.0
1860,411,3.0,3,0.0,1.0,0.0,1.0,1.0,13500000.0
1550,386,3.0,3,0.0,0.0,0.0,1.0,0.0,8990000.0
3090,210,4.0,3,1.0,1.0,1.0,1.0,1.0,27500000.0
6718,169,5.0,3,1.0,1.0,1.0,1.0,1.0,66400000.0
1195,303,2.0,3,1.0,1.0,1.0,1.0,1.0,7500000.0
1230,2,3.0,3,0.0,0.0,0.0,0.0,0.0,5700000.0
2956,68,4.0,3,0.0,0.0,0.0,0.0,0.0,33000000.0
2956,68,4.0,3,0.0,0.0,0.0,0.0,0.0,33000000.0
1076,327,2.0,3,0.0,0.0,0.0,1.0,0.0,5500000.0
842,90,2.0,3,0.0,1.0,0.0,1.0,1.0,3578000.0
1200,386,2.0,3,0.0,0.0,0.0,0.0,0.0,7800000.0
4500,245,4.0,3,0.0,0.0,0.0,0.0,0.0,52000000.0
4500,245,4.0,3,0.0,0.0,0.0,0.0,0.0,52000000.0
3600,245,4.0,3,0.0,0.0,0.0,0.0,0.0,40000000.0
3600,245,4.0,3,0.0,0.0,0.0,0.0,0.0,40000000.0
3500,68,3.0,3,0.0,0.0,0.0,0.0,0.0,36700000.0
3500,68,3.0,3,0.0,1.0,0.0,1.0,1.0,36700000.0
1150,338,2.0,3,0.0,0.0,0.0,1.0,0.0,8600000.0
1150,210,2.0,3,0.0,0.0,0.0,0.0,0.0,9000000.0
1150,210,2.0,3,0.0,0.0,0.0,1.0,0.0,9000000.0
1245,414,2.0,3,1.0,1.0,1.0,1.0,1.0,9877000.0
1600,414,3.0,3,1.0,1.0,1.0,1.0,1.0,13000000.0
2270,414,3.0,3,1.0,1.0,1.0,1.0,1.0,18800000.0
1200,361,2.0,3,1.0,0.0,0.0,1.0,0.0,6000000.0
1418,485,3.0,3,0.0,0.0,0.0,1.0,0.0,7000000.0
1920,386,3.0,3,0.0,1.0,0.0,1.0,1.0,9984000.0
1925,386,3.0,3,0.0,1.0,0.0,1.0,1.0,10000000.0
1905,386,3.0,3,0.0,1.0,0.0,1.0,1.0,9906000.0
850,169,2.0,3,0.0,0.0,0.0,1.0,0.0,5500000.0
1940,435,3.0,3,0.0,0.0,0.0,0.0,0.0,8000000.0
1150,210,2.0,3,0.0,0.0,0.0,1.0,0.0,8600000.0
1730,320,3.0,3,0.0,0.0,0.0,0.0,0.0,11100000.0
1730,320,3.0,3,0.0,0.0,0.0,1.0,0.0,11100000.0
1050,377,2.0,3,0.0,0.0,0.0,1.0,0.0,4200000.0
1050,377,2.0,3,0.0,0.0,0.0,0.0,0.0,4200000.0
1908,303,3.0,3,0.0,1.0,0.0,1.0,1.0,14500000.0
1090,320,2.0,3,0.0,0.0,0.0,1.0,0.0,7098999.000000001
1905,53,3.0,3,0.0,1.0,1.0,1.0,1.0,8953000.0
1675,53,3.0,3,0.0,1.0,1.0,1.0,1.0,7872000.0
1615,53,3.0,3,0.0,1.0,1.0,1.0,1.0,7590000.000000001
1160,53,2.0,3,0.0,1.0,1.0,1.0,1.0,5452000.0
1800,53,3.0,3,0.0,1.0,1.0,1.0,1.0,8459000.0
1200,53,2.0,3,0.0,1.0,1.0,1.0,1.0,5640000.0
908,357,2.0,3,0.0,0.0,0.0,0.0,0.0,4500000.0
1100,320,2.0,3,0.0,0.0,0.0,0.0,0.0,4830000.0
1380,377,2.0,3,0.0,0.0,0.0,0.0,0.0,4900000.0
970,210,2.0,3,0.0,0.0,0.0,1.0,1.0,6000000.0
1160,357,2.0,3,0.0,0.0,0.0,0.0,0.0,4500000.0
840,368,2.0,3,0.0,0.0,0.0,0.0,0.0,4299000.0
1100,716,2.0,3,0.0,0.0,0.0,0.0,0.0,4750000.0
931,340,2.0,3,1.0,0.0,0.0,1.0,0.0,4200000.0
1670,245,3.0,3,0.0,0.0,0.0,0.0,0.0,12500000.0
2000,320,3.0,3,1.0,1.0,1.0,1.0,1.0,12000000.0
2000,320,3.0,3,1.0,1.0,1.0,1.0,1.0,12000000.0
1554,386,3.0,3,0.0,0.0,0.0,0.0,0.0,8298999.000000001
1650,386,3.0,3,0.0,0.0,0.0,0.0,0.0,8898000.0
1554,386,3.0,3,0.0,0.0,0.0,0.0,0.0,7998999.000000001
1900,245,3.0,3,1.0,1.0,1.0,1.0,1.0,23000000.0
1900,245,3.0,3,1.0,1.0,1.0,1.0,1.0,22900000.0
1900,245,3.0,3,0.0,0.0,0.0,0.0,0.0,23000000.0
1900,245,3.0,3,1.0,1.0,1.0,1.0,1.0,23000000.0
1740,320,3.0,3,1.0,1.0,1.0,1.0,1.0,14500000.0
3145,338,3.0,3,0.0,0.0,1.0,0.0,0.0,20000000.0
963,74,2.0,3,0.0,0.0,0.0,0.0,0.0,2800000.0
909,175,3.0,3,0.0,0.0,0.0,0.0,0.0,3500000.0
850,120,2.0,3,0.0,0.0,0.0,0.0,0.0,3500000.0
1730,320,3.0,3,0.0,0.0,0.0,0.0,0.0,11399999.0
1555,170,3.0,3,0.0,0.0,0.0,0.0,0.0,6931000.0
1180,170,2.0,3,0.0,1.0,0.0,1.0,0.0,5256000.0
1675,320,3.0,3,0.0,0.0,0.0,1.0,0.0,11100000.0
845,413,2.0,3,0.0,0.0,0.0,0.0,0.0,5300000.0
1100,96,2.0,3,0.0,0.0,0.0,1.0,1.0,4500000.0
1905,413,3.0,3,0.0,0.0,0.0,1.0,0.0,14600000.0
1460,413,3.0,3,0.0,0.0,0.0,1.0,0.0,11200000.0
1460,413,3.0,3,0.0,0.0,0.0,0.0,0.0,11200000.0
1175,355,2.0,3,0.0,0.0,0.0,0.0,0.0,4200000.0
1360,300,2.0,3,1.0,1.0,1.0,1.0,1.0,4900000.0
1220,303,2.0,3,1.0,1.0,1.0,1.0,1.0,7554000.000000001
1885,303,3.0,3,1.0,1.0,1.0,1.0,1.0,11399999.0
1165,303,2.0,3,1.0,1.0,1.0,1.0,1.0,7240000.000000001
1295,245,2.0,3,0.0,0.0,0.0,0.0,0.0,9600000.0
1295,245,2.0,3,0.0,0.0,0.0,0.0,0.0,9600000.0
1295,245,2.0,3,0.0,0.0,0.0,0.0,0.0,9600000.0
1295,245,2.0,3,0.0,0.0,0.0,0.0,0.0,9600000.0
1295,245,2.0,3,0.0,0.0,0.0,0.0,0.0,9600000.0
1295,245,2.0,3,0.0,0.0,0.0,0.0,0.0,10200000.0
1670,245,3.0,3,0.0,0.0,0.0,0.0,0.0,12500000.0
1670,245,3.0,3,0.0,0.0,0.0,0.0,0.0,12500000.0
1200,65,2.0,3,0.0,0.0,0.0,0.0,0.0,4800000.0
1200,65,2.0,3,0.0,0.0,0.0,0.0,0.0,4800000.0
1670,245,3.0,3,0.0,0.0,0.0,0.0,0.0,12500000.0
2460,414,3.0,3,1.0,1.0,1.0,1.0,1.0,16800000.0
1040,533,2.0,3,0.0,0.0,0.0,1.0,1.0,4000000.0
1107,74,2.0,3,0.0,0.0,0.0,1.0,1.0,3600000.0
1050,76,2.0,3,0.0,0.0,0.0,0.0,0.0,6000000.0
1050,76,2.0,3,0.0,0.0,0.0,1.0,1.0,6000000.0
2900,68,3.0,3,0.0,1.0,0.0,1.0,1.0,33300000.0
1150,210,2.0,3,0.0,0.0,0.0,1.0,0.0,8625000.0
1040,533,2.0,3,0.0,0.0,0.0,1.0,1.0,4000000.0
1107,74,2.0,3,0.0,0.0,0.0,1.0,1.0,3600000.0
850,74,2.0,3,0.0,0.0,0.0,1.0,1.0,4000000.0
1050,76,2.0,3,0.0,0.0,0.0,0.0,0.0,6000000.0
1050,76,2.0,3,0.0,0.0,0.0,1.0,1.0,6000000.0
1080,74,2.0,3,0.0,0.0,0.0,1.0,1.0,3500000.0
1080,74,2.0,3,0.0,0.0,0.0,0.0,0.0,3500000.0
1100,88,2.0,3,0.0,0.0,0.0,0.0,0.0,2300000.0
1100,88,2.0,3,0.0,0.0,0.0,0.0,1.0,2300000.0
1745,629,3.0,3,1.0,0.0,0.0,0.0,0.0,12000000.0
970,407,2.0,3,0.0,0.0,0.0,0.0,0.0,2500000.0
1090,320,2.0,3,1.0,1.0,1.0,1.0,1.0,5777000.0
1435,320,3.0,3,0.0,1.0,0.0,1.0,1.0,7605000.0
684,74,1.0,3,0.0,0.0,0.0,0.0,1.0,2600000.0
1040,74,2.0,3,0.0,0.0,0.0,1.0,1.0,4500000.0
850,74,2.0,3,0.0,0.0,0.0,1.0,1.0,3000000.0
1150,74,2.0,3,0.0,0.0,0.0,1.0,1.0,3200000.0
1605,428,3.0,3,0.0,0.0,0.0,1.0,0.0,7000000.0
850,74,2.0,3,0.0,0.0,0.0,1.0,1.0,3000000.0
1150,74,2.0,3,0.0,0.0,0.0,1.0,1.0,3200000.0
1605,428,3.0,3,0.0,0.0,0.0,1.0,0.0,7000000.0
1000,357,2.0,3,0.0,0.0,0.0,1.0,1.0,5500000.0
1090,320,2.0,3,1.0,1.0,1.0,1.0,1.0,5777000.0
1435,320,3.0,3,0.0,1.0,0.0,1.0,1.0,7605000.0
1635,407,3.0,3,1.0,1.0,1.0,1.0,1.0,8502000.0
1585,407,3.0,3,1.0,1.0,1.0,1.0,1.0,8242000.0
1000,18,2.0,3,0.0,0.0,0.0,0.0,1.0,3400000.0
1035,169,2.0,3,1.0,1.0,1.0,1.0,1.0,9500000.0
1000,197,2.0,3,1.0,0.0,0.0,1.0,1.0,5000000.0
1260,533,2.0,3,0.0,0.0,0.0,1.0,1.0,4788000.0
950,74,2.0,3,0.0,0.0,0.0,0.0,1.0,2880000.0
850,169,2.0,3,0.0,0.0,0.0,1.0,0.0,5500000.0
1260,414,2.0,3,1.0,1.0,1.0,1.0,1.0,8500000.0
1050,533,2.0,3,0.0,0.0,0.0,1.0,1.0,5500000.0
1250,53,2.0,3,1.0,1.0,1.0,1.0,1.0,4400000.0
1908,303,3.0,3,0.0,1.0,0.0,1.0,1.0,14000000.0
1555,170,3.0,3,0.0,0.0,0.0,0.0,0.0,6931000.0
1720,423,3.0,3,1.0,1.0,1.0,1.0,1.0,12000000.0
1327,498,3.0,3,1.0,1.0,1.0,1.0,1.0,7540000.000000001
1110,498,3.0,3,1.0,1.0,1.0,1.0,1.0,6290000.0
941,498,2.0,3,1.0,1.0,1.0,1.0,1.0,5290000.0
1200,88,2.0,3,0.0,0.0,0.0,1.0,1.0,5580000.0
1200,361,1.0,3,0.0,1.0,0.0,1.0,1.0,4300000.0
1390,678,3.0,3,0.0,0.0,0.0,1.0,1.0,5560000.0
540,21,1.0,3,0.0,0.0,0.0,0.0,0.0,2400000.0
1717,169,2.0,3,1.0,1.0,1.0,1.0,1.0,12500000.0
1717,169,2.0,3,1.0,1.0,1.0,1.0,1.0,12500000.0
900,377,2.0,3,0.0,0.0,0.0,1.0,1.0,3570000.0000000005
2150,65,3.0,3,1.0,1.0,1.0,1.0,1.0,12600000.0
810,393,2.0,3,1.0,0.0,0.0,1.0,1.0,4800000.0
1985,65,3.0,3,1.0,1.0,1.0,1.0,1.0,11600000.0
1555,303,3.0,3,1.0,1.0,1.0,1.0,1.0,9563000.0
810,393,2.0,3,1.0,0.0,0.0,1.0,1.0,4800000.0
1985,65,3.0,3,1.0,1.0,1.0,1.0,1.0,11600000.0
1555,303,3.0,3,1.0,1.0,1.0,1.0,1.0,9563000.0
1050,377,2.0,3,0.0,0.0,0.0,0.0,1.0,3600000.0
1014,357,2.0,3,0.0,0.0,0.0,1.0,1.0,4500000.0
1085,300,2.0,3,1.0,1.0,1.0,1.0,1.0,3900000.0
1100,300,2.0,3,0.0,1.0,0.0,1.0,1.0,5800000.0
1050,435,2.0,3,0.0,0.0,0.0,0.0,0.0,3500000.0
1050,435,2.0,3,0.0,0.0,0.0,0.0,1.0,3500000.0
1860,320,3.0,3,1.0,1.0,1.0,1.0,1.0,11399999.0
1860,320,3.0,3,1.0,1.0,1.0,1.0,1.0,11399999.0
3000,68,3.0,3,0.0,1.0,0.0,1.0,0.0,35000000.0
3000,68,3.0,3,0.0,0.0,0.0,0.0,0.0,35000000.0
955,411,2.0,3,1.0,1.0,0.0,1.0,1.0,4500000.0
1155,171,2.0,3,1.0,1.0,1.0,1.0,1.0,4500000.0
1120,435,2.0,3,0.0,0.0,0.0,0.0,1.0,3500000.0
850,435,2.0,3,0.0,0.0,0.0,0.0,1.0,3500000.0
1000,252,2.0,3,0.0,0.0,0.0,0.0,1.0,3800000.0
1000,252,2.0,3,0.0,0.0,0.0,0.0,0.0,3800000.0
1000,252,2.0,3,0.0,0.0,0.0,0.0,0.0,3800000.0
1000,252,2.0,3,0.0,0.0,0.0,0.0,0.0,3800000.0
1000,252,2.0,3,0.0,0.0,0.0,0.0,0.0,3800000.0
966,423,2.0,3,0.0,0.0,0.0,0.0,0.0,3960000.0
1000,252,2.0,3,0.0,0.0,0.0,0.0,0.0,3800000.0
1000,252,2.0,3,0.0,0.0,0.0,0.0,0.0,3800000.0
1050,377,2.0,3,0.0,0.0,0.0,1.0,1.0,4100000.0
1575,14,3.0,3,0.0,0.0,0.0,1.0,1.0,5500000.0
1700,405,3.0,3,0.0,0.0,0.0,1.0,0.0,9600000.0
1700,405,3.0,3,0.0,0.0,0.0,1.0,0.0,9600000.0
1535,482,3.0,3,0.0,0.0,0.0,1.0,0.0,6795000.0
940,435,2.0,3,0.0,0.0,0.0,0.0,1.0,3600000.0
1060,435,2.0,3,0.0,0.0,0.0,0.0,1.0,3400000.0
1015,435,2.0,3,0.0,0.0,0.0,0.0,0.0,3500000.0
1015,435,2.0,3,0.0,0.0,0.0,0.0,1.0,3500000.0
1600,423,3.0,3,0.0,0.0,0.0,1.0,1.0,5000000.0
1150,303,2.0,3,0.0,0.0,0.0,1.0,0.0,7000000.0
1500,423,2.0,3,0.0,0.0,0.0,1.0,1.0,5500000.0
1000,435,2.0,3,0.0,0.0,0.0,0.0,1.0,3870000.0000000005
1208,300,2.0,3,0.0,0.0,0.0,1.0,1.0,5800000.0
1150,303,2.0,3,0.0,0.0,0.0,1.0,0.0,7000000.0
1500,423,2.0,3,0.0,0.0,0.0,1.0,1.0,5500000.0
1700,320,3.0,3,0.0,0.0,0.0,1.0,0.0,11299999.0
1170,368,2.0,3,0.0,0.0,0.0,1.0,1.0,4500000.0
1090,320,2.0,3,0.0,0.0,0.0,0.0,0.0,7317000.0
1090,320,2.0,3,0.0,0.0,0.0,1.0,0.0,7317000.0
1050,435,2.0,3,0.0,0.0,0.0,0.0,1.0,3800000.0
1425,355,3.0,3,0.0,0.0,0.0,1.0,1.0,4850000.0
1060,90,2.0,3,0.0,0.0,0.0,0.0,1.0,4010000.0
1130,53,2.0,3,0.0,0.0,0.0,0.0,1.0,3550000.0
930,435,2.0,3,0.0,0.0,0.0,0.0,1.0,3300000.0
1085,435,2.0,3,0.0,0.0,0.0,0.0,1.0,3500000.0
1120,435,2.0,3,0.0,0.0,0.0,0.0,0.0,4600000.0
1506,36,2.0,3,0.0,0.0,0.0,0.0,0.0,8500000.0
1506,36,2.0,3,0.0,1.0,0.0,1.0,1.0,8500000.0
1650,407,3.0,3,0.0,0.0,1.0,0.0,1.0,5500000.0
1650,407,3.0,3,0.0,0.0,1.0,1.0,1.0,5500000.0
1200,435,2.0,3,0.0,1.0,0.0,0.0,1.0,3900000.0
1145,14,2.0,3,0.0,0.0,0.0,1.0,1.0,4580000.0
1875,294,3.0,3,1.0,1.0,1.0,1.0,1.0,10800000.0
2540,294,3.0,3,1.0,1.0,1.0,1.0,1.0,15200000.0
2630,294,4.0,3,1.0,1.0,1.0,1.0,1.0,15200000.0
1145,14,2.0,3,0.0,0.0,0.0,1.0,1.0,4580000.0
2450,303,3.0,3,0.0,0.0,0.0,1.0,0.0,15000000.0
1425,14,3.0,3,0.0,0.0,0.0,1.0,1.0,5700000.0
1720,377,3.0,3,0.0,0.0,0.0,1.0,0.0,7200000.0
2405,414,3.0,3,0.0,1.0,0.0,1.0,1.0,20000000.0
1725,108,3.0,3,0.0,0.0,0.0,1.0,0.0,8797000.0
1730,320,3.0,3,0.0,0.0,0.0,1.0,0.0,10500000.0
4070,338,4.0,3,1.0,1.0,1.0,1.0,1.0,43000000.0
2000,386,3.0,3,1.0,1.0,1.0,1.0,1.0,10000000.0
1295,303,2.0,3,1.0,1.0,1.0,1.0,1.0,10000000.0
1490,303,3.0,3,1.0,1.0,1.0,1.0,1.0,12000000.0
1905,386,3.0,3,0.0,0.0,0.0,0.0,0.0,10700000.0
1905,386,3.0,3,0.0,1.0,0.0,1.0,1.0,10700000.0
1525,303,3.0,3,0.0,0.0,0.0,1.0,0.0,7900000.0
1120,361,2.0,3,0.0,0.0,0.0,0.0,0.0,4900000.0
1080,488,3.0,3,0.0,0.0,0.0,0.0,0.0,3800000.0
2700,361,3.0,3,0.0,0.0,0.0,0.0,0.0,13500000.0
1755,423,3.0,3,0.0,0.0,0.0,0.0,0.0,10000000.0
1755,423,3.0,3,0.0,1.0,0.0,1.0,1.0,10000000.0
1216,485,2.0,3,0.0,0.0,0.0,1.0,0.0,6200000.0
1210,411,2.0,3,0.0,0.0,0.0,1.0,0.0,7000000.0
1525,303,3.0,3,0.0,0.0,0.0,0.0,0.0,7900000.0
1340,485,2.0,3,0.0,1.0,0.0,1.0,1.0,6700000.0
1216,485,2.0,3,0.0,0.0,0.0,1.0,0.0,6200000.0
1725,108,2.0,3,0.0,0.0,0.0,1.0,0.0,8452000.0
2070,68,3.0,3,0.0,1.0,0.0,1.0,1.0,20000000.0
3025,68,4.0,3,0.0,1.0,0.0,1.0,1.0,30200000.0
1670,245,3.0,3,0.0,0.0,0.0,1.0,0.0,12500000.0
1150,158,2.0,3,0.0,0.0,0.0,0.0,0.0,8200000.0
1150,303,2.0,3,0.0,0.0,0.0,1.0,0.0,6900000.0
1600,423,3.0,3,0.0,0.0,0.0,0.0,0.0,9026000.0
2786,423,3.0,3,0.0,1.0,0.0,1.0,1.0,18200000.0
1525,303,3.0,3,0.0,0.0,0.0,0.0,0.0,8500000.0
1555,170,3.0,3,0.0,1.0,0.0,1.0,0.0,6531000.0
1315,303,2.0,3,1.0,1.0,1.0,1.0,1.0,8095000.0
2050,303,3.0,3,0.0,1.0,0.0,1.0,1.0,14000000.0
1675,320,3.0,3,0.0,0.0,0.0,1.0,0.0,10200000.0
1725,171,3.0,3,0.0,1.0,0.0,1.0,1.0,10000000.0
1770,303,3.0,3,1.0,1.0,1.0,1.0,1.0,10700000.0
3200,245,3.0,3,0.0,0.0,0.0,1.0,0.0,24000000.0
1900,245,3.0,3,0.0,0.0,0.0,1.0,0.0,22000000.0
1880,303,3.0,3,0.0,1.0,0.0,1.0,1.0,21400000.0
2050,303,3.0,3,0.0,1.0,0.0,1.0,1.0,16000000.0
3600,414,3.0,3,1.0,1.0,1.0,1.0,1.0,36500000.0
2665,171,3.0,3,0.0,1.0,0.0,1.0,1.0,15000000.0
1216,320,2.0,3,0.0,1.0,0.0,1.0,1.0,8500000.0
3031,68,4.0,3,0.0,1.0,0.0,1.0,1.0,28000000.0
2220,294,3.0,3,0.0,1.0,0.0,1.0,1.0,15500000.0
3448,169,3.0,3,0.0,1.0,0.0,1.0,1.0,32500000.0
3015,338,3.0,3,0.0,1.0,0.0,1.0,1.0,20700000.0
1430,169,3.0,3,0.0,1.0,0.0,1.0,1.0,10500000.0
2007,3,5.0,3,0.0,0.0,0.0,0.0,0.0,28000000.0
1695,320,3.0,3,0.0,0.0,0.0,1.0,0.0,10300000.0
1815,303,3.0,3,1.0,1.0,1.0,1.0,1.0,11000000.0
1630,303,3.0,3,1.0,1.0,1.0,1.0,1.0,9991000.0
1620,108,3.0,3,0.0,0.0,0.0,0.0,0.0,8014000.0
1200,290,2.0,3,0.0,0.0,0.0,0.0,0.0,4000000.0
1650,704,2.0,3,0.0,0.0,0.0,1.0,0.0,12500000.0
1550,320,3.0,3,0.0,0.0,0.0,1.0,0.0,8925000.0
1535,303,3.0,3,1.0,1.0,1.0,1.0,1.0,9296000.0
1165,303,2.0,3,1.0,1.0,1.0,1.0,1.0,7598999.000000001
1400,355,3.0,3,0.0,0.0,0.0,0.0,0.0,8500000.0
2600,629,3.0,3,0.0,0.0,0.0,1.0,0.0,20000000.0
1100,386,2.0,3,0.0,0.0,0.0,1.0,0.0,5250000.0
1010,355,2.0,3,0.0,0.0,0.0,0.0,0.0,4000000.0
1195,303,2.0,3,1.0,1.0,1.0,1.0,1.0,7500000.0
970,320,2.0,3,1.0,1.0,1.0,1.0,1.0,5253000.0
1050,300,2.0,3,0.0,0.0,0.0,0.0,0.0,5800000.0
1130,14,2.0,3,0.0,0.0,0.0,0.0,0.0,5085000.0
2300,90,3.0,3,0.0,0.0,0.0,0.0,0.0,12000000.0
1015,14,2.0,3,0.0,0.0,0.0,0.0,0.0,3500000.0
2960,610,4.0,3,0.0,1.0,1.0,1.0,1.0,25500000.0
1190,357,2.0,3,0.0,1.0,0.0,1.0,1.0,6500000.0
1190,357,2.0,3,0.0,1.0,0.0,1.0,1.0,6000000.0
1340,485,2.0,3,1.0,1.0,0.0,1.0,1.0,6700000.0
1875,610,3.0,3,1.0,1.0,1.0,1.0,1.0,16000000.0
1900,245,3.0,3,1.0,1.0,1.0,1.0,1.0,23000000.0
1920,704,4.0,3,0.0,0.0,0.0,1.0,0.0,19500000.0
1330,14,2.0,3,0.0,0.0,0.0,1.0,1.0,5320000.0
2350,210,3.0,3,1.0,1.0,1.0,1.0,1.0,19500000.0
1120,482,2.0,3,0.0,0.0,0.0,1.0,0.0,4800000.0
1924,338,3.0,3,0.0,0.0,0.0,0.0,0.0,13000000.0
1575,632,3.0,3,0.0,0.0,0.0,1.0,0.0,10200000.0
2350,210,3.0,3,1.0,1.0,1.0,1.0,1.0,19500000.0
3000,142,4.0,3,0.0,0.0,0.0,1.0,0.0,20000000.0
1350,487,3.0,3,0.0,0.0,0.0,0.0,0.0,5900000.0
1580,485,3.0,3,0.0,0.0,0.0,1.0,0.0,8500000.0
1200,355,2.0,3,0.0,0.0,0.0,0.0,0.0,6000000.0
1050,170,2.0,3,0.0,0.0,0.0,1.0,0.0,4710000.0
1090,320,2.0,3,0.0,0.0,0.0,1.0,0.0,7317000.0
1730,320,3.0,3,0.0,0.0,0.0,1.0,0.0,11399999.0
1535,303,3.0,3,1.0,1.0,1.0,1.0,1.0,9449000.0
1700,320,3.0,3,0.0,0.0,0.0,1.0,0.0,11299999.0
1050,14,2.0,3,0.0,0.0,0.0,0.0,0.0,4000000.0
1300,14,2.0,3,0.0,0.0,0.0,0.0,0.0,5450000.0
1770,303,3.0,3,1.0,1.0,1.0,1.0,1.0,10600000.0
1050,14,2.0,3,0.0,0.0,0.0,0.0,0.0,4000000.0
1300,14,2.0,3,0.0,0.0,0.0,0.0,0.0,5450000.0
1770,303,3.0,3,1.0,1.0,1.0,1.0,1.0,10600000.0
1430,300,3.0,3,0.0,0.0,0.0,0.0,0.0,7500000.0
1800,320,3.0,3,0.0,0.0,0.0,1.0,0.0,12400000.0
1530,14,3.0,3,0.0,0.0,0.0,0.0,0.0,7800000.0
1000,386,2.0,3,0.0,0.0,0.0,1.0,0.0,4800000.0
1905,320,3.0,3,1.0,1.0,1.0,1.0,1.0,9525000.0
1885,303,3.0,3,0.0,0.0,0.0,0.0,0.0,12200000.0
1885,303,3.0,3,0.0,0.0,0.0,0.0,0.0,12300000.0
1885,303,3.0,3,0.0,0.0,0.0,1.0,0.0,12300000.0
1560,391,3.0,3,0.0,0.0,0.0,0.0,0.0,8800000.0
1190,197,2.0,3,0.0,0.0,0.0,1.0,0.0,6798999.000000001
1450,320,3.0,3,1.0,1.0,1.0,1.0,1.0,9300000.0
1450,320,3.0,3,1.0,1.0,1.0,1.0,1.0,9300000.0
1050,170,2.0,3,0.0,1.0,0.0,1.0,0.0,4710000.0
1875,303,3.0,3,0.0,0.0,0.0,0.0,0.0,12000000.0
1555,170,3.0,3,0.0,1.0,0.0,1.0,0.0,6931000.0
900,521,2.0,3,0.0,0.0,0.0,0.0,0.0,3499000.0
1418,485,3.0,3,0.0,0.0,0.0,1.0,0.0,7100000.0
1418,485,3.0,3,0.0,0.0,0.0,1.0,0.0,7100000.0
1125,435,2.0,3,0.0,0.0,0.0,1.0,1.0,4800000.0
1515,435,3.0,3,0.0,0.0,0.0,1.0,1.0,5500000.0
1600,606,3.0,3,0.0,1.0,0.0,1.0,1.0,7500000.0
1260,606,2.0,3,0.0,1.0,0.0,1.0,1.0,5600000.0
2848,169,4.0,3,0.0,1.0,0.0,1.0,0.0,19400000.0
1492,169,2.0,3,0.0,1.0,0.0,1.0,0.0,9908000.0
1283,169,2.0,3,0.0,1.0,0.0,1.0,0.0,8126000.000000001
1410,169,2.0,3,0.0,1.0,0.0,1.0,0.0,9110000.0
2000,303,3.0,3,0.0,1.0,0.0,1.0,1.0,14000000.0
1463,361,3.0,3,0.0,0.0,0.0,1.0,0.0,7000000.0
1730,320,3.0,3,0.0,0.0,0.0,1.0,0.0,11399999.0
1600,303,3.0,3,0.0,0.0,0.0,0.0,0.0,8500000.0
2600,361,3.0,3,0.0,0.0,0.0,0.0,0.0,17000000.0
840,704,1.0,3,0.0,0.0,0.0,1.0,0.0,2500000.0
1725,361,3.0,3,0.0,0.0,0.0,1.0,0.0,8600000.0
1980,68,3.0,3,1.0,1.0,0.0,1.0,1.0,17800000.0
2085,68,3.0,3,1.0,1.0,0.0,1.0,1.0,18700000.0
2580,68,3.0,3,1.0,1.0,0.0,1.0,1.0,23200000.0
2185,68,3.0,3,1.0,1.0,0.0,1.0,1.0,19600000.0
1920,68,3.0,3,1.0,1.0,0.0,1.0,1.0,17200000.0
2210,68,3.0,3,1.0,1.0,0.0,1.0,1.0,19800000.0
1111,488,3.0,3,0.0,0.0,0.0,1.0,0.0,4500000.0
1161,435,2.0,3,0.0,0.0,0.0,1.0,0.0,4031000.0
1500,521,3.0,3,0.0,0.0,0.0,1.0,0.0,6399000.0
1500,521,3.0,3,0.0,0.0,0.0,1.0,0.0,6399000.0
2021,485,2.0,3,0.0,0.0,0.0,1.0,0.0,8000000.0
1300,361,3.0,3,0.0,0.0,0.0,1.0,0.0,5200000.0
1000,355,2.0,3,0.0,0.0,0.0,1.0,0.0,4000000.0
1060,158,2.0,3,0.0,0.0,0.0,1.0,0.0,7200000.0
9400,320,8.0,3,1.0,1.0,1.0,1.0,1.0,80000000.0
950,435,2.0,3,0.0,0.0,0.0,0.0,0.0,3200000.0
1350,269,3.0,3,0.0,0.0,0.0,1.0,0.0,3800000.0
1600,407,3.0,3,0.0,0.0,0.0,1.0,0.0,6000000.0
1000,405,2.0,3,0.0,0.0,0.0,1.0,0.0,3500000.0
1450,405,3.0,3,0.0,0.0,0.0,1.0,0.0,5000000.0
1050,269,2.0,3,0.0,0.0,0.0,1.0,0.0,2800000.0
1150,357,2.0,3,0.0,0.0,0.0,1.0,0.0,3600000.0
1900,357,3.0,3,0.0,0.0,0.0,1.0,0.0,8000000.0
1465,435,3.0,3,0.0,0.0,0.0,1.0,0.0,5034000.0
1228,435,2.0,3,0.0,0.0,0.0,1.0,0.0,4252000.0
1165,435,2.0,3,0.0,0.0,0.0,1.0,0.0,4044000.0
1106,435,2.0,3,0.0,0.0,0.0,1.0,0.0,3849000.0
1315,357,3.0,3,0.0,0.0,0.0,1.0,0.0,3500000.0
3200,704,3.0,3,0.0,0.0,0.0,1.0,0.0,20000000.0
1250,405,3.0,3,0.0,0.0,0.0,0.0,0.0,4800000.0
1900,357,2.0,3,0.0,0.0,0.0,1.0,0.0,8000000.0
1096,74,2.0,3,0.0,0.0,0.0,1.0,0.0,3800000.0
1765,196,3.0,3,0.0,0.0,0.0,1.0,0.0,13500000.0
2021,485,2.0,3,0.0,0.0,0.0,0.0,0.0,8000000.0
1005,251,2.0,3,0.0,0.0,0.0,1.0,0.0,2700000.0
1750,357,3.0,3,0.0,0.0,0.0,0.0,0.0,6000000.0
1100,435,2.0,3,0.0,0.0,0.0,1.0,0.0,3740000.0
1100,435,2.0,3,0.0,0.0,0.0,1.0,0.0,3740000.0
1200,435,2.0,3,0.0,0.0,0.0,1.0,0.0,5280000.0
1160,435,2.0,3,0.0,0.0,0.0,1.0,1.0,5100000.0
1060,435,2.0,3,0.0,0.0,0.0,0.0,0.0,5500000.0
1506,2,3.0,3,0.0,0.0,0.0,1.0,0.0,6000000.0
1165,435,2.0,3,0.0,0.0,0.0,1.0,0.0,4500000.0
1471,644,3.0,3,0.0,0.0,0.0,1.0,0.0,6500000.0
3200,704,3.0,3,0.0,0.0,0.0,1.0,0.0,20000000.0
1350,407,3.0,3,0.0,0.0,0.0,1.0,0.0,4500000.0
1850,355,3.0,3,0.0,0.0,0.0,0.0,0.0,10100000.0
1600,357,2.0,3,0.0,0.0,0.0,1.0,0.0,5500000.0
1250,405,3.0,3,0.0,0.0,0.0,0.0,0.0,4800000.0
1900,357,2.0,3,0.0,0.0,0.0,1.0,0.0,8000000.0
1150,357,2.0,3,0.0,0.0,0.0,1.0,0.0,3800000.0
1700,704,3.0,3,0.0,0.0,0.0,1.0,0.0,8000000.0
1765,196,3.0,3,0.0,0.0,0.0,1.0,0.0,13500000.0
1050,356,1.0,3,0.0,0.0,0.0,1.0,0.0,3000000.0
1050,435,2.0,3,0.0,0.0,0.0,1.0,0.0,3200000.0
1750,357,3.0,3,0.0,0.0,0.0,0.0,0.0,6000000.0
1150,435,2.0,3,0.0,0.0,0.0,0.0,0.0,3400000.0
990,158,2.0,3,0.0,0.0,0.0,0.0,0.0,7000000.0
1150,407,2.0,3,1.0,1.0,1.0,1.0,0.0,5000000.0
2400,68,3.0,3,1.0,1.0,1.0,1.0,1.0,22000000.0
1200,435,2.0,3,0.0,0.0,0.0,1.0,0.0,5280000.0
1060,435,2.0,3,0.0,0.0,0.0,0.0,0.0,5500000.0
1160,435,2.0,3,0.0,0.0,0.0,1.0,1.0,5100000.0
1165,435,2.0,3,0.0,0.0,0.0,1.0,0.0,4500000.0
1278,361,2.0,3,0.0,0.0,0.0,1.0,0.0,6000000.0
2021,485,2.0,3,0.0,0.0,0.0,0.0,0.0,8000000.0
1765,196,3.0,3,0.0,0.0,0.0,1.0,0.0,13500000.0
2021,485,2.0,3,0.0,0.0,0.0,0.0,0.0,8000000.0
1005,251,2.0,3,0.0,0.0,0.0,1.0,0.0,2700000.0
3180,169,3.0,3,1.0,1.0,1.0,1.0,1.0,34000000.0
3180,303,3.0,3,0.0,0.0,0.0,0.0,0.0,34000000.0
1000,435,2.0,3,0.0,0.0,0.0,1.0,0.0,3300000.0
987,158,2.0,3,0.0,0.0,0.0,0.0,0.0,6900000.0
1075,704,2.0,3,0.0,0.0,0.0,0.0,0.0,3200000.0
600,320,1.0,3,0.0,0.0,0.0,1.0,0.0,2000000.0
1400,196,3.0,3,0.0,0.0,0.0,0.0,0.0,7000000.0
1300,485,3.0,3,0.0,0.0,0.0,1.0,0.0,4600000.0
1300,485,3.0,3,0.0,0.0,0.0,1.0,0.0,4600000.0
1490,361,3.0,3,0.0,0.0,0.0,1.0,0.0,7000000.0
1275,158,2.0,3,0.0,0.0,0.0,0.0,0.0,8599000.0
1096,74,2.0,3,0.0,0.0,0.0,1.0,0.0,3800000.0
1100,435,2.0,3,0.0,0.0,0.0,1.0,0.0,3740000.0
1000,357,2.0,3,0.0,0.0,0.0,0.0,0.0,3500000.0
1050,435,2.0,3,0.0,0.0,0.0,1.0,0.0,3570000.0000000005
1100,435,2.0,3,0.0,0.0,0.0,1.0,0.0,3740000.0
1100,435,2.0,3,0.0,0.0,0.0,1.0,0.0,3740000.0
1450,91,3.0,3,0.0,0.0,0.0,0.0,0.0,3300000.0
1265,386,2.0,3,0.0,1.0,0.0,1.0,1.0,9075000.0
1945,386,3.0,3,0.0,1.0,0.0,1.0,1.0,10100000.0
1435,320,3.0,3,1.0,1.0,1.0,1.0,1.0,7962000.0
1925,386,3.0,3,0.0,1.0,0.0,1.0,1.0,12700000.0
1265,386,2.0,3,0.0,1.0,0.0,1.0,1.0,9075000.0
1905,320,3.0,3,1.0,1.0,1.0,1.0,1.0,10700000.0
1090,320,2.0,3,1.0,1.0,1.0,1.0,1.0,6168000.0
1230,320,2.0,3,1.0,1.0,1.0,1.0,1.0,6895999.000000001
1920,320,3.0,3,1.0,1.0,1.0,1.0,1.0,10700000.0
1905,386,3.0,3,0.0,1.0,0.0,1.0,1.0,10700000.0
1170,320,1.0,3,1.0,0.0,1.0,1.0,1.0,6233000.0
1385,36,2.0,3,0.0,1.0,0.0,1.0,1.0,8800000.0
1390,36,2.0,3,0.0,1.0,0.0,1.0,1.0,8998000.0
1282,36,2.0,3,0.0,1.0,0.0,1.0,1.0,7998999.000000001
1020,170,1.0,3,0.0,0.0,0.0,1.0,0.0,4284000.0
1935,25,3.0,3,0.0,1.0,0.0,1.0,1.0,10000000.0
1090,320,2.0,3,0.0,0.0,0.0,1.0,0.0,7098999.000000001
1630,303,3.0,3,0.0,1.0,0.0,1.0,1.0,9828000.0
1695,320,3.0,3,0.0,0.0,0.0,1.0,0.0,10900000.0
1282,36,2.0,3,0.0,1.0,0.0,1.0,1.0,7998999.000000001
1390,36,2.0,3,0.0,1.0,0.0,1.0,1.0,8998000.0
1385,36,2.0,3,0.0,1.0,0.0,1.0,1.0,8800000.0
1385,36,2.0,3,0.0,1.0,0.0,1.0,1.0,8800000.0
1080,74,2.0,3,0.0,0.0,0.0,1.0,0.0,3500000.0
1090,320,2.0,3,0.0,0.0,0.0,1.0,0.0,7317000.0
1700,391,2.0,3,0.0,0.0,0.0,1.0,0.0,10900000.0
1730,391,2.0,3,0.0,0.0,0.0,1.0,0.0,11100000.0
1700,320,3.0,3,0.0,0.0,0.0,1.0,0.0,10900000.0
1050,170,2.0,3,0.0,1.0,0.0,1.0,0.0,4600000.0
2400,272,4.0,3,0.0,0.0,0.0,1.0,0.0,15000000.0
1214,386,2.0,3,0.0,0.0,0.0,1.0,0.0,5500000.0
1080,74,2.0,3,0.0,0.0,0.0,1.0,0.0,3500000.0
1090,320,2.0,3,0.0,0.0,0.0,1.0,0.0,7317000.0
1840,320,3.0,3,0.0,0.0,0.0,1.0,0.0,11800000.0
2115,294,3.0,3,1.0,1.0,1.0,1.0,1.0,10500000.0
1695,320,3.0,3,0.0,0.0,0.0,1.0,0.0,11200000.0
1125,356,1.0,3,0.0,0.0,0.0,1.0,0.0,3375000.0
1170,667,2.0,3,0.0,0.0,0.0,1.0,0.0,5500000.0
1200,386,2.0,3,0.0,0.0,0.0,1.0,0.0,4200000.0
902,327,2.0,3,0.0,0.0,0.0,1.0,0.0,4700000.0
1695,320,3.0,3,0.0,0.0,0.0,1.0,0.0,10600000.0
1200,303,2.0,3,0.0,0.0,0.0,1.0,0.0,6500000.0
1490,423,3.0,3,0.0,0.0,0.0,1.0,0.0,8100000.0
1130,361,2.0,3,0.0,0.0,0.0,0.0,0.0,4500000.0
1480,485,3.0,3,0.0,0.0,0.0,1.0,0.0,8900000.0
1050,170,2.0,3,0.0,0.0,0.0,1.0,0.0,4710000.0
1925,386,3.0,3,0.0,1.0,0.0,1.0,1.0,12700000.0
1525,303,3.0,3,0.0,0.0,0.0,0.0,0.0,8700000.0
1523,116,2.0,3,0.0,0.0,0.0,0.0,0.0,6300000.0
1200,521,3.0,3,0.0,0.0,0.0,0.0,0.0,6700000.0
3233,210,4.0,3,0.0,0.0,0.0,0.0,0.0,45000000.0
1620,356,3.0,3,0.0,0.0,0.0,0.0,0.0,5000000.0
1500,252,1.0,3,0.0,0.0,0.0,1.0,0.0,10000000.0
1650,361,3.0,3,0.0,0.0,0.0,1.0,0.0,7500000.0
1908,245,3.0,3,0.0,0.0,0.0,1.0,0.0,15000000.0
1130,361,2.0,3,0.0,0.0,0.0,0.0,0.0,4500000.0
1480,485,3.0,3,0.0,0.0,0.0,1.0,0.0,8900000.0
1050,170,2.0,3,0.0,0.0,0.0,1.0,0.0,4710000.0
1548,644,3.0,3,0.0,0.0,0.0,0.0,0.0,8500000.0
1725,644,3.0,3,0.0,0.0,0.0,0.0,0.0,5499000.0
1500,644,2.0,3,0.0,0.0,0.0,0.0,0.0,7500000.0
1430,485,2.0,3,0.0,1.0,0.0,1.0,1.0,8500000.0
1294,386,2.0,3,0.0,1.0,0.0,1.0,1.0,3828000.0
1080,74,2.0,3,0.0,0.0,0.0,0.0,0.0,3500000.0
1085,74,2.0,3,0.0,0.0,0.0,1.0,0.0,3500000.0
1480,41,3.0,3,0.0,0.0,0.0,0.0,0.0,6500000.0
1920,386,3.0,3,0.0,1.0,0.0,0.0,0.0,10700000.0
1190,386,2.0,3,0.0,1.0,0.0,1.0,1.0,8573000.0
1080,74,2.0,3,0.0,0.0,0.0,0.0,0.0,3600000.0
1465,170,3.0,3,0.0,0.0,0.0,1.0,0.0,6300000.0
1190,386,2.0,3,0.0,1.0,0.0,1.0,1.0,8573000.0
1050,170,2.0,3,0.0,0.0,0.0,1.0,0.0,4600000.0
1538,645,3.0,3,1.0,1.0,1.0,1.0,1.0,8298999.000000001
1678,645,3.0,3,1.0,1.0,1.0,1.0,1.0,8800000.0
1678,645,3.0,3,1.0,1.0,1.0,1.0,1.0,8800000.0
1080,74,2.0,3,0.0,0.0,0.0,0.0,0.0,3600000.0
1080,74,2.0,3,0.0,0.0,0.0,0.0,0.0,3600000.0
1695,320,3.0,3,0.0,0.0,0.0,1.0,0.0,11200000.0
1700,208,3.0,3,0.0,0.0,0.0,0.0,0.0,13500000.0
1500,252,1.0,3,0.0,0.0,0.0,1.0,0.0,10000000.0
1650,361,3.0,3,0.0,0.0,0.0,1.0,0.0,7500000.0
1920,386,3.0,3,0.0,1.0,0.0,0.0,0.0,10700000.0
1190,386,2.0,3,0.0,1.0,0.0,1.0,1.0,8573000.0
1130,361,2.0,3,0.0,0.0,0.0,0.0,0.0,4500000.0
1480,485,3.0,3,0.0,0.0,0.0,1.0,0.0,8900000.0
2000,485,3.0,3,0.0,0.0,0.0,1.0,0.0,10000000.0
1050,170,2.0,3,0.0,0.0,0.0,1.0,0.0,4710000.0
1170,667,2.0,3,0.0,0.0,0.0,1.0,0.0,5500000.0
1548,644,3.0,3,0.0,0.0,0.0,0.0,0.0,8500000.0
1725,644,3.0,3,0.0,0.0,0.0,0.0,0.0,5499000.0
1500,644,2.0,3,0.0,0.0,0.0,0.0,0.0,7500000.0
1430,485,2.0,3,0.0,1.0,0.0,1.0,1.0,8500000.0
1080,74,2.0,3,0.0,0.0,0.0,0.0,0.0,3500000.0
1080,74,2.0,3,0.0,0.0,0.0,0.0,0.0,3500000.0
1085,74,2.0,3,0.0,0.0,0.0,1.0,0.0,3500000.0
1480,41,3.0,3,0.0,0.0,0.0,0.0,0.0,6500000.0
1525,303,2.0,3,0.0,0.0,0.0,1.0,0.0,8500000.0
1080,74,2.0,3,0.0,0.0,0.0,1.0,0.0,3500000.0
1730,320,3.0,3,0.0,0.0,0.0,1.0,0.0,11399999.0
1361,41,3.0,3,0.0,1.0,0.0,1.0,0.0,6500000.0
1265,386,2.0,3,0.0,1.0,0.0,0.0,0.0,9075000.0
1555,170,3.0,3,0.0,0.0,0.0,1.0,0.0,6600000.0
1200,303,2.0,3,0.0,0.0,0.0,1.0,0.0,6500000.0
1681,303,3.0,3,0.0,0.0,0.0,0.0,0.0,10200000.0
1250,303,2.0,3,0.0,0.0,0.0,1.0,0.0,7500000.0
1050,170,2.0,3,0.0,1.0,0.0,1.0,0.0,4500000.0
1700,610,3.0,3,0.0,1.0,0.0,1.0,1.0,11000000.0
1555,170,3.0,3,0.0,0.0,0.0,1.0,0.0,6600000.0
1170,505,2.0,3,0.0,0.0,0.0,1.0,0.0,6233000.0
1620,356,3.0,3,0.0,0.0,0.0,0.0,0.0,5000000.0
607,386,1.0,3,0.0,0.0,0.0,0.0,0.0,3000000.0
990,169,1.0,3,0.0,1.0,0.0,1.0,1.0,8000000.0
1565,667,3.0,3,0.0,0.0,0.0,0.0,0.0,6200000.0
1630,196,3.0,3,0.0,0.0,0.0,0.0,0.0,11000000.0
1100,65,2.0,3,0.0,0.0,0.0,0.0,0.0,3700000.0
1080,74,2.0,3,0.0,0.0,0.0,0.0,0.0,3500000.0
682,667,1.0,3,0.0,0.0,0.0,0.0,0.0,2700000.0
1245,644,2.0,3,0.0,0.0,0.0,0.0,0.0,7498999.000000001
1500,303,3.0,3,0.0,0.0,0.0,1.0,0.0,8500000.0
900,413,2.0,3,0.0,0.0,0.0,0.0,0.0,3000000.0
1320,716,3.0,3,0.0,0.0,0.0,1.0,0.0,6800000.0
1530,716,3.0,3,0.0,0.0,0.0,1.0,0.0,7500000.0
1190,320,2.0,3,1.0,1.0,1.0,1.0,1.0,8573000.0
1695,320,3.0,3,0.0,0.0,0.0,1.0,0.0,10600000.0
1200,303,2.0,3,0.0,0.0,0.0,1.0,0.0,6500000.0
1080,74,2.0,3,0.0,0.0,0.0,0.0,0.0,3500000.0
1080,74,2.0,3,0.0,0.0,0.0,1.0,0.0,3500000.0
1080,74,2.0,3,0.0,0.0,0.0,0.0,0.0,3500000.0
1490,423,3.0,3,0.0,0.0,0.0,1.0,0.0,8100000.0
1539,428,3.0,3,0.0,1.0,0.0,1.0,0.0,8998000.0
1641,485,2.0,3,0.0,0.0,0.0,1.0,0.0,7900000.0
1640,485,2.0,3,0.0,0.0,0.0,1.0,0.0,7900000.0
1402,485,1.0,3,0.0,0.0,0.0,1.0,0.0,6700000.0
1401,485,1.0,3,0.0,0.0,0.0,1.0,0.0,6700000.0
1925,386,3.0,3,0.0,1.0,0.0,1.0,1.0,12700000.0
1050,170,2.0,3,0.0,0.0,0.0,1.0,0.0,4600000.0
1555,170,3.0,3,0.0,0.0,0.0,1.0,0.0,6600000.0
1008,53,2.0,3,0.0,1.0,0.0,1.0,1.0,3800000.0
1080,74,2.0,3,0.0,0.0,0.0,0.0,0.0,3500000.0
1080,74,2.0,3,0.0,0.0,0.0,0.0,0.0,3500000.0
1230,320,2.0,3,1.0,1.0,1.0,1.0,1.0,6895999.000000001
1050,170,2.0,3,0.0,0.0,0.0,1.0,0.0,4600000.0
1925,386,3.0,3,0.0,1.0,0.0,1.0,1.0,12700000.0
1525,303,3.0,3,0.0,0.0,0.0,0.0,0.0,8700000.0
1523,116,2.0,3,0.0,0.0,0.0,0.0,0.0,6300000.0
1200,521,3.0,3,0.0,0.0,0.0,0.0,0.0,6700000.0
3233,210,4.0,3,0.0,0.0,0.0,0.0,0.0,45000000.0
1350,361,3.0,3,0.0,1.0,0.0,1.0,1.0,8200000.0
1188,524,2.0,3,0.0,1.0,0.0,1.0,1.0,14000000.0
1199,645,2.0,3,1.0,1.0,1.0,1.0,1.0,6200000.0
1538,169,3.0,3,0.0,0.0,0.0,0.0,0.0,8600000.0
1730,320,3.0,3,0.0,0.0,0.0,1.0,0.0,11399999.0
1080,74,2.0,3,0.0,0.0,0.0,0.0,0.0,3600000.0
1080,74,2.0,3,0.0,0.0,0.0,0.0,0.0,3600000.0
1525,303,2.0,3,0.0,0.0,0.0,1.0,0.0,8500000.0
1080,74,2.0,3,0.0,0.0,0.0,1.0,0.0,3500000.0
1115,386,2.0,3,0.0,1.0,0.0,1.0,1.0,8070000.0
1090,320,2.0,3,0.0,0.0,0.0,1.0,0.0,7317000.0
3233,210,4.0,3,0.0,0.0,0.0,0.0,0.0,45000000.0
1080,74,2.0,3,0.0,0.0,0.0,1.0,0.0,3500000.0
1568,36,3.0,3,0.0,1.0,0.0,1.0,1.0,9000000.0
1568,36,3.0,3,0.0,1.0,0.0,1.0,1.0,9000000.0
1794,36,3.0,3,0.0,1.0,0.0,1.0,1.0,10100000.0
1794,36,3.0,3,0.0,1.0,0.0,1.0,1.0,10100000.0
1350,361,3.0,3,0.0,1.0,0.0,1.0,1.0,8200000.0
1525,303,3.0,3,0.0,0.0,0.0,0.0,0.0,8500000.0
1530,361,2.0,3,0.0,0.0,0.0,1.0,0.0,7800000.0
1953,169,2.0,3,1.0,1.0,1.0,1.0,1.0,14600000.0
3434,169,4.0,3,1.0,1.0,1.0,1.0,1.0,26000000.0
1580,485,3.0,3,0.0,1.0,0.0,1.0,1.0,9800000.0
1815,303,3.0,3,0.0,1.0,0.0,1.0,1.0,10600000.0
1935,25,3.0,3,0.0,1.0,0.0,1.0,1.0,10000000.0
1905,25,3.0,3,0.0,1.0,0.0,1.0,1.0,9906000.0
1695,391,2.0,3,0.0,0.0,0.0,1.0,0.0,10900000.0
1090,391,1.0,3,0.0,0.0,0.0,1.0,0.0,7098999.000000001
1555,170,2.0,3,0.0,0.0,0.0,1.0,0.0,5909000.0
1265,25,2.0,3,0.0,1.0,0.0,1.0,1.0,7843000.000000001
1490,423,3.0,3,0.0,0.0,0.0,1.0,0.0,8100000.0
1115,386,2.0,3,0.0,1.0,0.0,1.0,1.0,7581999.0
1555,170,3.0,3,0.0,1.0,0.0,1.0,0.0,6600000.0
1390,36,2.0,3,0.0,1.0,0.0,1.0,1.0,9000000.0
1799,36,3.0,3,0.0,1.0,0.0,1.0,1.0,10100000.0
1799,36,3.0,3,0.0,1.0,0.0,1.0,1.0,10100000.0
1799,36,3.0,3,0.0,1.0,0.0,1.0,1.0,10100000.0
1638,36,3.0,3,0.0,1.0,0.0,1.0,1.0,9298000.0
1638,36,3.0,3,0.0,1.0,0.0,1.0,1.0,9300000.0
1794,36,3.0,3,0.0,1.0,0.0,1.0,1.0,10100000.0
1230,320,2.0,3,1.0,1.0,1.0,1.0,1.0,6895999.000000001
1200,41,3.0,3,0.0,0.0,0.0,0.0,0.0,3200000.0
2000,485,3.0,3,0.0,0.0,0.0,1.0,0.0,10000000.0
1170,505,2.0,3,0.0,0.0,0.0,1.0,0.0,6233000.0
682,667,1.0,3,0.0,0.0,0.0,0.0,0.0,2700000.0
1245,644,2.0,3,0.0,0.0,0.0,0.0,0.0,7498999.000000001
1530,716,3.0,3,0.0,0.0,0.0,1.0,0.0,7500000.0
1390,36,2.0,3,0.0,1.0,0.0,1.0,1.0,9000000.0
1282,36,2.0,3,0.0,1.0,0.0,1.0,1.0,8000000.0
1282,36,2.0,3,0.0,1.0,0.0,1.0,1.0,8000000.0
1390,36,2.0,3,0.0,1.0,0.0,1.0,1.0,9000000.0
1282,36,2.0,3,0.0,0.0,0.0,0.0,0.0,8000000.0
1214,36,2.0,3,0.0,1.0,0.0,1.0,1.0,7100000.0
1390,36,2.0,3,0.0,1.0,0.0,1.0,1.0,9000000.0
1392,36,2.0,3,0.0,1.0,0.0,1.0,1.0,8000000.0
1390,36,2.0,3,0.0,1.0,0.0,1.0,1.0,9000000.0
1020,533,2.0,3,0.0,0.0,0.0,1.0,0.0,5800000.0
905,327,2.0,3,0.0,0.0,0.0,1.0,0.0,4800000.0
1730,320,3.0,3,0.0,0.0,0.0,1.0,0.0,11399999.0
1925,386,3.0,3,0.0,1.0,0.0,1.0,1.0,12600000.0
1925,386,3.0,3,0.0,1.0,0.0,0.0,0.0,12600000.0
1925,386,3.0,3,0.0,1.0,0.0,0.0,0.0,12600000.0
1265,386,2.0,3,0.0,1.0,0.0,1.0,1.0,9075000.0
1465,170,3.0,3,0.0,1.0,0.0,1.0,0.0,6300000.0
1050,170,2.0,3,0.0,0.0,0.0,1.0,0.0,4500000.0
1430,36,2.0,3,0.0,1.0,0.0,1.0,1.0,9400000.0
1430,36,2.0,3,0.0,0.0,0.0,0.0,0.0,9400000.0
1430,36,2.0,3,0.0,1.0,0.0,1.0,1.0,9400000.0
1430,36,2.0,3,0.0,1.0,0.0,1.0,1.0,9400000.0
1385,36,2.0,3,0.0,1.0,0.0,1.0,1.0,8798000.0
1525,303,3.0,3,0.0,0.0,0.0,0.0,0.0,8500000.0
1799,36,3.0,3,0.0,1.0,0.0,1.0,1.0,10100000.0
1799,36,3.0,3,0.0,1.0,0.0,1.0,1.0,10100000.0
1799,36,3.0,3,0.0,1.0,0.0,1.0,1.0,10100000.0
1638,36,3.0,3,0.0,1.0,0.0,1.0,1.0,9298000.0
1638,36,3.0,3,0.0,1.0,0.0,1.0,1.0,9300000.0
1794,36,3.0,3,0.0,1.0,0.0,1.0,1.0,10100000.0
1568,36,3.0,3,0.0,1.0,0.0,1.0,1.0,9000000.0
1568,36,3.0,3,0.0,1.0,0.0,1.0,1.0,9000000.0
1794,36,3.0,3,0.0,1.0,0.0,1.0,1.0,10100000.0
1100,361,2.0,3,0.0,0.0,0.0,0.0,0.0,6000000.0
3266,158,3.0,3,0.0,0.0,0.0,1.0,0.0,21700000.0
1200,361,2.0,3,0.0,0.0,0.0,0.0,0.0,5200000.0
1555,170,3.0,3,0.0,1.0,0.0,1.0,0.0,6600000.0
1620,91,3.0,3,0.0,0.0,0.0,1.0,0.0,4900000.0
1125,356,1.0,3,0.0,0.0,0.0,1.0,0.0,3375000.0
1100,356,1.0,3,0.0,0.0,0.0,1.0,0.0,3315000.0
1050,170,2.0,3,0.0,0.0,0.0,0.0,0.0,4600000.0
1080,74,2.0,3,0.0,0.0,0.0,0.0,0.0,3500000.0
1090,320,2.0,3,0.0,0.0,0.0,1.0,0.0,7317000.0
1380,361,3.0,3,0.0,0.0,0.0,0.0,0.0,6600000.0
1510,76,3.0,3,0.0,0.0,0.0,1.0,1.0,11000000.0
1652,320,3.0,3,1.0,1.0,1.0,1.0,1.0,9581000.0
3147,210,4.0,3,1.0,1.0,1.0,1.0,1.0,26100000.0
3090,210,4.0,3,1.0,1.0,1.0,1.0,1.0,25600000.0
3044,210,4.0,3,1.0,1.0,1.0,1.0,1.0,25200000.0
2051,210,3.0,3,1.0,1.0,1.0,1.0,1.0,17000000.0
3498,210,4.0,3,1.0,1.0,1.0,1.0,1.0,29000000.0
3101,210,4.0,3,1.0,1.0,1.0,1.0,1.0,25700000.0
3049,210,4.0,3,1.0,1.0,1.0,1.0,1.0,25299999.0
1738,210,3.0,3,1.0,1.0,1.0,1.0,1.0,14400000.0
1355,210,2.0,3,1.0,1.0,1.0,1.0,1.0,11200000.0
1334,210,2.0,3,1.0,1.0,1.0,1.0,1.0,11000000.0
1346,210,2.0,3,1.0,1.0,1.0,1.0,1.0,11100000.0
1327,210,2.0,3,1.0,1.0,1.0,1.0,1.0,11000000.0
1652,320,3.0,3,1.0,1.0,1.0,1.0,1.0,9581000.0
1473,303,2.0,3,1.0,1.0,1.0,1.0,1.0,9942000.0
2607,303,3.0,3,1.0,1.0,1.0,1.0,1.0,17500000.0
2800,303,3.0,3,1.0,1.0,1.0,1.0,1.0,18900000.0
2192,303,3.0,3,1.0,1.0,1.0,1.0,1.0,14700000.0
2815,303,3.0,3,1.0,1.0,1.0,1.0,1.0,19000000.0
2452,303,3.0,3,1.0,1.0,1.0,1.0,1.0,16500000.0
2191,303,3.0,3,1.0,1.0,1.0,1.0,1.0,14700000.0
2813,303,3.0,3,1.0,1.0,1.0,1.0,1.0,18900000.0
1290,303,2.0,3,1.0,1.0,1.0,1.0,1.0,8707000.0
1300,303,2.0,3,1.0,1.0,1.0,1.0,1.0,8775000.0
1368,303,2.0,3,1.0,1.0,1.0,1.0,1.0,9234000.0
1550,211,3.0,3,1.0,0.0,0.0,1.0,0.0,8000000.0
1550,361,3.0,3,0.0,0.0,0.0,0.0,0.0,6509999.000000001
2049,210,4.0,3,1.0,1.0,1.0,1.0,1.0,23000000.0
3494,210,4.0,3,1.0,1.0,1.0,1.0,1.0,29000000.0
1336,210,2.0,3,1.0,1.0,1.0,1.0,1.0,11000000.0
1850,303,3.0,3,1.0,1.0,1.0,1.0,1.0,12400000.0
1500,303,2.0,3,1.0,1.0,1.0,1.0,1.0,10100000.0
1620,485,3.0,3,0.0,0.0,0.0,0.0,0.0,7500000.0
1200,76,2.0,3,1.0,0.0,0.0,0.0,0.0,6200000.0
2700,68,3.0,3,0.0,0.0,0.0,0.0,0.0,17500000.0
3600,303,4.0,3,0.0,1.0,0.0,1.0,1.0,29000000.0
1530,303,3.0,3,0.0,0.0,0.0,1.0,0.0,8700000.0
1265,524,2.0,3,1.0,1.0,0.0,1.0,1.0,6956999.0
1260,411,2.0,3,1.0,1.0,1.0,1.0,1.0,6676000.000000001
1695,411,3.0,3,1.0,1.0,1.0,1.0,1.0,9066000.0
1860,411,3.0,3,1.0,1.0,1.0,1.0,1.0,9949000.0
1520,61,3.0,3,1.0,1.0,1.0,1.0,1.0,7600000.0
1655,61,3.0,3,1.0,1.0,1.0,1.0,1.0,8275000.0
1665,61,3.0,3,1.0,1.0,1.0,1.0,1.0,8325000.0
1755,61,3.0,3,1.0,1.0,1.0,1.0,1.0,9126000.0
1765,61,3.0,3,1.0,1.0,1.0,1.0,1.0,8825000.0
1940,61,3.0,3,1.0,1.0,1.0,1.0,1.0,10000000.0
1260,411,2.0,3,1.0,1.0,1.0,1.0,1.0,7243000.000000001
1695,411,3.0,3,1.0,1.0,1.0,1.0,1.0,11000000.0
1860,411,3.0,3,1.0,1.0,1.0,1.0,1.0,10600000.0
1313,361,2.0,3,0.0,0.0,0.0,0.0,0.0,5514000.0
1256,361,2.0,3,0.0,0.0,0.0,0.0,0.0,5275000.0
1150,361,2.0,3,0.0,0.0,0.0,0.0,0.0,4830000.0
1495,524,3.0,3,1.0,1.0,0.0,1.0,1.0,12000000.0
1500,524,3.0,3,1.0,1.0,0.0,1.0,1.0,12000000.0
1685,524,3.0,3,1.0,1.0,0.0,1.0,1.0,13500000.0
1895,524,3.0,3,1.0,1.0,0.0,1.0,1.0,10400000.0
1780,524,3.0,3,1.0,1.0,0.0,1.0,1.0,14200000.0
1785,524,3.0,3,1.0,1.0,0.0,1.0,1.0,14300000.0
1265,411,2.0,3,1.0,1.0,1.0,1.0,1.0,6323000.0
1270,411,2.0,3,1.0,1.0,1.0,1.0,1.0,6348000.0
1511,411,2.0,3,1.0,1.0,1.0,1.0,1.0,7553000.0
1270,411,3.0,3,1.0,1.0,1.0,1.0,1.0,6348000.0
1665,411,3.0,3,1.0,1.0,1.0,1.0,1.0,8323000.0
1265,411,2.0,3,1.0,1.0,1.0,1.0,1.0,7272000.0
1430,61,3.0,3,1.0,1.0,1.0,1.0,1.0,7150000.0
1610,61,3.0,3,1.0,1.0,1.0,1.0,1.0,8050000.0
1320,61,3.0,3,1.0,1.0,1.0,1.0,1.0,6600000.0
1435,61,3.0,3,1.0,1.0,1.0,1.0,1.0,7175000.0
1510,61,3.0,3,1.0,1.0,1.0,1.0,1.0,7550000.0
1270,411,2.0,3,1.0,1.0,1.0,1.0,1.0,7301000.000000001
1511,411,2.0,3,1.0,1.0,1.0,1.0,1.0,8686000.0
1270,411,3.0,3,1.0,1.0,1.0,1.0,1.0,7301000.000000001
1665,411,3.0,3,1.0,1.0,1.0,1.0,1.0,9571000.0
1280,361,2.0,3,0.0,0.0,0.0,0.0,0.0,5376000.0
1278,361,2.0,3,0.0,0.0,0.0,0.0,0.0,5367000.0
1230,361,2.0,3,0.0,0.0,0.0,0.0,0.0,5166000.0
1503,361,3.0,3,0.0,0.0,0.0,0.0,0.0,6312000.0
1585,361,3.0,3,0.0,0.0,0.0,0.0,0.0,6656999.0
1189,361,2.0,3,0.0,0.0,0.0,0.0,0.0,4993000.0
1209,361,2.0,3,0.0,0.0,0.0,0.0,0.0,5077000.0
1279,361,2.0,3,0.0,0.0,0.0,0.0,0.0,5371000.0
1311,361,2.0,3,0.0,0.0,0.0,0.0,0.0,5506000.0
1405,361,3.0,3,0.0,0.0,0.0,0.0,0.0,5901000.0
1495,361,3.0,3,0.0,0.0,0.0,0.0,0.0,6279000.0
1953,361,3.0,3,0.0,0.0,0.0,0.0,0.0,8202000.0
1627,361,3.0,3,0.0,0.0,0.0,0.0,0.0,6833000.0
1778,361,3.0,3,0.0,0.0,0.0,0.0,0.0,7467000.0
1970,361,3.0,3,0.0,0.0,0.0,0.0,0.0,8273999.000000001
1900,361,3.0,3,0.0,0.0,0.0,0.0,0.0,7980000.0
1971,361,3.0,3,0.0,0.0,0.0,0.0,0.0,8278000.0
1846,361,3.0,3,0.0,0.0,0.0,0.0,0.0,7753000.0
1804,361,3.0,3,0.0,0.0,0.0,0.0,0.0,7576000.000000001
1550,361,3.0,3,0.0,0.0,0.0,0.0,0.0,6509999.000000001
1559,361,3.0,3,0.0,0.0,0.0,0.0,0.0,6547000.0
1629,361,3.0,3,0.0,0.0,0.0,0.0,0.0,6841000.0
1752,361,3.0,3,0.0,0.0,0.0,0.0,0.0,7358000.0
1808,361,3.0,3,0.0,0.0,0.0,0.0,0.0,7593000.000000001
1986,361,3.0,3,0.0,0.0,0.0,0.0,0.0,8341000.0
1605,361,3.0,3,0.0,0.0,0.0,0.0,0.0,6741000.0
1715,361,3.0,3,0.0,0.0,0.0,0.0,0.0,7203000.0
1826,361,3.0,3,0.0,0.0,0.0,0.0,0.0,7669000.0
1995,361,3.0,3,0.0,0.0,0.0,0.0,0.0,8379000.000000001
1996,361,3.0,3,0.0,0.0,0.0,0.0,0.0,8383000.0
1655,423,3.0,3,1.0,1.0,1.0,1.0,1.0,10200000.0
1020,41,2.0,3,0.0,0.0,0.0,0.0,0.0,4284000.0
1160,155,2.0,3,0.0,0.0,0.0,0.0,0.0,4640000.0
5200,89,3.0,3,1.0,1.0,1.0,1.0,1.0,59600000.0
2250,361,3.0,3,0.0,0.0,0.0,0.0,0.0,12500000.0
1160,157,2.0,3,0.0,0.0,0.0,0.0,0.0,4640000.0
1990,610,3.0,3,1.0,1.0,1.0,1.0,1.0,12600000.0
1585,155,3.0,3,0.0,0.0,0.0,0.0,0.0,6340000.0
1165,155,2.0,3,0.0,0.0,0.0,0.0,0.0,4660000.0
550,393,1.0,3,0.0,0.0,0.0,0.0,0.0,2200000.0
550,156,1.0,3,0.0,0.0,0.0,0.0,0.0,2200000.0
1260,435,2.0,3,0.0,0.0,0.0,0.0,0.0,5500000.0
1105,435,2.0,3,0.0,0.0,0.0,0.0,0.0,3700000.0
1105,435,2.0,3,0.0,0.0,0.0,0.0,0.0,3700000.0
2080,610,3.0,3,1.0,1.0,1.0,1.0,1.0,14500000.0
1235,157,2.0,3,1.0,0.0,1.0,1.0,0.0,4993000.0
2260,210,3.0,3,1.0,1.0,1.0,1.0,1.0,17000000.0
2015,210,3.0,3,1.0,1.0,1.0,1.0,1.0,15000000.0
2015,210,3.0,3,1.0,1.0,1.0,1.0,1.0,15000000.0
1700,423,3.0,3,1.0,1.0,1.0,1.0,1.0,12000000.0
1265,524,2.0,3,1.0,1.0,1.0,1.0,1.0,9300000.0
4650,361,4.0,3,1.0,1.0,1.0,1.0,1.0,45000000.0
1742,169,3.0,3,0.0,1.0,0.0,1.0,1.0,13700000.0
1110,74,2.0,3,0.0,0.0,0.0,1.0,0.0,3700000.0
1110,74,2.0,3,0.0,0.0,0.0,0.0,0.0,4300000.0
1050,500,2.0,3,0.0,0.0,0.0,1.0,0.0,4800000.0
1050,500,2.0,3,0.0,0.0,0.0,1.0,0.0,4850000.0
1505,678,3.0,3,0.0,0.0,0.0,1.0,0.0,8426000.0
1640,363,3.0,3,0.0,0.0,0.0,0.0,0.0,8000000.0
1650,606,3.0,3,1.0,0.0,1.0,1.0,0.0,8200000.0
1216,320,2.0,3,1.0,1.0,1.0,1.0,1.0,8200000.0
2026,645,3.0,3,1.0,1.0,1.0,1.0,1.0,11500000.0
1585,155,3.0,3,0.0,0.0,0.0,0.0,0.0,6340000.0
2015,210,3.0,3,1.0,1.0,1.0,1.0,1.0,15000000.0
2500,210,3.0,3,1.0,1.0,1.0,1.0,1.0,19000000.0
2771,65,4.0,3,1.0,1.0,1.0,1.0,1.0,13000000.0
1895,524,3.0,3,1.0,1.0,1.0,1.0,1.0,16900000.0
1500,524,3.0,3,1.0,1.0,1.0,1.0,1.0,14900000.0
2595,338,4.0,3,1.0,1.0,1.0,1.0,1.0,26900000.0
2250,303,3.0,3,1.0,1.0,1.0,1.0,1.0,23000000.0
2060,414,3.0,3,0.0,1.0,0.0,1.0,1.0,14400000.0
1880,303,3.0,3,1.0,1.0,1.0,1.0,1.0,17600000.0
1620,170,3.0,3,0.0,1.0,0.0,1.0,1.0,9500000.0
1620,170,3.0,3,0.0,1.0,0.0,1.0,1.0,9499000.0
2250,303,3.0,3,1.0,1.0,1.0,1.0,1.0,23000000.0
2060,414,3.0,3,0.0,1.0,0.0,1.0,1.0,14400000.0
1390,294,3.0,3,0.0,1.0,0.0,1.0,1.0,9728000.0
1255,65,2.0,3,0.0,1.0,0.0,1.0,1.0,6623000.0
2285,65,3.0,3,0.0,1.0,0.0,1.0,1.0,12300000.0
1993,169,3.0,3,0.0,1.0,0.0,1.0,1.0,17600000.0
2282,65,3.0,3,0.0,1.0,0.0,1.0,1.0,12300000.0
1384,423,3.0,3,0.0,1.0,0.0,1.0,1.0,9254000.0
1874,645,3.0,3,1.0,1.0,1.0,1.0,1.0,11100000.0
1165,156,2.0,3,0.0,0.0,0.0,0.0,0.0,4660000.0
2000,361,3.0,3,1.0,1.0,1.0,1.0,1.0,8500000.0
1820,156,3.0,3,0.0,0.0,0.0,0.0,0.0,7280000.0
4160,610,4.0,3,1.0,1.0,1.0,1.0,1.0,35000000.0
1020,88,2.0,3,0.0,0.0,0.0,0.0,0.0,5300000.0
1430,157,3.0,3,0.0,0.0,0.0,0.0,0.0,5720000.0
1360,320,2.0,3,1.0,1.0,1.0,1.0,1.0,9000000.0
1430,155,3.0,3,0.0,0.0,0.0,0.0,0.0,5720000.0
3044,210,4.0,3,1.0,1.0,1.0,1.0,1.0,23000000.0
3101,210,4.0,3,1.0,1.0,1.0,1.0,1.0,23000000.0
3147,210,4.0,3,1.0,1.0,1.0,1.0,1.0,23600000.0
3090,210,4.0,3,1.0,1.0,1.0,1.0,1.0,23000000.0
1139,484,2.0,3,1.0,0.0,1.0,1.0,0.0,3800000.0
1560,327,3.0,3,0.0,0.0,0.0,1.0,0.0,8800000.0
1687,645,3.0,3,1.0,1.0,1.0,1.0,1.0,9278000.0
770,445,2.0,3,1.0,0.0,1.0,0.0,0.0,2800000.0
1257,361,2.0,3,0.0,0.0,0.0,1.0,0.0,6800000.0
2225,423,3.0,3,0.0,1.0,1.0,1.0,0.0,11100000.0
2170,423,3.0,3,0.0,1.0,1.0,1.0,0.0,10800000.0
1425,423,2.0,3,0.0,1.0,1.0,1.0,0.0,7125000.0
2025,423,3.0,3,0.0,1.0,1.0,1.0,0.0,10100000.0
1410,171,2.0,3,1.0,1.0,0.0,0.0,0.0,7755000.0
2160,171,3.0,3,1.0,1.0,0.0,0.0,0.0,11800000.0
1905,171,3.0,3,1.0,1.0,0.0,0.0,0.0,10400000.0
2665,171,3.0,3,1.0,1.0,0.0,0.0,0.0,14600000.0
2400,171,3.0,3,1.0,1.0,0.0,0.0,0.0,13200000.0
1395,171,2.0,3,1.0,1.0,0.0,0.0,0.0,7672000.0
1945,294,3.0,3,0.0,1.0,1.0,1.0,1.0,12600000.0
1945,294,3.0,3,0.0,1.0,1.0,1.0,1.0,12600000.0
1945,294,3.0,3,0.0,1.0,1.0,1.0,1.0,12600000.0
1680,294,3.0,3,0.0,1.0,1.0,1.0,1.0,10900000.0
1680,294,3.0,3,0.0,1.0,0.0,1.0,1.0,10900000.0
1270,294,2.0,3,0.0,1.0,1.0,1.0,1.0,8255000.0
1270,294,2.0,3,0.0,1.0,1.0,0.0,1.0,8255000.0
1270,294,2.0,3,0.0,1.0,1.0,1.0,1.0,8255000.0
1480,294,3.0,3,0.0,1.0,1.0,1.0,1.0,9620000.0
3000,521,4.0,3,1.0,0.0,1.0,1.0,0.0,9900000.0
1225,435,2.0,3,1.0,0.0,1.0,1.0,0.0,4800000.0
2026,645,3.0,3,1.0,1.0,1.0,1.0,1.0,11200000.0
1525,65,3.0,3,1.0,1.0,1.0,1.0,1.0,7900000.0
1265,327,2.0,3,0.0,0.0,0.0,1.0,1.0,5692000.0
1640,303,3.0,3,1.0,0.0,1.0,1.0,0.0,10500000.0
1360,320,2.0,3,1.0,1.0,1.0,1.0,1.0,8900000.0
1560,327,3.0,3,0.0,0.0,0.0,1.0,0.0,8600000.0
2026,645,3.0,3,1.0,1.0,1.0,1.0,1.0,11399999.0
1515,482,3.0,3,1.0,0.0,0.0,1.0,0.0,6800000.0
1515,482,3.0,3,1.0,0.0,0.0,1.0,0.0,6800000.0
1515,482,3.0,3,1.0,0.0,0.0,1.0,0.0,6800000.0
1515,482,3.0,3,1.0,0.0,0.0,1.0,0.0,6800000.0
1820,155,3.0,3,0.0,0.0,0.0,0.0,0.0,7280000.0
1515,482,3.0,3,1.0,0.0,0.0,1.0,0.0,6800000.0
2026,645,3.0,3,1.0,1.0,1.0,1.0,1.0,11200000.0
1366,320,2.0,3,1.0,1.0,1.0,1.0,1.0,9000000.0
1146,435,2.0,3,0.0,0.0,0.0,0.0,0.0,4300000.0
1441,320,2.0,3,1.0,1.0,1.0,1.0,1.0,9400000.0
1360,320,2.0,3,1.0,1.0,1.0,1.0,1.0,8900000.0
3090,210,4.0,3,1.0,1.0,1.0,1.0,1.0,23000000.0
1000,49,2.0,3,0.0,0.0,0.0,0.0,0.0,2850000.0
2026,645,3.0,3,1.0,1.0,1.0,1.0,1.0,11200000.0
1880,645,3.0,3,1.0,1.0,1.0,1.0,1.0,10500000.0
1820,155,3.0,3,0.0,0.0,0.0,0.0,0.0,7280000.0
1125,728,2.0,3,0.0,0.0,0.0,0.0,0.0,3600000.0
1950,41,3.0,3,0.0,0.0,0.0,1.0,1.0,8383000.0
1951,41,3.0,3,0.0,0.0,0.0,1.0,1.0,8387000.0
1951,41,3.0,3,0.0,0.0,0.0,1.0,1.0,8387000.0
1441,320,2.0,3,1.0,1.0,1.0,1.0,1.0,9400000.0
1700,423,3.0,3,1.0,1.0,1.0,1.0,1.0,10500000.0
1700,423,3.0,3,1.0,1.0,1.0,1.0,1.0,10500000.0
1700,423,3.0,3,1.0,1.0,1.0,1.0,1.0,10500000.0
1700,423,3.0,3,1.0,1.0,1.0,1.0,1.0,10500000.0
1279,320,2.0,3,1.0,1.0,1.0,1.0,1.0,8400000.0
1570,303,3.0,3,0.0,0.0,0.0,0.0,0.0,8200000.0
1215,484,2.0,3,1.0,0.0,1.0,0.0,0.0,4600000.0
1050,481,2.0,3,1.0,0.0,1.0,1.0,0.0,4300000.0
1260,169,3.0,3,1.0,1.0,1.0,1.0,1.0,8800000.0
1515,482,3.0,3,1.0,0.0,0.0,1.0,0.0,6900000.0
1300,714,3.0,3,1.0,0.0,1.0,0.0,0.0,4810000.0
1700,423,3.0,3,1.0,1.0,1.0,1.0,1.0,10500000.0
3090,210,4.0,3,1.0,1.0,1.0,1.0,1.0,23000000.0
1274,320,2.0,3,1.0,1.0,1.0,1.0,1.0,8400000.0
1274,320,2.0,3,1.0,1.0,1.0,1.0,1.0,8400000.0
1400,294,3.0,3,0.0,1.0,0.0,1.0,1.0,7980000.0
1621,421,3.0,3,0.0,0.0,0.0,0.0,0.0,6500000.0
1800,294,3.0,3,0.0,1.0,0.0,1.0,1.0,10200000.0
1200,435,2.0,3,0.0,0.0,0.0,1.0,1.0,4800000.0
1400,297,3.0,3,0.0,1.0,0.0,1.0,1.0,4099000.0
1200,435,2.0,3,0.0,1.0,0.0,1.0,1.0,4800000.0
1155,54,2.0,3,0.0,0.0,0.0,0.0,0.0,4158000.0
1175,54,2.0,3,0.0,0.0,0.0,0.0,0.0,4239000.0
1128,481,3.0,3,1.0,0.0,1.0,1.0,0.0,4500000.0
1150,21,2.0,3,0.0,0.0,0.0,0.0,0.0,7000000.0
1880,645,3.0,3,1.0,1.0,1.0,1.0,1.0,10200000.0
1350,439,3.0,3,0.0,0.0,0.0,0.0,0.0,4000000.0
1155,54,2.0,3,0.0,0.0,0.0,0.0,0.0,4158000.0
1155,54,2.0,3,0.0,0.0,0.0,0.0,0.0,4158000.0
3090,210,4.0,3,1.0,1.0,1.0,1.0,1.0,23000000.0
3090,210,4.0,3,1.0,1.0,1.0,1.0,1.0,23000000.0
3090,210,4.0,3,1.0,1.0,1.0,1.0,1.0,23000000.0
1650,606,3.0,3,1.0,0.0,1.0,1.0,0.0,8150000.0
1650,606,3.0,3,1.0,0.0,1.0,1.0,0.0,8200000.0
1650,606,3.0,3,1.0,0.0,1.0,1.0,0.0,8200000.0
1650,606,3.0,3,1.0,0.0,1.0,1.0,0.0,8200000.0
1650,606,3.0,3,1.0,0.0,1.0,1.0,0.0,8200000.0
1650,606,3.0,3,1.0,0.0,1.0,1.0,0.0,8200000.0
1650,606,3.0,3,1.0,0.0,1.0,1.0,0.0,8200000.0
1235,393,2.0,3,0.0,0.0,0.0,0.0,0.0,4940000.0
1515,482,3.0,3,1.0,0.0,0.0,1.0,0.0,6800000.0
1650,606,3.0,3,1.0,0.0,1.0,1.0,0.0,8150000.0
1650,606,3.0,3,1.0,0.0,1.0,1.0,0.0,8150000.0
1650,606,3.0,3,1.0,0.0,1.0,1.0,0.0,8200000.0
1650,606,3.0,3,1.0,0.0,1.0,1.0,0.0,8200000.0
1650,606,3.0,3,1.0,0.0,1.0,1.0,0.0,8200000.0
1650,606,3.0,3,1.0,0.0,1.0,1.0,0.0,8200000.0
1650,606,3.0,3,1.0,0.0,1.0,1.0,0.0,8200000.0
960,37,3.0,3,0.0,0.0,0.0,1.0,0.0,3500000.0
1155,54,2.0,3,0.0,0.0,0.0,0.0,0.0,4158000.0
1650,606,3.0,3,1.0,0.0,1.0,1.0,0.0,8150000.0
1650,606,3.0,3,1.0,0.0,1.0,1.0,0.0,8150000.0
1650,606,3.0,3,1.0,0.0,1.0,1.0,0.0,8200000.0
1175,54,2.0,3,0.0,0.0,0.0,0.0,0.0,4239000.0
1650,606,3.0,3,1.0,0.0,1.0,1.0,0.0,8200000.0
1175,54,2.0,3,0.0,0.0,0.0,0.0,0.0,4239000.0
1370,303,2.0,3,0.0,0.0,0.0,0.0,0.0,7000000.0
1216,320,2.0,3,1.0,1.0,1.0,1.0,1.0,8000000.0
1366,320,2.0,3,1.0,1.0,1.0,1.0,1.0,9000000.0
1216,320,2.0,3,1.0,1.0,1.0,1.0,1.0,8000000.0
1155,54,2.0,3,0.0,0.0,0.0,0.0,0.0,4158000.0
2026,645,3.0,3,1.0,1.0,1.0,1.0,1.0,11299999.0
1570,303,3.0,3,0.0,0.0,0.0,0.0,0.0,8000000.0
1950,41,3.0,3,0.0,0.0,0.0,1.0,1.0,8383000.0
1170,370,2.0,3,1.0,0.0,0.0,1.0,0.0,6786000.0
1515,482,3.0,3,1.0,0.0,0.0,1.0,0.0,6000000.0
1471,41,2.0,3,0.0,0.0,0.0,1.0,1.0,6323000.0
1470,41,2.0,3,0.0,0.0,0.0,1.0,1.0,6319000.0
1470,41,2.0,3,0.0,0.0,0.0,1.0,1.0,6319000.0
1955,41,3.0,3,0.0,0.0,0.0,1.0,1.0,8404000.0
1000,435,2.0,3,1.0,0.0,1.0,1.0,0.0,4500000.0
1515,483,3.0,3,1.0,0.0,1.0,1.0,0.0,6000000.0
1515,483,3.0,3,1.0,0.0,1.0,1.0,0.0,6000000.0
1274,320,2.0,3,1.0,1.0,1.0,1.0,1.0,8400000.0
2865,338,4.0,3,1.0,1.0,1.0,1.0,1.0,40000000.0
1090,320,2.0,3,1.0,0.0,1.0,1.0,0.0,7317000.0
2026,645,3.0,3,1.0,1.0,1.0,1.0,1.0,11200000.0
1515,482,3.0,3,1.0,0.0,0.0,1.0,0.0,6000000.0
950,443,2.0,3,0.0,0.0,0.0,0.0,0.0,6500000.0
1515,482,3.0,3,1.0,0.0,0.0,1.0,0.0,6000000.0
1515,482,3.0,3,1.0,0.0,0.0,1.0,0.0,6000000.0
2220,414,3.0,3,1.0,1.0,1.0,1.0,1.0,15500000.0
1600,294,3.0,3,0.0,1.0,0.0,1.0,1.0,9120000.0
1201,435,2.0,3,0.0,0.0,0.0,1.0,1.0,4804000.0
1150,435,2.0,3,0.0,0.0,0.0,0.0,0.0,5000000.0
1155,54,2.0,3,0.0,0.0,0.0,0.0,0.0,4158000.0
1050,170,2.0,3,1.0,1.0,1.0,1.0,0.0,4600000.0
1555,170,3.0,3,1.0,1.0,1.0,1.0,0.0,6600000.0
1155,54,2.0,3,0.0,0.0,0.0,0.0,0.0,4158000.0
2380,210,3.0,3,1.0,1.0,1.0,1.0,1.0,21000000.0
1402,199,3.0,3,1.0,0.0,1.0,1.0,0.0,6000000.0
1515,482,3.0,3,1.0,0.0,0.0,1.0,0.0,6000000.0
1120,481,3.0,3,1.0,0.0,1.0,1.0,0.0,4500000.0
1279,320,2.0,3,1.0,1.0,1.0,1.0,1.0,8400000.0
1274,320,2.0,3,1.0,1.0,1.0,1.0,1.0,8400000.0
1155,54,2.0,3,0.0,0.0,0.0,0.0,0.0,4158000.0
1650,606,3.0,3,1.0,0.0,1.0,1.0,0.0,8000000.0
1515,482,3.0,3,1.0,0.0,0.0,1.0,0.0,6000000.0
1650,606,3.0,3,0.0,0.0,0.0,0.0,0.0,8000000.0
1687,645,3.0,3,1.0,1.0,1.0,1.0,1.0,9447000.0
800,667,2.0,3,0.0,0.0,0.0,0.0,0.0,3500000.0
1515,482,3.0,3,1.0,0.0,0.0,1.0,0.0,6000000.0
1515,482,3.0,3,1.0,0.0,0.0,1.0,0.0,6000000.0
1515,482,3.0,3,1.0,0.0,0.0,1.0,0.0,6000000.0
1441,320,2.0,3,1.0,1.0,1.0,1.0,1.0,9500000.0
1100,714,2.0,3,1.0,0.0,1.0,0.0,0.0,4070000.0000000005
2150,645,3.0,3,1.0,1.0,1.0,1.0,1.0,13700000.0
1515,482,3.0,3,1.0,0.0,1.0,1.0,0.0,6000000.0
1515,482,3.0,3,1.0,0.0,0.0,1.0,0.0,6000000.0
1515,483,3.0,3,1.0,0.0,1.0,1.0,0.0,6000000.0
1515,482,3.0,3,1.0,0.0,0.0,1.0,0.0,6000000.0
1155,54,2.0,3,0.0,0.0,0.0,0.0,0.0,4158000.0
600,440,1.0,3,0.0,0.0,0.0,0.0,0.0,2300000.0
1650,606,3.0,3,1.0,0.0,1.0,1.0,0.0,8150000.0
1880,303,3.0,3,1.0,1.0,1.0,1.0,1.0,16000000.0
1360,320,2.0,3,1.0,1.0,1.0,1.0,1.0,8900000.0
1216,320,2.0,3,1.0,1.0,1.0,1.0,1.0,8000000.0
1538,645,3.0,3,1.0,1.0,1.0,1.0,1.0,8766000.0
1920,386,3.0,3,1.0,1.0,1.0,1.0,1.0,10700000.0
1190,386,2.0,3,1.0,1.0,1.0,1.0,1.0,8573000.0
2925,606,4.0,3,1.0,1.0,1.0,1.0,1.0,18400000.0
1650,606,3.0,3,1.0,0.0,1.0,1.0,0.0,8150000.0
2150,294,3.0,3,0.0,1.0,1.0,1.0,1.0,12400000.0
1695,320,3.0,3,1.0,0.0,1.0,1.0,0.0,11200000.0
2700,525,2.0,3,0.0,0.0,0.0,0.0,0.0,5999000.0
1250,272,2.0,3,0.0,0.0,0.0,0.0,0.0,6000000.0
1003,386,2.0,3,0.0,0.0,0.0,0.0,0.0,3510000.0
5000,361,6.0,3,1.0,0.0,0.0,0.0,0.0,21000000.0
850,379,2.0,3,0.0,0.0,0.0,0.0,0.0,3500000.0
1800,23,3.0,3,1.0,0.0,0.0,0.0,0.0,8000000.0
1235,393,2.0,3,1.0,0.0,1.0,1.0,0.0,5187000.0
1515,482,2.0,3,1.0,0.0,0.0,1.0,0.0,6000000.0
750,49,2.0,3,0.0,0.0,0.0,0.0,0.0,2700000.0
1155,54,2.0,3,0.0,0.0,0.0,0.0,0.0,4158000.0
900,704,2.0,3,1.0,0.0,1.0,0.0,0.0,4000000.0
3300,68,4.0,3,1.0,0.0,1.0,1.0,0.0,35000000.0
1538,645,3.0,3,1.0,1.0,1.0,1.0,1.0,8000000.0
1195,303,2.0,3,0.0,0.0,0.0,0.0,0.0,6800000.0
1100,482,2.0,3,1.0,0.0,1.0,1.0,0.0,4179999.0
1650,606,3.0,3,1.0,0.0,1.0,1.0,0.0,8200000.0
1650,606,3.0,3,1.0,0.0,1.0,1.0,0.0,8200000.0
1214,386,2.0,3,1.0,0.0,1.0,1.0,1.0,4856000.0
1175,54,2.0,3,0.0,0.0,0.0,0.0,0.0,4230000.0
1155,54,2.0,3,0.0,0.0,0.0,0.0,0.0,4158000.0
1175,54,2.0,3,0.0,0.0,0.0,0.0,0.0,4236000.0
1175,54,2.0,3,0.0,0.0,0.0,0.0,0.0,4236000.0
1175,54,2.0,3,0.0,0.0,0.0,0.0,0.0,4236000.0
1050,375,2.0,3,1.0,0.0,1.0,0.0,0.0,3700000.0
1300,327,3.0,3,0.0,0.0,0.0,0.0,0.0,5600000.0
1500,74,3.0,3,0.0,0.0,0.0,0.0,0.0,3750000.0
1130,327,2.0,3,0.0,0.0,0.0,0.0,0.0,4700000.0
1500,136,3.0,3,1.0,0.0,1.0,1.0,0.0,4600000.0
3000,245,3.0,3,1.0,0.0,1.0,1.0,0.0,30000000.0
1650,606,3.0,3,1.0,0.0,1.0,1.0,0.0,8100000.0
3498,210,4.0,3,1.0,1.0,1.0,1.0,1.0,29000000.0
1100,445,3.0,3,0.0,0.0,0.0,0.0,0.0,5500000.0
1200,53,2.0,3,1.0,0.0,1.0,0.0,0.0,4680000.0
1175,54,2.0,3,0.0,0.0,0.0,0.0,0.0,4230000.0
1100,482,2.0,3,1.0,0.0,0.0,1.0,0.0,4200000.0
1205,386,2.0,3,1.0,0.0,0.0,1.0,0.0,5061000.0
1180,435,2.0,3,1.0,0.0,0.0,1.0,0.0,4600000.0
1591,320,3.0,3,1.0,1.0,1.0,1.0,1.0,10900000.0
1441,68,2.0,3,1.0,0.0,0.0,0.0,0.0,11000000.0
1050,169,2.0,3,1.0,1.0,1.0,1.0,1.0,3148000.0
1665,169,3.0,3,1.0,1.0,1.0,1.0,1.0,6325000.0
1250,169,2.0,3,1.0,1.0,1.0,1.0,0.0,4748000.0
1175,54,2.0,3,0.0,0.0,0.0,0.0,0.0,4230000.0
1256,635,2.0,3,1.0,1.0,1.0,1.0,0.0,5652000.0
1200,53,2.0,3,1.0,0.0,1.0,0.0,0.0,4680000.0
4320,711,4.0,3,1.0,1.0,1.0,1.0,1.0,38700000.0
1735,294,3.0,3,0.0,1.0,1.0,1.0,1.0,10000000.0
1150,373,2.0,3,1.0,0.0,1.0,1.0,0.0,6500000.0
1500,524,3.0,3,1.0,1.0,1.0,1.0,1.0,12400000.0
1175,54,2.0,3,0.0,0.0,0.0,0.0,0.0,4230000.0
1507,294,3.0,3,1.0,1.0,1.0,1.0,1.0,7800000.0
1412,645,3.0,3,1.0,1.0,1.0,1.0,1.0,8000000.0
2160,171,3.0,3,1.0,1.0,1.0,1.0,1.0,12500000.0
1050,136,2.0,3,1.0,0.0,1.0,1.0,0.0,3500000.0
550,393,1.0,3,1.0,0.0,1.0,1.0,0.0,2310000.0
1220,303,2.0,3,1.0,1.0,1.0,1.0,1.0,7554000.000000001
1010,170,2.0,3,1.0,1.0,1.0,1.0,0.0,4542000.0
1090,320,2.0,3,1.0,0.0,1.0,1.0,0.0,7098999.000000001
1555,170,3.0,3,1.0,1.0,1.0,1.0,0.0,6931000.0
1885,303,3.0,3,1.0,1.0,1.0,1.0,1.0,11399999.0
1730,320,3.0,3,1.0,0.0,1.0,1.0,0.0,11100000.0
1155,54,2.0,3,1.0,0.0,1.0,1.0,0.0,4158000.0
1650,606,3.0,3,1.0,0.0,1.0,1.0,0.0,8150000.0
5000,5,3.0,3,1.0,0.0,1.0,1.0,0.0,40000000.0
600,388,1.0,3,0.0,0.0,1.0,1.0,0.0,2500000.0
1600,106,3.0,3,1.0,0.0,1.0,1.0,0.0,10500000.0
2800,169,3.0,3,1.0,1.0,1.0,0.0,0.0,19300000.0
2405,169,3.0,3,1.0,1.0,1.0,0.0,0.0,16500000.0
1400,74,3.0,3,0.0,0.0,0.0,0.0,0.0,3500000.0
1330,327,3.0,3,0.0,0.0,0.0,0.0,0.0,5600000.0
1000,386,3.0,3,0.0,0.0,0.0,0.0,0.0,3500000.0
3350,73,4.0,3,1.0,0.0,1.0,1.0,0.0,27000000.0
1630,303,3.0,3,1.0,1.0,1.0,1.0,1.0,9291000.0
1650,606,3.0,3,1.0,0.0,1.0,1.0,0.0,8150000.0
3350,68,4.0,3,1.0,1.0,1.0,1.0,1.0,42900000.0
1250,181,2.0,3,1.0,0.0,1.0,1.0,0.0,6000000.0
1055,668,2.0,3,1.0,1.0,1.0,0.0,0.0,4700000.0
550,157,1.0,3,1.0,0.0,1.0,1.0,0.0,2200000.0
1076,326,2.0,3,0.0,0.0,0.0,1.0,0.0,4304000.0
933,326,2.0,3,0.0,0.0,0.0,1.0,0.0,3732000.0
1026,326,2.0,3,0.0,0.0,0.0,1.0,0.0,4104000.0
982,326,2.0,3,0.0,0.0,0.0,1.0,0.0,3928000.0
1792,645,3.0,3,1.0,1.0,1.0,1.0,1.0,9100000.0
3498,210,4.0,3,1.0,1.0,1.0,1.0,1.0,29000000.0
1155,54,2.0,3,0.0,0.0,0.0,0.0,0.0,4389000.0
2771,65,4.0,3,1.0,1.0,1.0,1.0,1.0,13700000.0
1480,294,3.0,3,1.0,1.0,1.0,1.0,1.0,9974000.0
2250,39,3.0,3,1.0,0.0,1.0,1.0,0.0,20000000.0
700,524,2.0,3,0.0,0.0,1.0,0.0,0.0,3000000.0
1155,54,2.0,3,0.0,0.0,0.0,0.0,0.0,4158000.0
1155,54,2.0,3,0.0,0.0,0.0,0.0,0.0,4158000.0
1175,54,2.0,3,0.0,0.0,0.0,0.0,0.0,4239000.0
1715,72,3.0,3,1.0,0.0,1.0,1.0,0.0,11000000.0
1100,361,2.0,3,1.0,0.0,1.0,1.0,0.0,4950000.0
2380,303,3.0,3,1.0,1.0,1.0,1.0,0.0,21000000.0
1430,155,3.0,3,1.0,0.0,1.0,1.0,0.0,6006000.0
1008,74,2.0,3,1.0,1.0,1.0,1.0,1.0,2116000.0
1225,435,2.0,3,1.0,0.0,1.0,1.0,0.0,4800000.0
1175,54,3.0,3,0.0,0.0,0.0,0.0,0.0,4236000.0
1580,210,3.0,3,1.0,1.0,1.0,1.0,1.0,9638000.0
1170,342,2.0,3,0.0,0.0,0.0,0.0,0.0,7000000.0
1055,375,2.0,3,0.0,0.0,0.0,1.0,0.0,4100000.0
1216,320,2.0,3,1.0,1.0,1.0,1.0,1.0,8400000.0
4799,169,4.0,3,1.0,1.0,1.0,1.0,1.0,40700000.0
1780,524,3.0,3,1.0,1.0,0.0,1.0,1.0,14900000.0
1515,482,3.0,3,1.0,0.0,0.0,1.0,0.0,6800000.0
4152,169,5.0,3,1.0,1.0,1.0,1.0,1.0,45000000.0
2100,58,3.0,3,1.0,0.0,1.0,1.0,0.0,15000000.0
1155,54,2.0,3,0.0,0.0,0.0,0.0,0.0,4389000.0
1597,645,3.0,3,1.0,1.0,1.0,1.0,1.0,8300000.0
1200,49,2.0,3,1.0,0.0,1.0,1.0,0.0,5200000.0
1000,210,1.0,3,1.0,1.0,1.0,1.0,1.0,15000000.0
1585,157,3.0,3,1.0,0.0,1.0,1.0,0.0,6340000.0
3025,68,4.0,3,1.0,1.0,1.0,1.0,0.0,37000000.0
2166,68,3.0,3,1.0,1.0,1.0,1.0,0.0,27000000.0
1620,170,3.0,3,1.0,1.0,1.0,1.0,1.0,9200000.0
2612,714,3.0,3,1.0,0.0,1.0,1.0,0.0,10400000.0
1170,342,2.0,3,0.0,0.0,0.0,0.0,0.0,7028000.0
1680,294,3.0,3,1.0,1.0,1.0,1.0,1.0,12000000.0
1400,730,2.0,3,1.0,0.0,1.0,1.0,0.0,8000000.0
1400,169,3.0,3,1.0,1.0,1.0,1.0,1.0,4198000.0
1585,156,3.0,3,1.0,0.0,1.0,1.0,0.0,6340000.0
1620,170,3.0,3,1.0,1.0,1.0,1.0,1.0,9500000.0
1620,170,3.0,3,1.0,1.0,1.0,1.0,1.0,9500000.0
1620,170,3.0,3,1.0,1.0,1.0,1.0,1.0,9500000.0
1620,170,3.0,3,1.0,1.0,1.0,1.0,1.0,9500000.0
1232,48,2.0,3,1.0,0.0,0.0,1.0,0.0,4600000.0
1470,636,2.0,3,1.0,1.0,1.0,1.0,1.0,5800000.0
1555,14,3.0,3,1.0,0.0,1.0,1.0,1.0,6220000.0
1175,54,2.0,3,0.0,0.0,0.0,0.0,0.0,4230000.0
1470,218,2.0,3,1.0,1.0,1.0,1.0,1.0,5800000.0
1360,320,2.0,3,1.0,1.0,1.0,1.0,1.0,9400000.0
1400,413,3.0,3,1.0,0.0,1.0,1.0,0.0,4000000.0
1090,435,2.0,3,1.0,0.0,1.0,1.0,0.0,4300000.0
1170,342,2.0,3,0.0,0.0,0.0,0.0,0.0,5967000.0
1441,320,2.0,3,1.0,1.0,1.0,1.0,1.0,8900000.0
1735,294,3.0,3,0.0,1.0,1.0,1.0,1.0,10500000.0
3230,414,3.0,3,1.0,1.0,1.0,1.0,1.0,22000000.0
1271,294,2.0,3,1.0,1.0,1.0,1.0,1.0,7800000.0
750,50,2.0,3,0.0,0.0,0.0,0.0,0.0,2700000.0
1740,320,3.0,3,1.0,1.0,1.0,1.0,1.0,12000000.0
1155,54,2.0,3,0.0,0.0,0.0,0.0,0.0,4158000.0
1155,54,2.0,3,0.0,0.0,0.0,0.0,0.0,4158000.0
1175,54,2.0,3,0.0,0.0,0.0,0.0,0.0,4500000.0
1175,54,2.0,3,0.0,0.0,0.0,0.0,0.0,4500000.0
1155,54,2.0,3,1.0,0.0,1.0,1.0,0.0,4389000.0
1220,412,2.0,3,1.0,0.0,1.0,1.0,0.0,6500000.0
1320,303,2.0,3,1.0,1.0,1.0,1.0,1.0,10500000.0
3380,294,4.0,3,1.0,1.0,1.0,1.0,1.0,21000000.0
4395,414,4.0,3,1.0,1.0,1.0,1.0,1.0,45000000.0
1860,411,3.0,3,1.0,1.0,1.0,1.0,1.0,12000000.0
1500,269,3.0,3,1.0,0.0,1.0,0.0,0.0,6200000.0
1170,342,2.0,3,0.0,0.0,0.0,0.0,0.0,6800000.0
2865,338,4.0,3,1.0,1.0,1.0,1.0,1.0,40000000.0
4152,169,5.0,3,1.0,1.0,1.0,1.0,1.0,45000000.0
1270,294,2.0,3,1.0,1.0,1.0,1.0,1.0,8522000.0
1735,294,3.0,3,0.0,1.0,1.0,1.0,1.0,11200000.0
1735,294,3.0,3,0.0,1.0,1.0,1.0,1.0,11000000.0
1216,320,2.0,3,1.0,1.0,1.0,1.0,1.0,11000000.0
1755,220,3.0,3,1.0,1.0,1.0,1.0,1.0,10900000.0
1665,61,3.0,3,1.0,1.0,1.0,1.0,1.0,10500000.0
1130,481,2.0,3,1.0,0.0,1.0,1.0,0.0,4600000.0
1100,320,2.0,3,1.0,0.0,1.0,1.0,0.0,5700000.0
1160,155,2.0,3,1.0,0.0,1.0,1.0,0.0,4872000.0
1490,303,3.0,3,1.0,1.0,1.0,1.0,1.0,11299999.0
1300,504,3.0,3,1.0,0.0,1.0,1.0,0.0,5000000.0
1280,504,3.0,3,1.0,0.0,1.0,1.0,0.0,4500000.0
1000,413,2.0,3,1.0,0.0,1.0,1.0,0.0,4500000.0
1515,482,3.0,3,1.0,0.0,0.0,1.0,0.0,6800000.0
1170,342,2.0,3,0.0,0.0,0.0,0.0,0.0,7000000.0
4146,169,5.0,3,1.0,1.0,1.0,1.0,1.0,35200000.0
4146,169,5.0,3,1.0,1.0,0.0,1.0,1.0,35200000.0
4146,169,5.0,3,1.0,1.0,1.0,1.0,1.0,35200000.0
4146,169,5.0,3,1.0,1.0,1.0,1.0,1.0,35200000.0
2875,41,4.0,3,1.0,1.0,1.0,1.0,1.0,10900000.0
2744,445,4.0,3,1.0,0.0,1.0,1.0,1.0,22500000.0
2192,303,3.0,3,1.0,1.0,1.0,1.0,1.0,10500000.0
550,393,1.0,3,1.0,0.0,1.0,1.0,0.0,2310000.0
2595,338,4.0,3,1.0,1.0,1.0,1.0,1.0,27000000.0
1875,610,3.0,3,1.0,1.0,1.0,1.0,1.0,15000000.0
1460,423,3.0,3,1.0,1.0,1.0,1.0,1.0,7519000.0
1680,294,3.0,3,1.0,1.0,1.0,1.0,1.0,11200000.0
1155,54,2.0,3,0.0,0.0,0.0,0.0,0.0,4389000.0
1175,54,2.0,3,0.0,0.0,0.0,0.0,0.0,4500000.0
1650,606,3.0,3,1.0,0.0,1.0,1.0,0.0,8200000.0
1515,635,3.0,3,1.0,0.0,1.0,1.0,0.0,6363000.0
1500,10,5.0,3,1.0,0.0,1.0,1.0,0.0,6500000.0
1050,303,3.0,3,0.0,0.0,0.0,0.0,0.0,4500000.0
1600,169,3.0,3,1.0,1.0,1.0,1.0,1.0,7998000.0
1511,411,2.0,3,1.0,1.0,1.0,1.0,1.0,8811000.0
2141,69,3.0,3,1.0,0.0,1.0,1.0,0.0,23000000.0
1670,423,3.0,3,1.0,1.0,1.0,1.0,1.0,8624000.0
1155,54,2.0,3,0.0,0.0,0.0,0.0,0.0,4158000.0
1155,54,2.0,3,0.0,0.0,0.0,0.0,0.0,4389000.0
1175,54,2.0,3,0.0,0.0,0.0,0.0,0.0,4500000.0
1931,320,3.0,3,1.0,1.0,1.0,1.0,1.0,13300000.0
1782,320,3.0,3,1.0,1.0,1.0,1.0,1.0,11500000.0
1441,320,2.0,3,1.0,1.0,1.0,1.0,1.0,9400000.0
1441,320,2.0,3,1.0,1.0,1.0,1.0,1.0,9400000.0
1515,635,3.0,3,1.0,0.0,1.0,1.0,0.0,6363000.0
1165,157,2.0,3,0.0,0.0,0.0,0.0,0.0,5100000.0
1740,320,3.0,3,1.0,1.0,1.0,1.0,1.0,12000000.0
1360,320,2.0,3,1.0,1.0,1.0,1.0,1.0,9382000.0
1110,482,2.0,3,0.0,0.0,0.0,0.0,0.0,4500000.0
1675,108,3.0,3,1.0,1.0,1.0,1.0,0.0,11000000.0
1725,183,3.0,3,1.0,1.0,1.0,1.0,1.0,11000000.0
1255,407,2.0,3,1.0,1.0,1.0,1.0,0.0,5647000.0
1515,482,3.0,3,1.0,0.0,0.0,1.0,0.0,6800000.0
1515,482,3.0,3,1.0,0.0,0.0,1.0,0.0,6800000.0
1505,303,3.0,3,1.0,1.0,1.0,1.0,1.0,14000000.0
1650,606,3.0,3,1.0,0.0,1.0,1.0,0.0,8150000.0
1090,320,2.0,3,1.0,0.0,1.0,1.0,0.0,7098999.000000001
1695,320,3.0,3,1.0,0.0,1.0,1.0,0.0,10900000.0
1315,303,2.0,3,1.0,1.0,1.0,1.0,1.0,8095000.0
1885,303,3.0,3,1.0,1.0,1.0,1.0,1.0,11399999.0
1180,170,2.0,3,1.0,1.0,1.0,1.0,0.0,5256000.0
1555,170,3.0,3,1.0,1.0,1.0,1.0,0.0,6931000.0
1728,169,3.0,3,1.0,1.0,1.0,1.0,1.0,13500000.0
1189,455,2.0,3,1.0,0.0,1.0,0.0,0.0,6000000.0
1100,361,2.0,3,0.0,0.0,0.0,0.0,0.0,6000000.0
1782,320,3.0,3,1.0,1.0,1.0,1.0,1.0,11500000.0
1782,320,3.0,3,1.0,1.0,1.0,1.0,1.0,11500000.0
1735,320,3.0,3,1.0,1.0,1.0,1.0,1.0,11000000.0
2192,303,3.0,3,1.0,1.0,1.0,1.0,1.0,10500000.0
1075,300,2.0,3,0.0,0.0,0.0,0.0,0.0,4085000.0
1265,300,2.0,3,0.0,0.0,0.0,0.0,0.0,4427000.0
1782,320,3.0,3,1.0,1.0,1.0,1.0,1.0,15400000.0
2700,636,3.0,3,0.0,0.0,0.0,0.0,0.0,45000000.0
4829,169,4.0,3,1.0,1.0,1.0,1.0,1.0,24500000.0
1279,320,2.0,3,1.0,1.0,1.0,1.0,1.0,8823000.0
1216,320,2.0,3,1.0,1.0,1.0,1.0,1.0,8389000.0
1441,320,2.0,3,1.0,1.0,1.0,1.0,1.0,9941000.0
1200,423,2.0,3,1.0,1.0,1.0,1.0,1.0,6180000.0
1150,53,2.0,3,1.0,0.0,0.0,1.0,0.0,4340000.0
1475,53,3.0,3,1.0,0.0,0.0,1.0,0.0,5510000.0
1100,300,2.0,3,1.0,0.0,1.0,1.0,0.0,5050000.0
1470,108,3.0,3,1.0,1.0,1.0,1.0,1.0,9300000.0
1780,606,3.0,3,1.0,1.0,1.0,1.0,1.0,13000000.0
2460,361,3.0,3,1.0,1.0,1.0,1.0,1.0,18500000.0
2540,294,3.0,3,1.0,1.0,1.0,1.0,1.0,17500000.0
1130,414,2.0,3,1.0,1.0,1.0,1.0,1.0,6102000.0
1495,414,3.0,3,1.0,1.0,1.0,1.0,1.0,8070000.0
1395,414,2.0,3,1.0,1.0,1.0,1.0,1.0,7533000.0
1275,414,2.0,3,1.0,1.0,1.0,1.0,1.0,6884999.000000001
1875,294,3.0,3,1.0,1.0,1.0,1.0,1.0,10800000.0
2630,294,4.0,3,1.0,1.0,1.0,1.0,1.0,17000000.0
2630,294,4.0,3,1.0,1.0,1.0,1.0,1.0,17000000.0
4700,245,4.0,3,1.0,1.0,1.0,1.0,1.0,61000000.0
4300,245,4.0,3,1.0,1.0,1.0,1.0,1.0,55800000.0
1700,645,3.0,3,1.0,1.0,1.0,1.0,1.0,8000000.0
2630,294,4.0,3,1.0,1.0,1.0,1.0,1.0,18400000.0
1230,53,2.0,3,0.0,0.0,0.0,0.0,0.0,4500000.0
1000,484,2.0,3,1.0,0.0,1.0,1.0,0.0,3600000.0
1150,54,2.0,3,1.0,0.0,1.0,0.0,0.0,3500000.0
1195,413,3.0,3,1.0,0.0,0.0,1.0,0.0,4000000.0
1050,433,2.0,3,0.0,0.0,0.0,0.0,0.0,5200000.0
1122,644,2.0,3,0.0,0.0,0.0,0.0,0.0,5900000.0
1441,320,2.0,3,1.0,1.0,1.0,1.0,1.0,9400000.0
1710,303,3.0,3,1.0,1.0,1.0,1.0,1.0,13300000.0
1600,414,3.0,3,1.0,1.0,1.0,1.0,1.0,7998000.0
2020,303,3.0,3,1.0,1.0,1.0,1.0,1.0,10500000.0
3190,338,4.0,3,1.0,1.0,1.0,1.0,1.0,32000000.0
1175,54,2.0,3,0.0,0.0,0.0,0.0,0.0,4236000.0
1175,54,2.0,3,0.0,0.0,0.0,0.0,0.0,4236000.0
1155,54,2.0,3,0.0,0.0,0.0,0.0,0.0,4158000.0
1155,54,2.0,3,0.0,0.0,0.0,0.0,0.0,4158000.0
1155,54,2.0,3,0.0,0.0,0.0,0.0,0.0,4158000.0
1175,54,2.0,3,0.0,0.0,0.0,0.0,0.0,4236000.0
1220,54,2.0,3,0.0,0.0,0.0,0.0,0.0,4158000.0
1155,54,2.0,3,0.0,0.0,0.0,0.0,0.0,4158000.0
1155,54,2.0,3,0.0,0.0,0.0,0.0,0.0,4158000.0
1155,54,2.0,3,0.0,0.0,0.0,0.0,0.0,4158000.0
1155,54,2.0,3,0.0,0.0,0.0,0.0,0.0,4389000.0
1175,54,2.0,3,0.0,0.0,0.0,0.0,0.0,4236000.0
1155,54,2.0,3,0.0,0.0,0.0,0.0,0.0,4158000.0
1165,303,2.0,3,1.0,1.0,1.0,1.0,1.0,6640000.000000001
1775,65,3.0,3,1.0,1.0,1.0,1.0,1.0,6000000.0
1662,169,3.0,3,1.0,1.0,1.0,1.0,1.0,16000000.0
1770,414,3.0,3,1.0,1.0,1.0,1.0,1.0,9558000.0
3493,210,4.0,3,1.0,1.0,1.0,1.0,1.0,29000000.0
1050,320,2.0,3,0.0,0.0,0.0,1.0,0.0,5500000.0
1515,635,3.0,3,1.0,0.0,1.0,0.0,0.0,6363000.0
2815,303,3.0,3,1.0,1.0,1.0,1.0,1.0,13500000.0
2191,303,3.0,3,1.0,1.0,1.0,1.0,1.0,10500000.0
2813,303,3.0,3,1.0,1.0,1.0,1.0,1.0,13500000.0
1535,294,3.0,3,1.0,1.0,1.0,1.0,1.0,9517000.0
1535,294,3.0,3,1.0,1.0,1.0,1.0,1.0,9517000.0
1535,294,3.0,3,1.0,1.0,1.0,1.0,1.0,8903000.0
2630,294,4.0,3,1.0,1.0,1.0,1.0,1.0,16299999.0
2630,294,4.0,3,1.0,1.0,1.0,1.0,1.0,16299999.0
2630,294,4.0,3,1.0,1.0,1.0,1.0,1.0,16299999.0
2630,294,4.0,3,1.0,1.0,1.0,1.0,1.0,16299999.0
2630,294,4.0,3,1.0,1.0,1.0,1.0,1.0,15200000.0
2630,294,4.0,3,1.0,1.0,1.0,1.0,1.0,15200000.0
2630,294,4.0,3,1.0,1.0,1.0,1.0,1.0,15200000.0
2630,294,4.0,3,1.0,1.0,1.0,1.0,1.0,15200000.0
2630,294,4.0,3,1.0,1.0,1.0,1.0,1.0,15200000.0
2630,294,4.0,3,1.0,1.0,1.0,1.0,1.0,15200000.0
2630,294,4.0,3,1.0,1.0,1.0,1.0,1.0,15200000.0
2630,294,4.0,3,1.0,1.0,1.0,1.0,1.0,15200000.0
4146,169,5.0,3,1.0,1.0,1.0,1.0,1.0,35200000.0
4146,169,5.0,3,1.0,1.0,1.0,1.0,1.0,35200000.0
4146,169,5.0,3,1.0,1.0,1.0,1.0,1.0,35200000.0
4146,169,5.0,3,1.0,1.0,1.0,1.0,1.0,35200000.0
4800,245,4.0,3,1.0,1.0,1.0,1.0,1.0,62300000.0
2607,303,3.0,3,1.0,1.0,1.0,1.0,1.0,12500000.0
1535,294,3.0,3,1.0,1.0,1.0,1.0,1.0,12000000.0
1730,414,3.0,3,1.0,1.0,1.0,1.0,1.0,14500000.0
3490,338,4.0,3,1.0,1.0,1.0,1.0,1.0,34000000.0
1834,361,3.0,3,1.0,1.0,1.0,1.0,1.0,15000000.0
2025,387,4.0,3,1.0,0.0,1.0,1.0,0.0,7200000.0
1000,483,2.0,3,1.0,0.0,1.0,0.0,0.0,3700000.0
1580,210,3.0,3,1.0,1.0,1.0,1.0,1.0,9800000.0
2615,169,3.0,3,1.0,1.0,1.0,1.0,0.0,13000000.0
2191,303,3.0,3,1.0,1.0,1.0,1.0,1.0,15800000.0
1190,731,2.0,3,0.0,0.0,0.0,0.0,0.0,4600000.0
4400,320,4.0,3,1.0,1.0,1.0,1.0,1.0,30000000.0
1270,411,2.0,3,1.0,1.0,1.0,1.0,1.0,7438000.0
1100,300,2.0,3,0.0,0.0,0.0,0.0,0.0,4800000.0
8500,327,6.0,3,0.0,0.0,0.0,0.0,0.0,29000000.0
900,413,2.0,3,1.0,0.0,0.0,0.0,0.0,3800000.0
3448,169,4.0,3,1.0,1.0,1.0,1.0,1.0,27000000.0
1865,210,3.0,3,1.0,1.0,1.0,1.0,1.0,12100000.0
1589,14,3.0,3,1.0,1.0,1.0,1.0,0.0,7950000.0
2025,629,3.0,3,1.0,0.0,0.0,1.0,0.0,10500000.0
2191,303,3.0,3,1.0,1.0,1.0,1.0,1.0,10500000.0
2270,414,3.0,3,1.0,1.0,1.0,1.0,1.0,14500000.0
1615,303,3.0,3,1.0,1.0,1.0,1.0,1.0,14000000.0
1745,414,3.0,3,1.0,1.0,1.0,1.0,1.0,11200000.0
960,414,2.0,3,0.0,1.0,1.0,0.0,1.0,7500000.0
1190,53,2.0,3,0.0,0.0,0.0,0.0,0.0,4641000.0
2615,414,3.0,3,1.0,1.0,1.0,1.0,1.0,16600000.0
2815,303,3.0,3,1.0,1.0,1.0,1.0,1.0,13500000.0
2800,303,3.0,3,1.0,1.0,1.0,1.0,1.0,13400000.0
2600,303,3.0,3,1.0,1.0,1.0,1.0,1.0,12400000.0
2452,303,3.0,3,1.0,1.0,1.0,1.0,1.0,11700000.0
2815,303,3.0,3,1.0,1.0,1.0,1.0,1.0,13500000.0
1604,342,3.0,3,0.0,0.0,0.0,0.0,0.0,5500000.0
1050,195,2.0,3,1.0,0.0,1.0,1.0,0.0,5500000.0
1620,170,3.0,3,0.0,0.0,0.0,0.0,0.0,8000000.0
2540,294,3.0,3,1.0,1.0,1.0,1.0,1.0,16000000.0
2160,210,3.0,3,1.0,1.0,1.0,1.0,1.0,15000000.0
1050,658,2.0,3,1.0,0.0,0.0,0.0,0.0,5400000.0
1150,210,2.0,3,1.0,1.0,1.0,1.0,0.0,3900000.0
2265,210,3.0,3,1.0,1.0,1.0,1.0,1.0,14800000.0
1500,338,3.0,3,1.0,1.0,1.0,1.0,1.0,8000000.0
1688,629,3.0,3,1.0,0.0,0.0,1.0,0.0,9800000.0
1100,481,2.0,3,1.0,0.0,1.0,1.0,0.0,4600000.0
1875,294,3.0,3,1.0,1.0,1.0,1.0,1.0,12100000.0
1050,50,2.0,3,0.0,0.0,0.0,0.0,0.0,4200000.0
2625,338,3.0,3,1.0,1.0,1.0,1.0,1.0,27000000.0
3448,169,4.0,3,1.0,1.0,0.0,1.0,1.0,27000000.0
2385,610,3.0,3,1.0,1.0,1.0,1.0,1.0,15000000.0
1800,414,3.0,3,1.0,1.0,1.0,1.0,1.0,11200000.0
2607,303,3.0,3,1.0,1.0,1.0,1.0,1.0,20000000.0
3240,338,4.0,3,1.0,1.0,1.0,1.0,1.0,29200000.0
2865,338,4.0,3,1.0,1.0,1.0,1.0,1.0,25800000.0
1125,482,2.0,3,1.0,0.0,1.0,0.0,0.0,4060000.0
2050,606,3.0,3,0.0,0.0,0.0,0.0,0.0,14000000.0
3300,68,4.0,3,1.0,0.0,1.0,1.0,0.0,29700000.0
1300,728,3.0,3,0.0,0.0,0.0,0.0,0.0,3250000.0
1240,342,2.0,3,0.0,0.0,0.0,0.0,0.0,3450000.0
1665,411,3.0,3,1.0,1.0,1.0,1.0,1.0,9855000.0
1265,411,2.0,3,1.0,1.0,1.0,1.0,1.0,7536000.0
2644,414,3.0,3,1.0,1.0,1.0,1.0,1.0,9782000.0
1000,74,2.0,3,0.0,0.0,0.0,0.0,0.0,2500000.0
1550,106,3.0,3,1.0,0.0,0.0,1.0,0.0,6500000.0
4500,386,5.0,3,0.0,0.0,1.0,0.0,0.0,18000000.0
1640,342,3.0,3,0.0,0.0,0.0,0.0,0.0,5300000.0
3450,629,4.0,3,1.0,1.0,1.0,1.0,1.0,55000000.0
1150,338,2.0,3,1.0,1.0,1.0,1.0,1.0,3900000.0
1150,74,2.0,3,1.0,1.0,1.0,1.0,1.0,3900000.0
1770,303,3.0,3,1.0,1.0,1.0,1.0,1.0,10700000.0
1960,208,3.0,3,0.0,0.0,0.0,0.0,0.0,12000000.0
980,96,2.0,3,1.0,0.0,1.0,1.0,0.0,3800000.0
1195,303,2.0,3,1.0,1.0,1.0,1.0,1.0,7500000.0
1200,39,2.0,3,0.0,0.0,0.0,0.0,0.0,9000000.0
1590,39,3.0,3,0.0,0.0,0.0,0.0,0.0,12000000.0
2220,414,3.0,3,1.0,1.0,1.0,1.0,1.0,15000000.0
1592,320,3.0,3,1.0,1.0,1.0,1.0,1.0,12600000.0
1380,72,3.0,3,1.0,0.0,0.0,1.0,0.0,6500000.0
4375,338,5.0,3,1.0,1.0,1.0,1.0,1.0,32799999.000000004
1640,342,3.0,3,0.0,0.0,0.0,0.0,0.0,5500000.0
1240,342,2.0,3,0.0,0.0,0.0,0.0,0.0,3720000.0000000005
1300,224,3.0,3,0.0,0.0,0.0,0.0,0.0,3200000.0
1240,342,2.0,3,0.0,0.0,0.0,0.0,0.0,3720000.0000000005
1160,405,2.0,3,1.0,1.0,1.0,1.0,1.0,5600000.0
1695,320,3.0,3,1.0,0.0,1.0,1.0,0.0,11200000.0
1090,320,2.0,3,1.0,0.0,1.0,1.0,0.0,7317000.0
1275,169,2.0,3,1.0,1.0,1.0,1.0,1.0,11500000.0
1350,294,2.0,3,1.0,0.0,1.0,1.0,0.0,10200000.0
1250,126,3.0,3,1.0,0.0,0.0,1.0,0.0,6300000.0
2500,127,3.0,3,0.0,0.0,0.0,0.0,0.0,13500000.0
3258,414,4.0,3,1.0,1.0,1.0,1.0,1.0,22700000.0
1165,386,2.0,3,1.0,0.0,1.0,1.0,0.0,5242000.0
1250,504,3.0,3,0.0,0.0,0.0,0.0,0.0,5200000.0
950,460,2.0,3,0.0,0.0,0.0,0.0,0.0,2400000.0
1100,48,3.0,3,0.0,0.0,0.0,0.0,0.0,3100000.0
2925,606,4.0,3,0.0,1.0,1.0,0.0,1.0,14600000.0
1710,303,3.0,3,1.0,1.0,1.0,1.0,1.0,13000000.0
2664,414,3.0,3,1.0,1.0,1.0,1.0,1.0,9782000.0
2000,414,3.0,3,1.0,1.0,1.0,1.0,1.0,7400000.0
1150,12,2.0,3,1.0,0.0,0.0,0.0,0.0,4800000.0
1150,481,2.0,3,1.0,0.0,1.0,1.0,0.0,4140000.0
1145,39,2.0,3,0.0,0.0,0.0,0.0,0.0,8500000.0
1900,303,3.0,3,1.0,1.0,1.0,1.0,1.0,16500000.0
1580,210,3.0,3,1.0,1.0,1.0,1.0,1.0,10000000.0
2192,303,3.0,3,1.0,1.0,1.0,1.0,1.0,10500000.0
2595,210,3.0,3,1.0,1.0,1.0,1.0,1.0,20500000.0
960,208,2.0,3,1.0,0.0,1.0,1.0,0.0,5760000.0
1665,342,3.0,3,0.0,0.0,0.0,0.0,0.0,5500000.0
950,460,2.0,3,0.0,0.0,0.0,0.0,0.0,2400000.0
1735,320,3.0,3,1.0,1.0,1.0,1.0,1.0,12200000.0
1360,320,2.0,3,1.0,1.0,1.0,1.0,1.0,9600000.0
1208,320,2.0,3,1.0,1.0,1.0,1.0,1.0,8500000.0
1740,320,3.0,3,1.0,1.0,1.0,1.0,1.0,12200000.0
1200,53,2.0,3,0.0,0.0,0.0,0.0,0.0,4680000.0
1240,53,2.0,3,0.0,0.0,0.0,0.0,0.0,4836000.0
1240,53,2.0,3,0.0,0.0,0.0,0.0,0.0,4836000.0
1200,53,2.0,3,0.0,0.0,0.0,0.0,0.0,4680000.0
1600,53,3.0,3,0.0,0.0,0.0,0.0,0.0,6240000.0
1270,53,2.0,3,0.0,0.0,0.0,0.0,0.0,4953000.0
1080,14,2.0,3,1.0,0.0,1.0,1.0,1.0,4320000.0
1020,11,2.0,3,1.0,0.0,1.0,1.0,0.0,4850000.0
1145,387,2.0,3,1.0,0.0,1.0,1.0,0.0,4800000.0
1575,108,3.0,3,1.0,0.0,1.0,1.0,0.0,8031999.0
1700,320,3.0,3,1.0,0.0,1.0,1.0,0.0,10300000.0
1730,320,2.0,3,1.0,0.0,1.0,1.0,0.0,10500000.0
1090,320,2.0,3,1.0,0.0,1.0,1.0,0.0,6648999.000000001
2300,50,3.0,3,1.0,1.0,1.0,0.0,0.0,17000000.0
3900,68,4.0,3,1.0,0.0,1.0,1.0,0.0,41500000.0
3765,68,4.0,3,1.0,1.0,1.0,1.0,0.0,45100000.0
2021,39,3.0,3,1.0,1.0,1.0,1.0,1.0,12700000.0
2000,414,3.0,3,1.0,1.0,1.0,1.0,1.0,7400000.0
2220,414,3.0,3,1.0,1.0,1.0,1.0,1.0,15000000.0
2230,414,3.0,3,1.0,1.0,1.0,1.0,1.0,15000000.0
1834,361,3.0,3,1.0,1.0,1.0,1.0,1.0,16200000.0
4070,338,4.0,3,1.0,1.0,1.0,1.0,1.0,42500000.0
1834,361,3.0,3,1.0,1.0,1.0,1.0,1.0,16000000.0
4700,320,4.0,3,1.0,1.0,1.0,1.0,1.0,41000000.0
1314,361,2.0,3,1.0,1.0,1.0,1.0,1.0,10000000.0
3355,169,4.0,3,1.0,1.0,1.0,1.0,1.0,26800000.0
4146,169,5.0,3,1.0,1.0,1.0,1.0,1.0,33100000.0
3448,169,4.0,3,1.0,1.0,1.0,1.0,1.0,27500000.0
1200,460,3.0,3,0.0,0.0,0.0,0.0,0.0,3200000.0
1300,460,3.0,3,0.0,0.0,0.0,0.0,0.0,3250000.0
1600,127,3.0,3,1.0,0.0,0.0,1.0,0.0,9000000.0
7600,320,8.0,3,0.0,0.0,0.0,0.0,0.0,35000000.0
1515,482,3.0,3,1.0,0.0,0.0,1.0,0.0,6800000.0
1515,482,3.0,3,1.0,0.0,0.0,1.0,0.0,6800000.0
1515,482,3.0,3,1.0,0.0,0.0,1.0,0.0,6800000.0
1515,482,3.0,3,1.0,0.0,0.0,1.0,0.0,6800000.0
1515,482,3.0,3,1.0,0.0,0.0,1.0,0.0,6800000.0
1515,482,3.0,3,1.0,0.0,0.0,1.0,0.0,6800000.0
1515,482,3.0,3,1.0,0.0,0.0,1.0,0.0,6800000.0
1515,482,3.0,3,1.0,0.0,0.0,1.0,0.0,6800000.0
1515,482,3.0,3,1.0,0.0,0.0,1.0,0.0,6800000.0
1515,482,3.0,3,1.0,0.0,0.0,1.0,0.0,6800000.0
1515,482,3.0,3,1.0,0.0,0.0,1.0,0.0,6800000.0
1515,482,3.0,3,1.0,0.0,0.0,1.0,0.0,6800000.0
1515,482,3.0,3,1.0,0.0,0.0,1.0,0.0,6800000.0
1515,482,3.0,3,1.0,0.0,0.0,1.0,0.0,6800000.0
1515,482,3.0,3,1.0,0.0,0.0,1.0,0.0,6800000.0
1515,482,3.0,3,1.0,0.0,0.0,1.0,0.0,6800000.0
1515,482,3.0,3,1.0,0.0,0.0,1.0,0.0,6800000.0
1515,482,3.0,3,1.0,0.0,0.0,1.0,0.0,6800000.0
1513,482,3.0,3,1.0,0.0,0.0,1.0,0.0,6800000.0
1515,482,3.0,3,1.0,0.0,0.0,1.0,0.0,6800000.0
1557,524,3.0,3,1.0,0.0,1.0,1.0,0.0,11000000.0
1300,460,3.0,3,0.0,0.0,0.0,0.0,0.0,3100000.0
2025,632,3.0,3,1.0,1.0,1.0,1.0,0.0,12500000.0
1260,632,2.0,3,1.0,1.0,1.0,1.0,0.0,7800000.0
1834,361,3.0,3,1.0,1.0,1.0,1.0,1.0,14500000.0
1580,645,3.0,3,1.0,1.0,1.0,1.0,0.0,7200000.0
1860,414,3.0,3,1.0,1.0,1.0,1.0,1.0,14000000.0
1005,719,2.0,3,0.0,0.0,0.0,0.0,0.0,2211000.0
1200,75,2.0,3,1.0,0.0,1.0,1.0,0.0,3500000.0
1057,65,2.0,3,1.0,1.0,1.0,1.0,1.0,3000000.0
2122,39,3.0,3,1.0,1.0,1.0,1.0,1.0,13300000.0
910,460,2.0,3,0.0,0.0,0.0,0.0,0.0,3200000.0
1375,461,3.0,3,0.0,0.0,0.0,0.0,0.0,4000000.0
1001,407,2.0,3,0.0,0.0,0.0,0.0,0.0,2002000.0
2000,303,3.0,3,1.0,1.0,1.0,1.0,1.0,10000000.0
1615,303,3.0,3,1.0,1.0,1.0,1.0,1.0,14000000.0
3085,245,3.0,3,1.0,1.0,1.0,1.0,1.0,40000000.0
2250,210,4.0,3,0.0,0.0,0.0,0.0,0.0,17000000.0
3195,303,3.0,3,0.0,0.0,0.0,0.0,0.0,21500000.0
1735,294,3.0,3,0.0,1.0,1.0,1.0,1.0,9542000.0
3450,338,4.0,3,1.0,1.0,1.0,1.0,1.0,33500000.0
1500,303,3.0,3,0.0,0.0,0.0,0.0,0.0,8200000.0
1175,54,2.0,3,0.0,0.0,0.0,0.0,0.0,4230000.0
1155,54,2.0,3,0.0,0.0,0.0,0.0,0.0,4158000.0
910,460,2.0,3,1.0,1.0,0.0,1.0,0.0,3300000.0
1005,271,2.0,3,1.0,0.0,0.0,1.0,0.0,3500000.0
1150,58,2.0,3,0.0,0.0,0.0,1.0,0.0,5500000.0
1002,386,2.0,3,0.0,0.0,0.0,0.0,0.0,3507000.0
1013,386,2.0,3,0.0,0.0,0.0,0.0,0.0,3545000.0000000005
1005,386,2.0,3,0.0,0.0,0.0,0.0,0.0,3517000.0
1007,386,2.0,3,0.0,0.0,0.0,0.0,0.0,3524000.0
1012,386,2.0,3,0.0,0.0,0.0,0.0,0.0,3542000.0
1010,407,2.0,3,0.0,0.0,0.0,0.0,0.0,2020000.0
1400,407,3.0,3,0.0,0.0,0.0,0.0,0.0,2800000.0
1665,298,3.0,3,0.0,0.0,0.0,0.0,0.0,5700000.0
1002,375,2.0,3,0.0,0.0,0.0,0.0,0.0,4008000.0
2200,107,3.0,3,1.0,1.0,1.0,1.0,0.0,9300000.0
2000,107,3.0,3,1.0,1.0,1.0,1.0,0.0,9200000.0
1600,107,3.0,3,1.0,1.0,1.0,1.0,0.0,9300000.0
1691,107,3.0,3,1.0,1.0,1.0,1.0,0.0,9300000.0
1500,107,3.0,3,1.0,1.0,1.0,1.0,0.0,9300000.0
1175,482,2.0,3,1.0,0.0,0.0,1.0,0.0,3600000.0
1600,108,3.0,3,1.0,0.0,1.0,1.0,0.0,8460000.0
1150,108,2.0,3,1.0,0.0,1.0,1.0,0.0,6165000.0
1230,320,2.0,3,1.0,1.0,1.0,1.0,1.0,6895999.000000001
1090,320,2.0,3,1.0,0.0,1.0,1.0,1.0,6168000.0
1190,386,2.0,3,1.0,1.0,1.0,1.0,1.0,8692000.0
1920,386,3.0,3,1.0,1.0,1.0,1.0,1.0,10700000.0
1905,386,3.0,3,1.0,1.0,1.0,1.0,1.0,10700000.0
1295,303,2.0,3,1.0,1.0,1.0,1.0,1.0,11200000.0
3380,294,4.0,3,1.0,1.0,1.0,1.0,1.0,22500000.0
3615,629,4.0,3,1.0,1.0,1.0,1.0,1.0,27100000.0
2600,415,3.0,3,1.0,1.0,1.0,1.0,1.0,22100000.0
2100,709,3.0,3,1.0,1.0,1.0,1.0,1.0,10900000.0
3025,167,3.0,3,1.0,1.0,1.0,1.0,1.0,28700000.0
2600,415,3.0,3,1.0,1.0,1.0,1.0,1.0,22100000.0
3590,632,3.0,3,1.0,1.0,1.0,1.0,1.0,39400000.0
3590,632,3.0,3,1.0,1.0,1.0,1.0,1.0,39400000.0
3875,629,3.0,3,1.0,1.0,1.0,1.0,1.0,29000000.0
4290,629,3.0,3,1.0,1.0,1.0,1.0,1.0,32100000.0
1765,61,3.0,3,1.0,1.0,1.0,1.0,1.0,6354000.0
1940,61,3.0,3,1.0,1.0,1.0,1.0,1.0,6984000.0
2445,245,3.0,3,1.0,0.0,1.0,1.0,0.0,16500000.0
1830,294,3.0,3,0.0,0.0,0.0,0.0,0.0,12000000.0
1125,289,4.0,3,0.0,1.0,1.0,0.0,0.0,5000000.0
1300,460,3.0,3,0.0,0.0,0.0,0.0,0.0,3200000.0
910,460,2.0,3,0.0,0.0,0.0,0.0,0.0,3250000.0
1550,461,3.0,3,0.0,0.0,0.0,0.0,0.0,4750000.0
1650,460,3.0,3,0.0,0.0,0.0,0.0,0.0,4800000.0
1650,460,3.0,3,0.0,0.0,0.0,0.0,0.0,4800000.0
1475,461,3.0,3,0.0,0.0,0.0,0.0,0.0,4550000.0
1475,461,3.0,3,0.0,0.0,0.0,0.0,0.0,4150000.0
1500,460,2.0,3,0.0,0.0,0.0,0.0,0.0,3550000.0
1550,461,3.0,3,0.0,0.0,0.0,0.0,0.0,4450000.0
1400,461,3.0,3,0.0,0.0,0.0,0.0,0.0,3900000.0
1350,460,2.0,3,0.0,0.0,0.0,0.0,0.0,3800000.0
1475,461,3.0,3,0.0,0.0,0.0,0.0,0.0,4250000.0
1650,461,3.0,3,0.0,0.0,0.0,0.0,0.0,4850000.0
1375,460,2.0,3,0.0,0.0,0.0,0.0,0.0,4050000.0
1475,461,3.0,3,0.0,0.0,0.0,0.0,0.0,4500000.0
1000,150,2.0,3,0.0,0.0,0.0,0.0,0.0,4800000.0
1950,645,3.0,3,1.0,0.0,1.0,1.0,0.0,8600000.0
1535,303,3.0,3,1.0,1.0,1.0,1.0,1.0,8749000.0
1550,250,3.0,3,1.0,0.0,0.0,0.0,0.0,8300000.0
1510,699,3.0,3,1.0,0.0,1.0,0.0,0.0,8700000.0
920,88,3.0,3,0.0,0.0,0.0,0.0,0.0,4000000.0
1742,169,3.0,3,1.0,1.0,1.0,1.0,0.0,13700000.0
3765,68,4.0,3,1.0,1.0,1.0,1.0,1.0,57500000.0
2750,169,3.0,3,1.0,0.0,1.0,1.0,1.0,16500000.0
1160,22,2.0,3,1.0,0.0,0.0,1.0,0.0,4582000.0
2450,361,4.0,3,1.0,0.0,1.0,1.0,0.0,11200000.0
4700,245,4.0,3,1.0,0.0,1.0,1.0,0.0,55000000.0
1100,327,2.0,3,0.0,0.0,0.0,0.0,0.0,4600000.0
1250,719,2.0,3,0.0,0.0,0.0,0.0,0.0,3375000.0
1250,298,2.0,3,0.0,0.0,0.0,0.0,0.0,4300000.0
1006,386,2.0,3,0.0,0.0,0.0,0.0,0.0,3521000.0
1200,298,2.0,3,0.0,0.0,0.0,0.0,0.0,4500000.0
1250,298,2.0,3,0.0,0.0,0.0,0.0,0.0,4250000.0
1250,298,2.0,3,0.0,0.0,0.0,0.0,0.0,4600000.0
1205,298,2.0,3,0.0,0.0,0.0,0.0,0.0,4217000.0
1206,298,2.0,3,0.0,0.0,0.0,0.0,0.0,4221000.0
1208,297,2.0,3,0.0,0.0,0.0,0.0,0.0,4228000.0
1202,298,2.0,3,0.0,0.0,0.0,0.0,0.0,4207000.0
1203,298,2.0,3,0.0,0.0,0.0,0.0,0.0,4210000.0
1104,303,2.0,3,0.0,0.0,0.0,0.0,0.0,4968000.0
1600,303,3.0,3,0.0,0.0,0.0,0.0,0.0,7200000.0
1242,298,2.0,3,0.0,0.0,0.0,0.0,0.0,4469000.0
1210,25,2.0,3,0.0,0.0,0.0,0.0,0.0,3600000.0
1630,136,3.0,3,1.0,0.0,1.0,1.0,0.0,5200000.0
990,136,2.0,3,1.0,0.0,1.0,1.0,0.0,3200000.0
1450,53,3.0,3,0.0,0.0,0.0,0.0,0.0,6500000.0
950,507,2.0,3,0.0,0.0,1.0,0.0,0.0,2900000.0
1050,217,2.0,3,0.0,0.0,0.0,0.0,0.0,4830000.0
1400,522,2.0,3,0.0,0.0,0.0,0.0,0.0,19500000.0
1050,217,2.0,3,0.0,0.0,0.0,0.0,0.0,5200000.0
1200,76,2.0,3,1.0,1.0,1.0,1.0,0.0,7800000.0
4150,279,4.0,3,1.0,0.0,1.0,1.0,0.0,26000000.0
1500,636,5.0,3,1.0,0.0,1.0,1.0,0.0,3700000.0
1530,338,3.0,3,1.0,1.0,1.0,1.0,1.0,9800000.0
1250,39,3.0,3,1.0,0.0,1.0,0.0,0.0,10500000.0
1296,725,2.0,3,1.0,0.0,1.0,1.0,0.0,4276000.0
998,610,2.0,3,1.0,1.0,1.0,1.0,0.0,3400000.0
1850,392,4.0,3,1.0,1.0,1.0,1.0,1.0,9800000.0
1115,386,2.0,3,1.0,1.0,1.0,1.0,0.0,9500000.0
2630,210,3.0,3,1.0,1.0,1.0,1.0,1.0,21000000.0
500,524,2.0,3,0.0,0.0,0.0,0.0,0.0,2800000.0
1085,197,2.0,3,1.0,0.0,1.0,1.0,0.0,6300000.0
1325,169,2.0,3,1.0,1.0,1.0,0.0,0.0,5100000.0
1200,298,2.0,3,0.0,0.0,0.0,0.0,0.0,4200000.0
1201,298,2.0,3,0.0,0.0,0.0,0.0,0.0,4203000.0
1260,298,2.0,3,0.0,0.0,0.0,0.0,0.0,4600000.0
1103,303,2.0,3,0.0,0.0,0.0,0.0,0.0,4963000.0
1106,303,2.0,3,0.0,0.0,0.0,0.0,0.0,4977000.0
1360,320,2.0,3,1.0,1.0,1.0,1.0,1.0,9500000.0
1740,320,3.0,3,1.0,1.0,1.0,1.0,1.0,12200000.0
920,88,3.0,3,0.0,0.0,0.0,0.0,0.0,4000000.0
1200,2,2.0,3,1.0,0.0,1.0,1.0,0.0,6000000.0
1440,2,3.0,3,1.0,0.0,1.0,1.0,0.0,5200000.0
1010,521,2.0,3,1.0,0.0,1.0,1.0,0.0,5500000.0
1080,521,2.0,3,1.0,0.0,1.0,1.0,0.0,4500000.0
1950,300,3.0,3,1.0,1.0,1.0,1.0,1.0,6500000.0
1834,361,3.0,3,1.0,1.0,1.0,1.0,1.0,15000000.0
2200,610,3.0,3,1.0,1.0,1.0,1.0,0.0,13500000.0
1133,610,2.0,3,1.0,1.0,1.0,1.0,0.0,6900000.0
1650,606,3.0,3,0.0,0.0,0.0,1.0,0.0,8200000.0
2600,245,3.0,3,1.0,0.0,1.0,1.0,0.0,17500000.0
500,294,2.0,3,0.0,0.0,0.0,0.0,0.0,2750000.0
1075,670,2.0,3,0.0,0.0,0.0,0.0,0.0,4000000.0
1100,730,2.0,3,1.0,0.0,0.0,1.0,0.0,5000000.0
1120,169,2.0,3,1.0,1.0,1.0,1.0,0.0,9500000.0
1200,608,2.0,3,1.0,1.0,1.0,1.0,0.0,3800000.0
1200,608,2.0,3,1.0,1.0,1.0,1.0,0.0,4000000.0
1120,608,2.0,3,1.0,1.0,1.0,1.0,0.0,3900000.0
1295,303,2.0,3,1.0,1.0,1.0,1.0,1.0,10000000.0
1490,303,3.0,3,1.0,1.0,1.0,1.0,1.0,12000000.0
1270,294,2.0,3,0.0,1.0,1.0,0.0,1.0,8255000.0
1100,731,2.0,3,1.0,0.0,1.0,1.0,0.0,3900000.0
1050,667,2.0,3,1.0,0.0,1.0,1.0,0.0,4216000.0
1978,667,3.0,3,1.0,0.0,1.0,1.0,0.0,7912000.0
1360,351,3.0,3,1.0,0.0,1.0,1.0,0.0,5900000.0
2000,320,3.0,3,1.0,1.0,1.0,1.0,1.0,9500000.0
3537,245,3.0,3,1.0,1.0,1.0,1.0,1.0,45000000.0
1100,635,2.0,3,0.0,0.0,0.0,0.0,0.0,4900000.0
1935,423,3.0,3,1.0,1.0,1.0,1.0,0.0,9500000.0
1080,659,2.0,3,1.0,0.0,1.0,1.0,0.0,5700000.0
1200,659,2.0,3,1.0,1.0,1.0,1.0,0.0,6000000.0
1905,118,3.0,3,1.0,0.0,1.0,1.0,0.0,15400000.0
1570,76,3.0,3,1.0,1.0,1.0,1.0,0.0,11299999.0
1570,76,3.0,3,1.0,0.0,1.0,1.0,1.0,11299999.0
1800,169,3.0,3,1.0,1.0,1.0,1.0,0.0,10500000.0
1700,169,3.0,3,1.0,1.0,1.0,1.0,0.0,10000000.0
1600,423,3.0,3,1.0,1.0,1.0,1.0,0.0,11500000.0
1655,423,3.0,3,1.0,1.0,1.0,1.0,0.0,10000000.0
1800,361,3.0,3,1.0,1.0,1.0,1.0,0.0,9800000.0
1300,361,2.0,3,1.0,1.0,1.0,1.0,0.0,6500000.0
1207,298,2.0,3,0.0,0.0,0.0,0.0,0.0,4224000.0
3430,210,4.0,3,0.0,0.0,0.0,0.0,0.0,35800000.0
2160,169,3.0,3,0.0,0.0,0.0,0.0,0.0,19500000.0
3430,210,3.0,3,0.0,0.0,0.0,0.0,0.0,36000000.0
3430,210,4.0,3,0.0,0.0,0.0,0.0,0.0,35800000.0
2655,338,3.0,3,0.0,0.0,0.0,0.0,0.0,27500000.0
861,217,2.0,3,0.0,0.0,0.0,0.0,0.0,4500000.0
3152,386,4.0,3,0.0,1.0,1.0,1.0,1.0,17300000.0
1650,606,3.0,3,0.0,0.0,0.0,1.0,0.0,8200000.0
1550,226,3.0,3,1.0,0.0,1.0,1.0,0.0,8525000.0
1030,721,2.0,3,1.0,0.0,1.0,1.0,0.0,5200000.0
3550,613,3.0,3,1.0,0.0,1.0,1.0,0.0,17500000.0
2983,633,4.0,3,1.0,0.0,1.0,1.0,0.0,18000000.0
2225,303,3.0,3,1.0,1.0,1.0,1.0,1.0,19300000.0
4160,610,4.0,3,1.0,1.0,1.0,1.0,1.0,35000000.0
1900,144,3.0,3,1.0,0.0,1.0,0.0,0.0,12500000.0
1105,144,2.0,3,1.0,0.0,1.0,0.0,0.0,7200000.0
1150,332,2.0,3,1.0,1.0,1.0,1.0,1.0,3900000.0
4600,167,4.0,3,1.0,0.0,1.0,1.0,0.0,46000000.0
2120,210,3.0,3,1.0,1.0,1.0,1.0,1.0,15000000.0
2103,303,3.0,3,1.0,1.0,1.0,1.0,1.0,12000000.0
1760,423,3.0,3,1.0,1.0,1.0,1.0,1.0,11000000.0
1150,11,2.0,3,1.0,1.0,1.0,1.0,1.0,3900000.0
1150,332,2.0,3,1.0,1.0,1.0,1.0,1.0,3900000.0
1700,245,3.0,3,1.0,1.0,1.0,1.0,0.0,11000000.0
2232,320,3.0,3,1.0,1.0,1.0,1.0,1.0,16500000.0
1740,320,3.0,3,1.0,1.0,1.0,1.0,1.0,12200000.0
1592,320,3.0,3,1.0,1.0,1.0,1.0,1.0,11500000.0
1360,320,2.0,3,1.0,1.0,1.0,1.0,1.0,9500000.0
1208,320,2.0,3,1.0,1.0,1.0,1.0,1.0,8400000.0
1200,65,2.0,3,1.0,1.0,1.0,1.0,1.0,3500000.0
2160,210,3.0,3,1.0,1.0,1.0,1.0,1.0,15200000.0
1834,361,3.0,3,1.0,1.0,1.0,1.0,1.0,14800000.0
1650,88,3.0,3,0.0,0.0,0.0,1.0,0.0,7500000.0
1180,708,2.0,3,0.0,0.0,0.0,1.0,0.0,4567000.0
1200,708,2.0,3,0.0,0.0,0.0,1.0,0.0,4650000.0
1220,708,2.0,3,0.0,0.0,0.0,1.0,0.0,4700000.0
1180,708,2.0,3,0.0,0.0,0.0,1.0,0.0,4567000.0
1200,708,2.0,3,0.0,0.0,0.0,1.0,0.0,4650000.0
3975,338,5.0,3,1.0,1.0,1.0,1.0,1.0,39800000.0
2655,338,3.0,3,1.0,1.0,1.0,1.0,1.0,27000000.0
1160,529,3.0,3,0.0,0.0,0.0,0.0,0.0,4700000.0
1570,661,2.0,3,0.0,0.0,0.0,0.0,0.0,7065000.000000001
1725,76,3.0,3,1.0,0.0,1.0,1.0,0.0,12400000.0
1725,76,3.0,3,1.0,0.0,1.0,1.0,0.0,12400000.0
1725,76,3.0,3,1.0,0.0,1.0,0.0,0.0,12400000.0
1725,76,3.0,3,1.0,0.0,1.0,0.0,1.0,12400000.0
1570,76,3.0,3,1.0,0.0,1.0,0.0,1.0,11299999.0
2644,169,3.0,3,0.0,0.0,0.0,0.0,0.0,9782000.0
965,668,2.0,3,0.0,0.0,0.0,0.0,0.0,4400000.0
1850,361,4.0,3,1.0,0.0,0.0,1.0,0.0,8510000.0
1000,294,2.0,3,0.0,0.0,0.0,0.0,0.0,5500000.0
1310,327,3.0,3,0.0,0.0,0.0,0.0,0.0,5700000.0
2150,145,3.0,3,0.0,0.0,0.0,0.0,0.0,15000000.0
1150,61,2.0,3,1.0,1.0,1.0,1.0,1.0,3900000.0
1150,169,2.0,3,1.0,1.0,1.0,1.0,1.0,3900000.0
1150,303,2.0,3,1.0,1.0,1.0,1.0,1.0,3900000.0
1150,320,2.0,3,1.0,1.0,1.0,1.0,1.0,3900000.0
1150,250,2.0,3,1.0,1.0,1.0,1.0,1.0,3900000.0
1945,423,3.0,3,0.0,1.0,1.0,0.0,1.0,12500000.0
1360,320,2.0,3,1.0,1.0,1.0,1.0,1.0,10500000.0
1150,61,2.0,3,1.0,1.0,1.0,1.0,1.0,3900000.0
1150,169,2.0,3,1.0,1.0,1.0,1.0,1.0,3900000.0
1150,303,2.0,3,1.0,1.0,1.0,1.0,1.0,3900000.0
1150,320,2.0,3,1.0,1.0,1.0,1.0,1.0,3900000.0
1150,250,2.0,3,1.0,1.0,1.0,1.0,1.0,3900000.0
1150,250,2.0,3,1.0,1.0,1.0,1.0,1.0,3900000.0
1150,435,2.0,3,1.0,1.0,1.0,0.0,1.0,3900000.0
1150,11,2.0,3,1.0,1.0,1.0,1.0,1.0,3900000.0
1150,25,2.0,3,1.0,1.0,1.0,1.0,1.0,3900000.0
1150,53,2.0,3,1.0,1.0,1.0,1.0,1.0,3900000.0
1150,386,2.0,3,1.0,1.0,1.0,1.0,1.0,3900000.0
1150,108,2.0,3,1.0,1.0,1.0,1.0,1.0,3900000.0
1150,460,2.0,3,1.0,1.0,1.0,1.0,1.0,3900000.0
1150,614,2.0,3,1.0,1.0,1.0,1.0,1.0,3900000.0
1150,356,2.0,3,1.0,1.0,1.0,1.0,1.0,3900000.0
1269,439,2.0,3,1.0,0.0,1.0,1.0,0.0,6000000.0
1200,423,2.0,3,1.0,1.0,1.0,1.0,0.0,4876000.0
1100,423,2.0,3,1.0,1.0,1.0,1.0,0.0,4367000.0
1150,108,2.0,3,1.0,1.0,1.0,1.0,1.0,3900000.0
1150,25,2.0,3,1.0,1.0,1.0,1.0,1.0,3900000.0
1150,386,2.0,3,1.0,1.0,1.0,1.0,1.0,3900000.0
1150,61,2.0,3,1.0,1.0,1.0,1.0,1.0,3900000.0
1150,169,2.0,3,1.0,1.0,1.0,1.0,1.0,3900000.0
1150,210,2.0,3,1.0,1.0,1.0,1.0,1.0,3900000.0
1150,338,2.0,3,1.0,1.0,1.0,1.0,1.0,3900000.0
1150,303,2.0,3,1.0,1.0,1.0,1.0,0.0,3900000.0
1150,250,2.0,3,1.0,1.0,1.0,1.0,1.0,3900000.0
1200,423,2.0,3,1.0,1.0,1.0,1.0,0.0,4876000.0
1100,423,2.0,3,1.0,1.0,1.0,1.0,0.0,4367000.0
1600,183,3.0,3,1.0,1.0,1.0,1.0,0.0,7600000.0
1510,90,3.0,3,1.0,1.0,1.0,1.0,1.0,5587000.0
1365,90,3.0,3,1.0,1.0,1.0,1.0,1.0,5050000.0
1691,107,3.0,3,1.0,0.0,1.0,1.0,0.0,9300000.0
1725,76,3.0,3,1.0,0.0,1.0,1.0,0.0,12400000.0
4070,338,4.0,3,1.0,1.0,1.0,1.0,1.0,43500000.0
3430,338,3.0,3,1.0,1.0,1.0,1.0,1.0,35000000.0
1100,361,2.0,3,1.0,0.0,1.0,0.0,0.0,6300000.0
1450,644,3.0,3,1.0,0.0,1.0,1.0,0.0,7000000.0
3434,169,4.0,3,1.0,1.0,1.0,1.0,1.0,26500000.0
1314,361,2.0,3,1.0,1.0,1.0,1.0,1.0,9900000.0
3474,68,4.0,3,1.0,0.0,1.0,1.0,0.0,24000000.0
4600,245,4.0,3,1.0,0.0,1.0,1.0,0.0,31000000.0
1250,312,2.0,3,0.0,1.0,0.0,1.0,0.0,6000000.0
2100,208,3.0,3,0.0,0.0,0.0,1.0,0.0,12500000.0
1150,59,2.0,3,1.0,0.0,0.0,0.0,0.0,5500000.0
4070,338,4.0,3,1.0,1.0,1.0,1.0,1.0,42000000.0
1695,320,3.0,3,1.0,1.0,1.0,1.0,1.0,9000000.0
2460,414,3.0,3,1.0,1.0,1.0,1.0,1.0,15500000.0
2000,303,3.0,3,1.0,1.0,1.0,1.0,1.0,11000000.0
3695,68,4.0,3,1.0,1.0,1.0,1.0,1.0,50000000.0
2220,414,3.0,3,1.0,1.0,1.0,1.0,1.0,15000000.0
1822,471,3.0,3,1.0,0.0,1.0,1.0,0.0,8500000.0
1595,521,3.0,3,1.0,0.0,1.0,1.0,0.0,5000000.0
1535,158,3.0,3,1.0,0.0,1.0,1.0,0.0,12600000.0
1665,297,3.0,3,1.0,1.0,1.0,1.0,1.0,5000000.0
1278,320,2.0,3,1.0,1.0,1.0,1.0,1.0,11000000.0
2600,320,4.0,3,1.0,1.0,1.0,1.0,1.0,18500000.0
2500,210,3.0,3,1.0,1.0,1.0,1.0,1.0,20000000.0
1535,158,3.0,3,1.0,0.0,1.0,1.0,0.0,12600000.0
2460,414,3.0,3,1.0,1.0,1.0,1.0,1.0,15500000.0
2270,414,3.0,3,1.0,1.0,1.0,1.0,1.0,18000000.0
1600,414,3.0,3,1.0,1.0,1.0,1.0,1.0,12000000.0
1000,516,2.0,3,1.0,0.0,0.0,1.0,0.0,4000000.0
1180,435,2.0,3,0.0,0.0,0.0,1.0,0.0,4566000.0
1100,53,2.0,3,0.0,0.0,0.0,1.0,0.0,3829999.0
3180,169,3.0,3,1.0,1.0,1.0,1.0,1.0,32000000.0
1691,107,3.0,3,1.0,0.0,1.0,1.0,0.0,9300000.0
1691,107,3.0,3,1.0,0.0,1.0,1.0,0.0,9300000.0
1691,107,3.0,3,1.0,0.0,1.0,1.0,0.0,9300000.0
5440,414,4.0,3,1.0,1.0,1.0,1.0,1.0,60000000.0
2850,245,3.0,3,1.0,0.0,1.0,1.0,0.0,19800000.0
3556,68,4.0,3,1.0,0.0,0.0,1.0,0.0,27500000.0
1300,39,3.0,3,1.0,0.0,0.0,1.0,0.0,5500000.0
2566,361,4.0,3,1.0,1.0,1.0,1.0,1.0,15000000.0
1980,621,3.0,3,1.0,0.0,0.0,1.0,0.0,9000000.0
1436,439,3.0,3,1.0,0.0,0.0,1.0,0.0,3500000.0
4000,704,4.0,3,1.0,0.0,1.0,1.0,0.0,22000000.0
1000,430,2.0,3,1.0,0.0,0.0,1.0,0.0,3500000.0
2644,169,3.0,3,1.0,1.0,1.0,1.0,0.0,9782000.0
2813,310,3.0,3,0.0,0.0,0.0,0.0,1.0,13500000.0
2815,310,3.0,3,0.0,0.0,0.0,0.0,1.0,13500000.0
1300,336,2.0,3,1.0,0.0,0.0,1.0,0.0,4800000.0
4320,183,4.0,3,1.0,1.0,1.0,0.0,1.0,40000000.0
1450,320,3.0,3,1.0,1.0,1.0,1.0,1.0,9300000.0
1331,10,2.0,3,1.0,0.0,0.0,1.0,0.0,7200000.0
2650,310,3.0,3,0.0,0.0,0.0,0.0,0.0,17000000.0
1570,76,3.0,3,1.0,0.0,1.0,1.0,0.0,11299999.0
2160,210,3.0,3,1.0,1.0,1.0,1.0,1.0,14000000.0
1580,210,3.0,3,1.0,1.0,1.0,1.0,1.0,11200000.0
2160,210,3.0,3,1.0,1.0,1.0,1.0,1.0,15500000.0
970,361,2.0,3,0.0,0.0,0.0,1.0,0.0,5000000.0
800,252,2.0,3,0.0,0.0,0.0,0.0,0.0,4000000.0
1358,208,3.0,3,0.0,0.0,0.0,0.0,0.0,10000000.0
1145,435,2.0,3,1.0,0.0,0.0,0.0,0.0,3800000.0
2000,144,3.0,3,0.0,0.0,0.0,0.0,0.0,14000000.0
2075,158,3.0,3,1.0,0.0,0.0,1.0,0.0,13400000.0
1600,355,3.0,3,1.0,0.0,0.0,1.0,0.0,7500000.0
1230,316,2.0,3,1.0,0.0,0.0,1.0,0.0,4000000.0
1060,158,2.0,3,1.0,0.0,0.0,1.0,0.0,7200000.0
3325,169,3.0,3,1.0,1.0,1.0,1.0,1.0,37500000.0
1822,704,3.0,3,1.0,0.0,0.0,1.0,0.0,8500000.0
2115,704,3.0,3,1.0,0.0,0.0,1.0,0.0,14000000.0
880,516,2.0,3,1.0,0.0,0.0,1.0,0.0,4000000.0
925,355,2.0,3,1.0,0.0,0.0,1.0,0.0,4600000.0
1554,714,3.0,3,1.0,0.0,0.0,1.0,0.0,6200000.0
4730,68,4.0,3,0.0,0.0,0.0,0.0,0.0,61400000.0
1725,76,3.0,3,1.0,0.0,1.0,1.0,0.0,12400000.0
1525,76,3.0,3,1.0,0.0,1.0,1.0,0.0,11000000.0
1525,76,3.0,3,1.0,0.0,1.0,1.0,0.0,11000000.0
3883,310,4.0,3,0.0,0.0,0.0,0.0,0.0,29500000.0
5440,414,4.0,3,0.0,1.0,0.0,1.0,1.0,57500000.0
3031,210,4.0,3,1.0,1.0,1.0,1.0,1.0,24000000.0
1860,411,3.0,3,1.0,1.0,1.0,1.0,1.0,15500000.0
1875,485,3.0,3,0.0,1.0,1.0,1.0,1.0,7875000.0
2008,169,3.0,3,0.0,0.0,0.0,0.0,0.0,7429000.000000001
1290,183,2.0,3,1.0,1.0,1.0,1.0,1.0,8500000.0
2160,210,3.0,3,1.0,1.0,1.0,1.0,1.0,14000000.0
1000,499,3.0,3,0.0,0.0,0.0,0.0,0.0,3500000.0
1150,53,2.0,3,1.0,0.0,1.0,0.0,0.0,4140000.0
1170,435,2.0,3,1.0,0.0,1.0,1.0,0.0,4680000.0
4305,338,4.0,3,1.0,1.0,1.0,1.0,1.0,33000000.0
2800,303,3.0,3,1.0,1.0,0.0,0.0,0.0,13400000.0
1500,740,3.0,3,1.0,0.0,0.0,0.0,0.0,5700000.0
1090,320,2.0,3,1.0,1.0,1.0,1.0,1.0,6277000.0
1230,320,2.0,3,1.0,1.0,1.0,1.0,1.0,7019000.0
1435,320,3.0,3,1.0,1.0,1.0,1.0,1.0,8105000.0
1115,386,2.0,3,1.0,1.0,1.0,1.0,1.0,8181999.0
1945,386,3.0,3,1.0,1.0,1.0,1.0,1.0,10900000.0
1616,691,3.0,3,1.0,1.0,1.0,1.0,1.0,14000000.0
1100,635,2.0,3,0.0,0.0,0.0,0.0,0.0,4400000.0
1300,386,2.0,3,1.0,0.0,1.0,1.0,0.0,5200000.0
2690,169,3.0,3,0.0,0.0,0.0,0.0,0.0,20000000.0
2750,169,3.0,3,0.0,0.0,0.0,0.0,0.0,165000000.0
1834,361,3.0,3,1.0,1.0,1.0,1.0,1.0,14500000.0
1091,485,2.0,3,0.0,0.0,0.0,1.0,0.0,3500000.0
1500,43,3.0,3,0.0,0.0,0.0,0.0,0.0,7500000.0
1500,43,3.0,3,0.0,0.0,0.0,0.0,0.0,7500000.0
1834,361,3.0,3,1.0,1.0,1.0,1.0,1.0,15500000.0
1920,386,3.0,3,1.0,1.0,1.0,1.0,1.0,10700000.0
1425,386,2.0,3,1.0,1.0,1.0,1.0,1.0,10200000.0
1220,435,2.0,3,0.0,0.0,0.0,0.0,0.0,4700000.0
1615,88,3.0,3,0.0,0.0,0.0,0.0,0.0,7400000.0
1540,72,3.0,3,0.0,0.0,0.0,0.0,0.0,8500000.0
1400,158,2.0,3,1.0,0.0,0.0,1.0,0.0,6000000.0
1200,635,2.0,3,1.0,0.0,0.0,1.0,0.0,5200000.0
1425,438,3.0,3,1.0,0.0,0.0,1.0,0.0,5500000.0
1580,603,2.0,3,1.0,0.0,0.0,1.0,0.0,6500000.0
1844,411,3.0,3,1.0,1.0,1.0,1.0,1.0,9293000.0
2120,411,3.0,3,1.0,1.0,1.0,1.0,1.0,10600000.0
1000,250,2.0,3,1.0,0.0,0.0,1.0,0.0,6500000.0
965,250,2.0,3,0.0,0.0,1.0,1.0,0.0,6000000.0
2500,498,4.0,3,1.0,1.0,1.0,1.0,1.0,19500000.0
1100,62,2.0,3,0.0,0.0,0.0,0.0,0.0,4200000.0
875,272,2.0,3,0.0,0.0,0.0,0.0,0.0,4000000.0
1610,203,3.0,3,0.0,0.0,0.0,0.0,0.0,8000000.0
1420,730,3.0,3,1.0,0.0,0.0,1.0,0.0,8520000.0
2460,414,3.0,3,1.0,1.0,1.0,1.0,1.0,17300000.0
3250,210,4.0,3,1.0,1.0,1.0,1.0,1.0,32500000.0
1100,714,2.0,3,0.0,0.0,0.0,0.0,0.0,4070000.0000000005
1100,714,2.0,3,0.0,0.0,0.0,1.0,0.0,4070000.0000000005
1735,294,3.0,3,0.0,1.0,1.0,1.0,1.0,11200000.0
1510,485,2.0,3,0.0,1.0,1.0,1.0,1.0,6342000.0
1320,485,2.0,3,0.0,1.0,1.0,1.0,1.0,5544000.0
2175,485,3.0,3,0.0,1.0,1.0,1.0,1.0,9135000.0
1980,485,3.0,3,0.0,1.0,1.0,1.0,1.0,8316000.0
1560,485,3.0,3,0.0,1.0,1.0,1.0,1.0,6552000.0
2000,485,3.0,3,0.0,1.0,1.0,1.0,1.0,8400000.0
2005,485,3.0,3,0.0,1.0,1.0,1.0,1.0,8421000.0
1340,485,2.0,3,0.0,1.0,1.0,1.0,1.0,5628000.0
1880,485,3.0,3,0.0,1.0,1.0,1.0,1.0,7895999.000000001
1415,485,2.0,3,0.0,1.0,1.0,1.0,1.0,5943000.0
2180,485,3.0,3,0.0,1.0,1.0,1.0,1.0,9156000.0
2190,485,3.0,3,0.0,1.0,1.0,1.0,1.0,9198000.0
1600,485,3.0,3,0.0,1.0,1.0,1.0,1.0,6720000.0
2260,210,3.0,3,1.0,1.0,1.0,1.0,1.0,17000000.0
2015,210,3.0,3,1.0,1.0,1.0,1.0,1.0,15000000.0
1250,298,2.0,3,0.0,0.0,0.0,0.0,0.0,4500000.0
1001,386,2.0,3,0.0,0.0,0.0,0.0,0.0,3503000.0
1551,718,3.0,3,0.0,0.0,0.0,0.0,0.0,5600000.0
3000,245,3.0,3,1.0,0.0,0.0,0.0,0.0,7500000.0
1245,298,2.0,3,0.0,0.0,0.0,0.0,0.0,4600000.0
1016,71,3.0,4,0.0,1.0,1.0,1.0,0.0,2235000.0
1111,282,2.0,4,0.0,0.0,1.0,0.0,0.0,3665999.0
1020,497,2.0,4,0.0,0.0,1.0,1.0,0.0,3774000.0
935,422,2.0,4,0.0,1.0,1.0,0.0,1.0,2524000.0
1956,434,3.0,4,1.0,1.0,1.0,1.0,1.0,8300000.0
1179,244,3.0,4,1.0,0.0,1.0,1.0,0.0,3761000.0
1107,642,3.0,4,1.0,1.0,1.0,1.0,1.0,9727000.0
1041,630,3.0,4,0.0,1.0,1.0,0.0,1.0,3372999.0
1174,630,3.0,4,0.0,1.0,1.0,0.0,1.0,3990999.0
1342,341,3.0,4,1.0,1.0,1.0,1.0,0.0,4629000.0
2210,152,4.0,4,1.0,1.0,1.0,1.0,1.0,13000000.0
973,434,2.0,4,1.0,1.0,0.0,1.0,1.0,3611000.0
735,434,2.0,4,0.0,0.0,0.0,1.0,0.0,3300000.0
837,662,2.0,4,1.0,0.0,1.0,1.0,0.0,3765999.0
770,665,2.0,4,1.0,0.0,1.0,1.0,0.0,3850000.0
1377,432,3.0,4,1.0,1.0,1.0,1.0,1.0,9639000.0
5000,396,4.0,4,0.0,1.0,0.0,1.0,1.0,45000000.0
1016,71,3.0,4,0.0,1.0,1.0,1.0,0.0,2235000.0
1111,282,2.0,4,0.0,0.0,1.0,0.0,0.0,3665999.0
1020,497,2.0,4,0.0,0.0,1.0,1.0,0.0,3774000.0
935,422,2.0,4,0.0,1.0,1.0,0.0,1.0,2524000.0
1956,434,3.0,4,1.0,1.0,1.0,1.0,1.0,8300000.0
1179,244,3.0,4,1.0,0.0,1.0,1.0,0.0,3761000.0
1107,642,3.0,4,1.0,1.0,1.0,1.0,1.0,9727000.0
1041,630,3.0,4,0.0,1.0,1.0,0.0,1.0,3372999.0
1174,630,3.0,4,0.0,1.0,1.0,0.0,1.0,3990999.0
1342,341,3.0,4,1.0,1.0,1.0,1.0,0.0,4629000.0
2210,152,4.0,4,1.0,1.0,1.0,1.0,1.0,13000000.0
973,434,2.0,4,1.0,1.0,0.0,1.0,1.0,3611000.0
735,434,2.0,4,0.0,0.0,0.0,1.0,0.0,3300000.0
837,662,2.0,4,1.0,0.0,1.0,1.0,0.0,3765999.0
770,665,2.0,4,1.0,0.0,1.0,1.0,0.0,3850000.0
1377,432,3.0,4,1.0,1.0,1.0,1.0,1.0,9639000.0
5000,396,4.0,4,0.0,1.0,0.0,1.0,1.0,45000000.0
1465,434,3.0,4,1.0,1.0,1.0,1.0,1.0,7500000.0
755,434,2.0,4,1.0,1.0,1.0,0.0,1.0,2400000.0
872,152,2.0,4,0.0,0.0,1.0,1.0,0.0,3488000.0000000005
1113,78,3.0,4,1.0,1.0,1.0,1.0,1.0,4314000.0
1345,628,3.0,4,1.0,0.0,1.0,1.0,1.0,2959000.0
1305,304,3.0,4,1.0,0.0,0.0,1.0,0.0,3132000.0
920,673,2.0,4,0.0,0.0,1.0,1.0,0.0,2852000.0
800,60,2.0,4,0.0,0.0,0.0,1.0,0.0,2600000.0
852,212,2.0,4,1.0,0.0,1.0,1.0,0.0,2362000.0
1080,434,2.0,4,1.0,1.0,1.0,1.0,1.0,8500000.0
1530,216,3.0,4,0.0,0.0,0.0,1.0,0.0,7000000.0
1217,153,1.0,4,0.0,1.0,1.0,1.0,1.0,9200000.0
1200,71,3.0,4,0.0,0.0,0.0,0.0,0.0,3200000.0
1480,434,3.0,4,0.0,0.0,0.0,0.0,0.0,8000000.0
1900,497,3.0,4,1.0,1.0,1.0,1.0,1.0,7500000.0
858,152,2.0,4,1.0,0.0,1.0,0.0,0.0,2574000.0
875,82,2.0,4,0.0,0.0,1.0,1.0,0.0,2187000.0
1920,152,3.0,4,1.0,1.0,1.0,1.0,1.0,11000000.0
1310,152,2.0,4,1.0,1.0,1.0,1.0,1.0,7936000.0
1319,434,3.0,4,0.0,0.0,0.0,1.0,0.0,7300000.0
630,173,2.0,4,0.0,0.0,0.0,0.0,0.0,2350000.0
1080,434,2.0,4,1.0,0.0,1.0,1.0,0.0,4600000.0
1281,734,3.0,4,0.0,0.0,0.0,1.0,0.0,5124000.0
734,497,2.0,4,1.0,1.0,1.0,1.0,1.0,2099000.0
350,530,1.0,4,0.0,0.0,0.0,0.0,1.0,2100000.0
1150,78,3.0,4,0.0,0.0,0.0,0.0,0.0,4025000.0
1753,497,3.0,4,1.0,1.0,1.0,1.0,1.0,7187000.0
1200,174,3.0,4,0.0,0.0,0.0,1.0,0.0,11000000.0
1214,673,3.0,4,0.0,0.0,0.0,0.0,0.0,3399000.0
1200,331,2.0,4,0.0,0.0,0.0,1.0,1.0,8200000.0
900,497,3.0,4,0.0,1.0,0.0,1.0,1.0,7500000.0
750,497,2.0,4,0.0,0.0,0.0,1.0,0.0,2250000.0
750,434,2.0,4,0.0,0.0,0.0,0.0,0.0,4100000.0
3866,434,4.0,4,0.0,0.0,0.0,0.0,0.0,24000000.0
720,286,1.0,5,1.0,0.0,1.0,1.0,0.0,4850000.0
600,286,1.0,5,1.0,1.0,1.0,1.0,1.0,4500000.0
650,286,1.0,5,1.0,1.0,1.0,1.0,1.0,6700000.0
650,286,1.0,5,1.0,0.0,1.0,1.0,0.0,4500000.0
665,286,1.0,5,1.0,0.0,1.0,1.0,0.0,5000000.0
2000,286,4.0,5,1.0,1.0,1.0,1.0,1.0,17000000.0
1550,286,3.0,5,1.0,0.0,1.0,1.0,0.0,12500000.0
1370,592,3.0,5,1.0,0.0,1.0,1.0,0.0,10500000.0
1356,286,3.0,5,1.0,1.0,1.0,1.0,1.0,10500000.0
1680,286,3.0,5,1.0,1.0,1.0,1.0,1.0,15000000.0
980,286,2.0,5,1.0,1.0,1.0,1.0,1.0,8700000.0
1000,286,2.0,5,1.0,0.0,1.0,1.0,0.0,9000000.0
1060,286,2.0,5,1.0,1.0,1.0,1.0,1.0,11000000.0
1095,286,2.0,5,1.0,1.0,1.0,1.0,1.0,10500000.0
1155,286,2.0,5,1.0,1.0,1.0,1.0,1.0,9700000.0
1150,286,2.0,5,1.0,1.0,1.0,1.0,1.0,10500000.0
1250,553,2.0,5,1.0,0.0,1.0,1.0,0.0,8000000.0
990,286,2.0,5,1.0,1.0,1.0,1.0,1.0,8500000.0
1078,286,2.0,5,1.0,1.0,1.0,1.0,1.0,9300000.0
1150,286,2.0,5,1.0,1.0,1.0,1.0,1.0,9900000.0
1150,286,2.0,5,1.0,1.0,1.0,1.0,1.0,8000000.0
1060,286,2.0,5,1.0,1.0,1.0,1.0,1.0,9000000.0
680,286,1.0,5,1.0,0.0,1.0,1.0,0.0,4200000.0
2470,286,4.0,5,1.0,1.0,1.0,1.0,1.0,28000000.0
2100,286,4.0,5,1.0,0.0,1.0,1.0,0.0,40000000.0
2200,286,4.0,5,1.0,1.0,1.0,1.0,1.0,16000000.0
2235,286,4.0,5,1.0,1.0,1.0,1.0,1.0,17000000.0
1025,286,2.0,5,1.0,1.0,1.0,1.0,1.0,9500000.0
950,286,2.0,5,1.0,1.0,1.0,1.0,1.0,9500000.0
895,286,2.0,5,1.0,0.0,1.0,1.0,0.0,7500000.0
1114,286,2.0,5,1.0,1.0,1.0,1.0,1.0,8500000.0
1197,286,2.0,5,1.0,1.0,1.0,1.0,1.0,13000000.0
1380,286,2.0,5,1.0,1.0,1.0,1.0,1.0,13700000.0
1050,286,2.0,5,1.0,0.0,1.0,1.0,0.0,8000000.0
1240,286,2.0,5,1.0,1.0,1.0,1.0,1.0,10500000.0
1110,286,2.0,5,1.0,1.0,1.0,1.0,1.0,7700000.0
1050,286,2.0,5,1.0,0.0,1.0,1.0,0.0,7500000.0
1160,286,2.0,5,1.0,1.0,1.0,1.0,1.0,9000000.0
1078,286,2.0,5,1.0,1.0,1.0,1.0,1.0,9300000.0
555,286,1.0,5,1.0,0.0,1.0,1.0,0.0,6000000.0
650,286,1.0,5,1.0,0.0,1.0,1.0,0.0,6200000.0
600,286,1.0,5,1.0,0.0,1.0,1.0,0.0,5000000.0
650,286,1.0,5,1.0,0.0,1.0,1.0,0.0,6500000.0
700,286,1.0,5,1.0,1.0,1.0,1.0,1.0,5200000.0
646,286,1.0,5,1.0,0.0,1.0,1.0,0.0,4200000.0
560,286,1.0,5,1.0,0.0,1.0,1.0,0.0,5500000.0
670,286,1.0,5,1.0,1.0,1.0,1.0,1.0,5500000.0
740,286,1.0,5,1.0,1.0,1.0,1.0,1.0,6000000.0
636,286,1.0,5,1.0,1.0,1.0,1.0,1.0,5500000.0
680,286,1.0,5,1.0,0.0,1.0,1.0,0.0,4200000.0
1635,286,3.0,5,1.0,1.0,1.0,1.0,0.0,16500000.0
1550,286,3.0,5,1.0,0.0,1.0,1.0,0.0,11399999.0
1500,286,3.0,5,1.0,1.0,1.0,1.0,1.0,13500000.0
1850,286,3.0,5,1.0,1.0,1.0,1.0,1.0,22500000.0
2100,286,4.0,5,1.0,1.0,1.0,1.0,1.0,40000000.0
610,286,1.0,5,1.0,1.0,1.0,1.0,1.0,5700000.0
655,286,1.0,5,1.0,0.0,1.0,0.0,0.0,4800000.0
660,286,1.0,5,1.0,0.0,1.0,1.0,0.0,4500000.0
650,286,1.0,5,1.0,0.0,1.0,1.0,0.0,4300000.0
680,286,1.0,5,1.0,1.0,1.0,1.0,1.0,4500000.0
670,286,1.0,5,1.0,1.0,1.0,1.0,1.0,5300000.0
655,286,1.0,5,1.0,0.0,1.0,1.0,0.0,4803000.0
1800,286,3.0,5,1.0,1.0,1.0,1.0,1.0,13000000.0
1645,286,3.0,5,1.0,1.0,1.0,1.0,1.0,15500000.0
1395,286,3.0,5,1.0,1.0,1.0,1.0,1.0,13000000.0
1150,286,2.0,5,1.0,1.0,1.0,1.0,1.0,8500000.0
1200,286,2.0,5,1.0,1.0,1.0,1.0,1.0,9400000.0
1150,286,2.0,5,1.0,1.0,1.0,1.0,1.0,8000000.0
615,286,1.0,5,1.0,0.0,1.0,1.0,0.0,4500000.0
670,286,1.0,5,1.0,1.0,1.0,1.0,1.0,5300000.0
765,286,1.0,5,1.0,1.0,1.0,1.0,1.0,6000000.0
650,286,1.0,5,1.0,1.0,1.0,1.0,1.0,5600000.0
655,286,1.0,5,1.0,0.0,1.0,1.0,0.0,4803000.0
1760,286,3.0,5,1.0,1.0,1.0,1.0,1.0,17500000.0
1415,286,3.0,5,1.0,1.0,1.0,1.0,1.0,12000000.0
1685,286,3.0,5,1.0,1.0,1.0,1.0,1.0,15000000.0
1800,286,3.0,5,1.0,1.0,1.0,1.0,1.0,13000000.0
1650,286,3.0,5,1.0,1.0,1.0,1.0,1.0,16600000.0
1395,286,3.0,5,1.0,1.0,1.0,1.0,1.0,13000000.0
1200,286,2.0,5,1.0,1.0,1.0,1.0,1.0,9400000.0
1650,286,3.0,5,1.0,1.0,1.0,1.0,1.0,16600000.0
1395,286,3.0,5,1.0,1.0,1.0,1.0,1.0,13000000.0
1200,286,2.0,5,1.0,1.0,1.0,1.0,1.0,9400000.0
1150,286,2.0,5,1.0,1.0,1.0,1.0,1.0,8000000.0
650,286,1.0,5,1.0,0.0,1.0,1.0,1.0,5700000.0
560,286,1.0,5,1.0,0.0,1.0,1.0,0.0,5500000.0
765,286,1.0,5,1.0,1.0,1.0,1.0,1.0,6000000.0
650,286,1.0,5,1.0,1.0,1.0,1.0,1.0,5600000.0
655,286,1.0,5,1.0,0.0,1.0,1.0,0.0,4900000.0
1390,286,3.0,5,1.0,1.0,1.0,1.0,1.0,13500000.0
1590,286,3.0,5,1.0,1.0,1.0,1.0,1.0,22000000.0
1760,286,3.0,5,1.0,1.0,1.0,1.0,1.0,17500000.0
1716,286,3.0,5,1.0,1.0,1.0,1.0,1.0,17800000.0
1680,286,3.0,5,1.0,1.0,1.0,1.0,1.0,14000000.0
1050,286,2.0,5,1.0,1.0,1.0,1.0,1.0,7200000.0
1100,286,2.0,5,1.0,0.0,1.0,1.0,0.0,7000000.0
1635,286,3.0,5,1.0,1.0,1.0,1.0,0.0,15000000.0
1078,286,2.0,5,1.0,1.0,1.0,1.0,1.0,10000000.0
1760,286,3.0,5,1.0,1.0,1.0,1.0,1.0,17500000.0
1415,286,3.0,5,1.0,1.0,1.0,1.0,1.0,11000000.0
1800,286,3.0,5,1.0,1.0,1.0,1.0,1.0,13000000.0
1147,286,2.0,5,1.0,1.0,1.0,1.0,1.0,12500000.0
1197,286,2.0,5,1.0,1.0,1.0,1.0,0.0,13000000.0
1300,286,3.0,5,1.0,1.0,1.0,1.0,1.0,15000000.0
1050,286,2.0,5,1.0,0.0,1.0,1.0,0.0,7500000.0
1240,286,2.0,5,1.0,1.0,1.0,1.0,1.0,9500000.0
1160,286,2.0,5,1.0,1.0,1.0,1.0,1.0,9000000.0
650,286,1.0,5,1.0,0.0,1.0,1.0,0.0,6200000.0
650,286,1.0,5,1.0,0.0,1.0,1.0,1.0,5500000.0
600,561,1.0,5,1.0,0.0,1.0,1.0,0.0,5000000.0
550,286,1.0,5,1.0,0.0,1.0,1.0,0.0,5000000.0
550,286,1.0,5,1.0,1.0,1.0,1.0,1.0,5500000.0
650,286,1.0,5,1.0,0.0,1.0,1.0,0.0,4200000.0
700,286,1.0,5,1.0,1.0,1.0,1.0,1.0,5200000.0
646,286,1.0,5,1.0,0.0,1.0,1.0,0.0,4200000.0
650,286,1.0,5,1.0,0.0,1.0,1.0,0.0,6500000.0
740,286,1.0,5,1.0,1.0,1.0,1.0,1.0,6000000.0
570,286,1.0,5,1.0,0.0,1.0,1.0,0.0,5000000.0
670,286,1.0,5,1.0,1.0,1.0,1.0,1.0,5500000.0
680,286,1.0,5,1.0,0.0,1.0,1.0,0.0,4200000.0
636,286,1.0,5,1.0,1.0,1.0,1.0,1.0,5500000.0
640,286,1.0,5,1.0,1.0,1.0,1.0,1.0,4300000.0
1700,286,3.0,5,1.0,1.0,1.0,1.0,1.0,15500000.0
1635,286,3.0,5,1.0,1.0,1.0,1.0,0.0,16500000.0
1550,286,3.0,5,1.0,0.0,1.0,1.0,0.0,11399999.0
1530,286,3.0,5,1.0,1.0,1.0,1.0,1.0,12000000.0
1500,286,3.0,5,1.0,1.0,1.0,1.0,1.0,13500000.0
1750,286,3.0,5,1.0,0.0,1.0,1.0,0.0,16000000.0
1590,286,3.0,5,1.0,1.0,1.0,1.0,1.0,22000000.0
1415,286,3.0,5,1.0,1.0,1.0,1.0,1.0,11000000.0
1650,286,3.0,5,1.0,1.0,1.0,1.0,1.0,16600000.0
1687,286,3.0,5,1.0,1.0,1.0,1.0,1.0,14000000.0
1150,286,2.0,5,1.0,1.0,1.0,1.0,1.0,8500000.0
1050,286,2.0,5,1.0,0.0,1.0,1.0,0.0,7500000.0
555,286,1.0,5,1.0,0.0,1.0,1.0,0.0,6000000.0
600,286,1.0,5,1.0,0.0,1.0,1.0,1.0,4900000.0
646,286,1.0,5,1.0,0.0,1.0,1.0,0.0,4200000.0
650,286,1.0,5,1.0,0.0,1.0,1.0,0.0,6500000.0
650,286,1.0,5,1.0,0.0,1.0,1.0,0.0,4500000.0
740,286,1.0,5,1.0,1.0,1.0,1.0,1.0,6000000.0
670,286,1.0,5,1.0,1.0,1.0,1.0,1.0,5500000.0
640,286,1.0,5,1.0,1.0,1.0,1.0,1.0,4300000.0
650,286,1.0,5,1.0,0.0,1.0,1.0,0.0,5500000.0
1400,286,3.0,5,1.0,1.0,1.0,1.0,1.0,13500000.0
1750,286,3.0,5,1.0,0.0,1.0,1.0,0.0,16000000.0
1780,286,3.0,5,1.0,1.0,1.0,1.0,1.0,15000000.0
1415,286,3.0,5,1.0,1.0,1.0,1.0,1.0,11000000.0
1687,286,3.0,5,1.0,1.0,1.0,1.0,1.0,14000000.0
1100,286,2.0,5,1.0,0.0,1.0,1.0,0.0,6900000.0
1050,286,2.0,5,1.0,1.0,1.0,1.0,1.0,8300000.0
1160,286,2.0,5,1.0,1.0,1.0,1.0,1.0,9000000.0
700,286,1.0,5,1.0,0.0,1.0,1.0,0.0,5100000.0
625,286,1.0,5,1.0,1.0,1.0,1.0,1.0,5200000.0
646,286,1.0,5,1.0,0.0,1.0,1.0,0.0,4200000.0
670,286,1.0,5,1.0,1.0,1.0,1.0,1.0,5500000.0
550,286,1.0,5,1.0,1.0,1.0,1.0,1.0,5500000.0
650,286,1.0,5,1.0,0.0,1.0,1.0,0.0,6500000.0
650,286,1.0,5,1.0,0.0,1.0,1.0,0.0,5400000.0
660,286,1.0,5,1.0,1.0,1.0,1.0,1.0,5300000.0
550,286,1.0,5,1.0,1.0,1.0,1.0,1.0,5500000.0
570,286,1.0,5,1.0,0.0,1.0,1.0,0.0,5000000.0
1415,286,3.0,5,1.0,1.0,1.0,1.0,1.0,11000000.0
1550,286,3.0,5,1.0,1.0,1.0,1.0,1.0,14000000.0
1760,286,3.0,5,1.0,1.0,1.0,1.0,1.0,17100000.0
1750,286,3.0,5,1.0,0.0,1.0,1.0,0.0,16000000.0
1475,286,3.0,5,1.0,1.0,1.0,1.0,1.0,11800000.0
759,286,1.0,5,1.0,1.0,1.0,1.0,1.0,6000000.0
600,286,1.0,5,1.0,0.0,1.0,1.0,1.0,4850000.0
640,286,1.0,5,1.0,1.0,1.0,1.0,1.0,4300000.0
550,286,1.0,5,1.0,0.0,1.0,1.0,0.0,4500000.0
620,286,1.0,5,1.0,1.0,1.0,1.0,0.0,4100000.0
550,286,1.0,5,1.0,0.0,1.0,1.0,0.0,5000000.0
745,286,1.0,5,1.0,0.0,1.0,1.0,0.0,5500000.0
580,286,1.0,5,1.0,0.0,1.0,0.0,0.0,4500000.0
570,286,1.0,5,1.0,0.0,1.0,1.0,0.0,5000000.0
670,286,1.0,5,1.0,1.0,1.0,1.0,1.0,5300000.0
1845,286,3.0,5,1.0,1.0,1.0,1.0,1.0,19000000.0
1700,286,3.0,5,1.0,1.0,1.0,1.0,1.0,15500000.0
1400,286,3.0,5,1.0,1.0,1.0,1.0,1.0,13500000.0
1680,286,3.0,5,1.0,1.0,1.0,1.0,1.0,13600000.0
1645,286,3.0,5,1.0,1.0,1.0,1.0,1.0,15500000.0
1585,286,3.0,5,1.0,1.0,1.0,1.0,1.0,16500000.0
1350,286,2.0,5,1.0,0.0,1.0,1.0,0.0,8600000.0
1075,286,2.0,5,1.0,1.0,1.0,1.0,1.0,10000000.0
1155,286,2.0,5,1.0,1.0,1.0,1.0,1.0,10500000.0
625,286,1.0,5,1.0,1.0,1.0,1.0,1.0,4700000.0
720,286,1.0,5,1.0,1.0,1.0,1.0,1.0,6200000.0
550,286,1.0,5,1.0,0.0,1.0,1.0,0.0,4500000.0
735,286,1.0,5,1.0,1.0,1.0,1.0,1.0,6900000.0
580,286,1.0,5,1.0,0.0,1.0,1.0,0.0,4500000.0
1505,286,3.0,5,1.0,0.0,1.0,1.0,0.0,10000000.0
1630,286,3.0,5,1.0,0.0,1.0,1.0,0.0,13000000.0
1550,286,3.0,5,1.0,0.0,1.0,1.0,0.0,11000000.0
1455,553,3.0,5,1.0,0.0,1.0,1.0,0.0,13000000.0
1750,286,3.0,5,1.0,0.0,1.0,1.0,0.0,16000000.0
1098,286,2.0,5,1.0,1.0,1.0,1.0,1.0,10500000.0
1210,548,2.0,5,1.0,0.0,1.0,1.0,1.0,13000000.0
1000,286,2.0,5,1.0,1.0,1.0,1.0,1.0,9500000.0
550,286,1.0,5,1.0,0.0,1.0,1.0,0.0,4500000.0
1550,286,3.0,5,1.0,0.0,1.0,1.0,0.0,11000000.0
1550,286,3.0,5,1.0,0.0,1.0,1.0,0.0,11000000.0
1630,286,3.0,5,1.0,0.0,1.0,1.0,0.0,13000000.0
1680,286,3.0,5,1.0,1.0,1.0,1.0,1.0,13600000.0
1650,286,3.0,5,1.0,1.0,1.0,1.0,1.0,16200000.0
1440,286,3.0,5,1.0,1.0,1.0,1.0,1.0,15000000.0
1370,286,3.0,5,1.0,1.0,1.0,1.0,1.0,13200000.0
1022,553,2.0,5,1.0,0.0,1.0,1.0,0.0,7500000.0
1000,286,2.0,5,1.0,1.0,1.0,1.0,1.0,9500000.0
1760,286,3.0,5,1.0,1.0,1.0,1.0,1.0,15000000.0
1100,286,2.0,5,1.0,1.0,1.0,1.0,0.0,7500000.0
1550,561,3.0,5,1.0,1.0,1.0,1.0,1.0,13000000.0
1675,286,3.0,5,1.0,1.0,1.0,1.0,1.0,16200000.0
1060,286,2.0,5,1.0,0.0,0.0,0.0,0.0,11000000.0
1150,286,2.0,5,1.0,1.0,1.0,1.0,1.0,11600000.0
670,286,1.0,5,1.0,1.0,1.0,1.0,1.0,5600000.0
900,286,2.0,5,1.0,1.0,1.0,1.0,1.0,8000000.0
1088,286,2.0,5,1.0,0.0,1.0,1.0,0.0,9500000.0
375,146,1.0,5,0.0,0.0,1.0,0.0,0.0,2018000.0
1200,125,2.0,5,0.0,0.0,0.0,1.0,0.0,65000000.0
1717,480,3.0,5,0.0,0.0,0.0,0.0,0.0,45000000.0
750,243,2.0,5,1.0,0.0,0.0,1.0,0.0,16500000.0
525,260,1.0,5,1.0,1.0,1.0,0.0,1.0,2375000.0
1200,353,2.0,5,0.0,0.0,0.0,0.0,0.0,19500000.0
420,695,1.0,5,0.0,0.0,0.0,0.0,0.0,2000000.0
540,695,1.0,5,0.0,0.0,0.0,0.0,0.0,2500000.0
415,695,1.0,5,0.0,0.0,0.0,0.0,0.0,2250000.0
650,694,1.0,5,0.0,0.0,0.0,0.0,0.0,2700000.0
1100,354,2.0,5,1.0,1.0,1.0,1.0,1.0,22000000.0
1105,94,2.0,5,1.0,1.0,1.0,1.0,1.0,17000000.0
2600,353,3.0,5,1.0,1.0,1.0,1.0,1.0,43500000.0
700,384,1.0,5,1.0,0.0,0.0,1.0,0.0,4760000.0
1296,186,2.0,5,1.0,1.0,1.0,1.0,1.0,18100000.0
1638,186,3.0,5,1.0,1.0,1.0,1.0,1.0,23800000.0
1465,186,3.0,5,1.0,1.0,1.0,1.0,1.0,21200000.0
700,94,1.0,5,1.0,1.0,1.0,1.0,1.0,8600000.0
2030,186,3.0,5,1.0,1.0,1.0,1.0,1.0,36500000.0
1450,354,3.0,5,1.0,1.0,1.0,1.0,1.0,23700000.0
1100,354,2.0,5,1.0,1.0,1.0,1.0,1.0,21400000.0
800,266,2.0,5,1.0,1.0,1.0,1.0,1.0,12500000.0
1500,266,3.0,5,1.0,1.0,1.0,1.0,1.0,18000000.0
1100,266,2.0,5,1.0,1.0,1.0,1.0,1.0,13200000.0
1962,266,3.0,5,1.0,1.0,1.0,1.0,1.0,35300000.0
950,94,2.0,5,1.0,1.0,1.0,1.0,1.0,15300000.0
1440,266,3.0,5,1.0,1.0,1.0,1.0,1.0,25000000.0
1200,266,2.0,5,1.0,1.0,1.0,1.0,1.0,13899999.0
1785,95,3.0,5,1.0,1.0,1.0,1.0,1.0,33500000.0
775,186,2.0,5,1.0,1.0,1.0,1.0,1.0,14500000.0
765,266,1.0,5,1.0,1.0,1.0,1.0,1.0,9000000.0
910,186,2.0,5,1.0,1.0,1.0,1.0,1.0,13500000.0
640,186,1.0,5,1.0,1.0,1.0,1.0,1.0,9000000.0
1264,353,2.0,5,1.0,1.0,1.0,1.0,1.0,21600000.0
1056,266,2.0,5,1.0,1.0,1.0,1.0,1.0,13700000.0
1810,265,3.0,5,1.0,1.0,1.0,1.0,1.0,27799999.000000004
1656,186,3.0,5,1.0,1.0,1.0,1.0,1.0,27900000.0
3888,186,4.0,5,1.0,1.0,1.0,1.0,1.0,81600000.0
2030,95,3.0,5,1.0,1.0,1.0,1.0,1.0,38600000.0
1114,28,3.0,5,1.0,1.0,0.0,1.0,1.0,17000000.0
3585,186,4.0,5,1.0,1.0,1.0,1.0,1.0,60100000.0
1404,185,2.0,5,1.0,1.0,1.0,1.0,1.0,27900000.0
1620,185,3.0,5,1.0,1.0,1.0,1.0,1.0,31500000.0
2780,353,4.0,5,1.0,1.0,1.0,1.0,1.0,37500000.0
1672,353,3.0,5,1.0,1.0,1.0,1.0,1.0,31000000.0
1200,353,2.0,5,1.0,1.0,1.0,1.0,1.0,21100000.0
1200,353,2.0,5,1.0,1.0,1.0,1.0,1.0,16500000.0
1250,94,2.0,5,1.0,1.0,1.0,1.0,1.0,16000000.0
1840,94,3.0,5,1.0,1.0,1.0,1.0,1.0,26000000.0
1170,354,2.0,5,1.0,1.0,1.0,1.0,1.0,15200000.0
310,286,1.0,5,0.0,0.0,1.0,0.0,0.0,2300000.0
1245,700,3.0,5,1.0,1.0,1.0,1.0,1.0,33000000.0
1153,700,3.0,5,1.0,1.0,1.0,1.0,1.0,29000000.0
573,666,2.0,5,1.0,1.0,1.0,1.0,1.0,11200000.0
1100,666,2.0,5,1.0,1.0,1.0,1.0,1.0,9000000.0
1135,666,2.0,5,1.0,1.0,1.0,1.0,1.0,8500000.0
1060,286,2.0,5,1.0,1.0,1.0,1.0,1.0,9000000.0
560,354,1.0,5,0.0,0.0,0.0,0.0,0.0,11500000.0
1150,132,2.0,5,1.0,1.0,1.0,1.0,0.0,12100000.0
1054,723,2.0,5,1.0,1.0,1.0,1.0,1.0,11000000.0
1695,184,3.0,5,1.0,1.0,1.0,1.0,1.0,27000000.0
1579,184,3.0,5,1.0,1.0,1.0,1.0,1.0,21600000.0
2153,184,3.0,5,1.0,1.0,1.0,1.0,1.0,30200000.0
1872,184,4.0,5,1.0,1.0,1.0,1.0,1.0,41200000.0
1717,184,3.0,5,1.0,1.0,1.0,1.0,1.0,30500000.0
1675,185,4.0,5,1.0,1.0,1.0,1.0,1.0,36700000.0
1672,353,3.0,5,1.0,1.0,1.0,1.0,1.0,23800000.0
1457,353,3.0,5,1.0,1.0,1.0,1.0,0.0,20500000.0
425,83,1.0,5,0.0,0.0,0.0,0.0,0.0,5500000.0
560,737,1.0,5,0.0,0.0,0.0,0.0,0.0,9000000.0
1200,528,2.0,5,0.0,0.0,0.0,0.0,0.0,32500000.0
575,267,1.0,5,1.0,1.0,1.0,1.0,1.0,8500000.0
575,267,1.0,5,1.0,1.0,1.0,1.0,1.0,8500000.0
400,94,1.0,5,0.0,0.0,0.0,0.0,0.0,9000000.0
300,265,1.0,5,0.0,0.0,0.0,0.0,0.0,2500000.0
400,219,1.0,5,1.0,0.0,1.0,1.0,0.0,5500000.0
650,134,1.0,5,1.0,0.0,1.0,0.0,0.0,8000000.0
1600,353,3.0,5,1.0,1.0,1.0,1.0,1.0,27500000.0
860,366,1.0,5,1.0,1.0,1.0,1.0,0.0,11500000.0
1320,458,2.0,5,1.0,1.0,1.0,1.0,0.0,35900000.0
1200,335,2.0,5,1.0,1.0,1.0,1.0,0.0,42000000.0
1320,458,2.0,5,1.0,1.0,1.0,1.0,0.0,33100000.0
2826,712,3.0,5,1.0,1.0,1.0,1.0,0.0,106000000.0
2880,335,3.0,5,1.0,1.0,0.0,1.0,0.0,101400000.0
997,242,3.0,5,1.0,0.0,1.0,1.0,0.0,32500000.0
1038,242,2.0,5,0.0,1.0,0.0,1.0,1.0,18500000.0
600,354,1.0,5,1.0,0.0,1.0,1.0,0.0,11000000.0
400,114,1.0,5,1.0,0.0,1.0,1.0,0.0,9200000.0
2800,105,4.0,5,1.0,0.0,1.0,1.0,0.0,50100000.0
1400,113,3.0,5,1.0,0.0,1.0,1.0,0.0,33000000.0
1500,141,3.0,5,1.0,0.0,1.0,1.0,0.0,34100000.0
1412,397,3.0,5,1.0,0.0,0.0,1.0,1.0,21800000.0
1412,397,3.0,5,1.0,0.0,0.0,1.0,1.0,21800000.0
1412,397,3.0,5,1.0,0.0,0.0,1.0,1.0,21200000.0
545,410,1.0,5,1.0,0.0,0.0,1.0,0.0,3000000.0
585,733,1.0,5,1.0,0.0,1.0,1.0,0.0,11000000.0
1000,733,2.0,5,1.0,0.0,1.0,1.0,0.0,17900000.0
1050,478,2.0,5,1.0,0.0,1.0,1.0,0.0,19500000.0
900,185,2.0,5,1.0,0.0,1.0,1.0,0.0,16000000.0
1550,641,3.0,5,1.0,1.0,0.0,1.0,0.0,6400000.0
5245,650,5.0,5,1.0,1.0,0.0,1.0,1.0,90000000.0
529,680,1.0,5,0.0,0.0,0.0,0.0,0.0,2100000.0
530,561,1.0,5,1.0,0.0,1.0,1.0,0.0,3600000.0
1260,585,2.0,5,1.0,0.0,1.0,1.0,0.0,9200000.0
1150,551,2.0,5,1.0,0.0,1.0,1.0,0.0,9200000.0
690,551,1.0,5,1.0,0.0,1.0,1.0,0.0,5300000.0
1260,558,2.0,5,1.0,0.0,1.0,1.0,0.0,9500000.0
1240,585,2.0,5,1.0,0.0,1.0,1.0,0.0,9000000.0
1255,564,2.0,5,1.0,0.0,1.0,1.0,0.0,11000000.0
1055,558,2.0,5,1.0,0.0,1.0,1.0,0.0,7200000.0
1060,585,2.0,5,1.0,0.0,1.0,1.0,0.0,7000000.0
1230,551,2.0,5,1.0,0.0,1.0,1.0,0.0,11000000.0
599,551,1.0,5,1.0,0.0,0.0,1.0,0.0,4500000.0
1665,551,3.0,5,1.0,0.0,1.0,1.0,0.0,16800000.0
1640,551,3.0,5,1.0,0.0,1.0,1.0,0.0,16299999.0
1650,551,3.0,5,1.0,0.0,1.0,1.0,0.0,15500000.0
980,641,2.0,5,1.0,0.0,1.0,0.0,0.0,4900000.0
730,513,1.0,5,1.0,0.0,1.0,0.0,0.0,3400000.0
1020,735,2.0,5,1.0,0.0,1.0,0.0,0.0,4800000.0
1075,696,2.0,5,1.0,0.0,1.0,1.0,0.0,6200000.0
1600,112,3.0,5,1.0,0.0,1.0,0.0,0.0,33700000.0
2800,105,4.0,5,1.0,0.0,1.0,0.0,0.0,50100000.0
715,112,1.0,5,1.0,0.0,1.0,0.0,0.0,10700000.0
1016,112,2.0,5,1.0,0.0,1.0,0.0,0.0,15000000.0
1000,112,2.0,5,1.0,0.0,1.0,0.0,0.0,18500000.0
1100,112,2.0,5,1.0,0.0,1.0,0.0,0.0,17600000.0
1060,585,2.0,5,1.0,0.0,1.0,1.0,0.0,7000000.0
1230,551,2.0,5,1.0,0.0,1.0,1.0,0.0,11000000.0
599,551,1.0,5,1.0,0.0,0.0,1.0,0.0,4500000.0
1665,551,3.0,5,1.0,0.0,1.0,1.0,0.0,16800000.0
1640,551,3.0,5,1.0,0.0,1.0,1.0,0.0,16299999.0
1650,551,3.0,5,1.0,0.0,1.0,1.0,0.0,15500000.0
578,560,1.0,5,1.0,0.0,1.0,0.0,0.0,5000000.0
600,564,1.0,5,1.0,0.0,1.0,0.0,0.0,4000000.0
560,598,1.0,5,1.0,0.0,1.0,0.0,0.0,3800000.0
530,541,1.0,5,1.0,0.0,1.0,0.0,0.0,4400000.0
1450,564,2.0,5,1.0,0.0,1.0,0.0,0.0,9000000.0
380,591,1.0,5,1.0,0.0,1.0,0.0,0.0,2600000.0
620,717,2.0,5,1.0,0.0,1.0,0.0,0.0,21000000.0
980,641,2.0,5,1.0,0.0,1.0,0.0,0.0,4900000.0
730,513,1.0,5,1.0,0.0,1.0,0.0,0.0,3400000.0
1020,735,2.0,5,1.0,0.0,1.0,0.0,0.0,4800000.0
1075,696,2.0,5,1.0,0.0,1.0,1.0,0.0,6200000.0
1038,242,2.0,5,0.0,1.0,0.0,1.0,1.0,18500000.0
1250,112,2.0,5,1.0,0.0,1.0,1.0,1.0,19600000.0
1067,622,2.0,5,1.0,1.0,1.0,1.0,0.0,18600000.0
1200,112,2.0,5,1.0,1.0,1.0,1.0,1.0,21500000.0
780,325,2.0,5,1.0,0.0,0.0,0.0,0.0,11000000.0
1020,518,2.0,5,1.0,0.0,1.0,1.0,1.0,13799999.0
671,139,1.0,5,1.0,1.0,1.0,1.0,0.0,14000000.0
1650,286,3.0,5,1.0,1.0,1.0,1.0,1.0,22000000.0
1360,286,2.0,5,1.0,1.0,1.0,1.0,1.0,14500000.0
1600,265,3.0,5,1.0,1.0,1.0,1.0,1.0,25000000.0
1250,286,2.0,5,1.0,1.0,1.0,1.0,1.0,11500000.0
750,641,1.0,5,1.0,0.0,1.0,1.0,0.0,4000000.0
450,641,1.0,5,0.0,0.0,1.0,1.0,0.0,2500000.0
410,641,1.0,5,0.0,0.0,1.0,1.0,0.0,2300000.0
1168,335,2.0,5,0.0,0.0,0.0,0.0,0.0,45000000.0
516,649,1.0,5,0.0,0.0,0.0,0.0,0.0,5700000.0
900,238,1.0,5,1.0,0.0,1.0,1.0,0.0,9600000.0
600,55,1.0,5,1.0,0.0,1.0,1.0,0.0,2010000.0000000002
575,55,1.0,5,1.0,0.0,1.0,1.0,0.0,2005000.0
675,16,1.0,5,1.0,0.0,1.0,1.0,0.0,2548000.0
660,16,1.0,5,1.0,0.0,1.0,1.0,0.0,2492000.0
640,16,1.0,5,1.0,0.0,1.0,1.0,1.0,2418000.0
690,20,1.0,5,1.0,1.0,1.0,1.0,0.0,2400000.0
900,675,2.0,5,1.0,0.0,1.0,1.0,0.0,21700000.0
1150,238,2.0,5,1.0,0.0,0.0,1.0,0.0,16700000.0
350,238,1.0,5,1.0,0.0,0.0,1.0,0.0,2900000.0
950,238,2.0,5,1.0,0.0,0.0,1.0,0.0,11500000.0
900,675,2.0,5,1.0,0.0,1.0,1.0,0.0,21700000.0
620,262,1.0,5,1.0,0.0,1.0,1.0,1.0,4000000.0
980,262,2.0,5,1.0,0.0,1.0,1.0,1.0,6400000.0
950,262,2.0,5,1.0,1.0,1.0,1.0,1.0,6900000.0
890,551,2.0,5,1.0,0.0,1.0,1.0,1.0,7500000.0
619,262,1.0,5,1.0,0.0,1.0,1.0,0.0,5425000.0
710,262,1.0,5,1.0,0.0,1.0,0.0,1.0,5700000.0
887,262,2.0,5,1.0,0.0,1.0,1.0,1.0,7100000.0
1005,262,2.0,5,1.0,0.0,1.0,1.0,1.0,7800000.0
950,262,2.0,5,1.0,0.0,1.0,1.0,1.0,5900000.0
660,263,1.0,5,1.0,0.0,1.0,1.0,0.0,6200000.0
650,551,1.0,5,1.0,0.0,1.0,1.0,1.0,5500000.0
650,262,1.0,5,1.0,0.0,1.0,1.0,1.0,5000000.0
638,262,1.0,5,1.0,0.0,1.0,1.0,1.0,4050000.0
675,262,2.0,5,1.0,0.0,1.0,0.0,1.0,5050000.0
890,551,2.0,5,1.0,0.0,1.0,1.0,1.0,7400000.0
1006,262,2.0,5,1.0,0.0,1.0,1.0,1.0,6800000.0
420,262,1.0,5,1.0,0.0,1.0,1.0,1.0,3000000.0
850,262,1.0,5,1.0,0.0,1.0,1.0,1.0,5200000.0
1005,262,2.0,5,1.0,0.0,1.0,1.0,1.0,6700000.0
900,262,2.0,5,1.0,0.0,1.0,1.0,1.0,6900000.0
940,262,2.0,5,1.0,0.0,1.0,1.0,1.0,7950000.0
620,262,1.0,5,1.0,0.0,1.0,1.0,1.0,5460000.0
650,262,2.0,5,1.0,0.0,1.0,1.0,0.0,4950000.0
1000,262,2.0,5,1.0,0.0,1.0,1.0,1.0,7000000.0
1100,262,2.0,5,1.0,0.0,1.0,1.0,0.0,8575000.0
600,262,1.0,5,1.0,0.0,1.0,1.0,0.0,4800000.0
350,551,1.0,5,1.0,0.0,1.0,1.0,1.0,2700000.0
940,262,2.0,5,1.0,0.0,1.0,1.0,1.0,7900000.0
900,13,2.0,5,1.0,0.0,0.0,1.0,0.0,36000000.0
700,284,2.0,5,1.0,0.0,1.0,1.0,0.0,35000000.0
850,67,2.0,5,1.0,0.0,1.0,0.0,0.0,30000000.0
800,450,2.0,5,0.0,1.0,1.0,0.0,0.0,35000000.0
800,0,2.0,5,0.0,0.0,0.0,0.0,0.0,35000000.0
770,449,1.0,5,0.0,0.0,0.0,0.0,0.0,2100000.0
989,112,2.0,5,1.0,1.0,1.0,1.0,1.0,14500000.0
1550,286,3.0,5,1.0,0.0,0.0,0.0,0.0,14900000.0
416,561,1.0,5,0.0,0.0,1.0,0.0,0.0,2700000.0
510,286,1.0,5,1.0,0.0,1.0,0.0,0.0,3850000.0
305,286,1.0,5,1.0,0.0,1.0,1.0,1.0,2850000.0
1251,286,2.0,5,1.0,1.0,1.0,1.0,1.0,12100000.0
989,286,2.0,5,1.0,1.0,1.0,1.0,1.0,6800000.0
850,286,2.0,5,1.0,1.0,1.0,1.0,1.0,6000000.0
989,286,2.0,5,1.0,1.0,1.0,1.0,1.0,6850000.0
900,286,2.0,5,1.0,0.0,0.0,0.0,0.0,5500000.0
1500,565,3.0,5,0.0,0.0,1.0,1.0,0.0,9200000.0
650,544,1.0,5,0.0,0.0,1.0,1.0,0.0,5000000.0
1750,286,3.0,5,1.0,1.0,1.0,1.0,1.0,17500000.0
1240,286,2.0,5,1.0,1.0,1.0,1.0,1.0,9400000.0
1560,286,3.0,5,1.0,1.0,1.0,1.0,1.0,16500000.0
640,286,1.0,5,0.0,0.0,1.0,1.0,0.0,3700000.0
350,565,1.0,5,0.0,0.0,1.0,0.0,0.0,2700000.0
1050,286,2.0,5,1.0,1.0,1.0,1.0,1.0,8000000.0
1770,286,3.0,5,1.0,1.0,1.0,1.0,1.0,22000000.0
1230,286,2.0,5,1.0,1.0,1.0,1.0,1.0,10200000.0
450,286,1.0,5,0.0,0.0,1.0,0.0,0.0,3100000.0
655,286,1.0,5,1.0,1.0,1.0,1.0,1.0,5500000.0
780,528,2.0,5,0.0,0.0,0.0,0.0,0.0,32799999.000000004
780,528,2.0,5,0.0,0.0,0.0,0.0,0.0,32799999.000000004
550,698,1.0,5,0.0,0.0,0.0,0.0,0.0,11000000.0
510,186,1.0,5,0.0,0.0,0.0,0.0,0.0,12000000.0
1270,186,2.0,5,0.0,1.0,0.0,0.0,0.0,17000000.0
558,684,1.0,5,1.0,0.0,1.0,1.0,0.0,2900000.0
1237,408,3.0,5,1.0,1.0,1.0,1.0,0.0,36100000.0
715,57,1.0,5,1.0,0.0,1.0,1.0,1.0,3682000.0
1179,650,2.0,5,1.0,1.0,1.0,1.0,1.0,11600000.0
495,649,1.0,5,1.0,0.0,1.0,1.0,0.0,2100000.0
570,457,1.0,5,1.0,0.0,1.0,1.0,0.0,2700000.0
575,259,1.0,5,0.0,1.0,0.0,1.0,0.0,3600000.0
675,56,1.0,5,1.0,0.0,1.0,1.0,0.0,2865000.0
634,20,1.0,5,1.0,0.0,1.0,1.0,1.0,2374000.0
580,382,1.0,5,1.0,0.0,1.0,1.0,0.0,5200000.0
1185,354,3.0,5,1.0,1.0,1.0,1.0,1.0,14000000.0
2665,186,3.0,5,1.0,1.0,1.0,1.0,1.0,62500000.0
1305,354,3.0,5,1.0,1.0,1.0,1.0,1.0,26500000.0
995,354,2.0,5,1.0,1.0,1.0,1.0,1.0,13000000.0
1014,354,2.0,5,1.0,1.0,1.0,1.0,0.0,10600000.0
756,246,2.0,5,1.0,1.0,1.0,1.0,1.0,11000000.0
1237,408,3.0,5,1.0,1.0,1.0,1.0,0.0,36100000.0
715,57,1.0,5,1.0,0.0,1.0,1.0,1.0,3682000.0
575,259,1.0,5,0.0,1.0,0.0,1.0,0.0,3600000.0
675,56,1.0,5,1.0,0.0,1.0,1.0,0.0,2865000.0
1179,650,2.0,5,1.0,1.0,1.0,1.0,1.0,11600000.0
495,649,1.0,5,1.0,0.0,1.0,1.0,0.0,2100000.0
570,457,1.0,5,1.0,0.0,1.0,1.0,0.0,2700000.0
670,259,1.0,5,1.0,1.0,1.0,1.0,0.0,3985000.0
500,409,1.0,5,1.0,1.0,1.0,1.0,0.0,2200000.0
500,409,1.0,5,1.0,0.0,1.0,1.0,0.0,2300000.0
673,16,1.0,5,1.0,1.0,1.0,1.0,1.0,2650000.0
650,384,1.0,5,1.0,0.0,0.0,1.0,0.0,4600000.0
634,20,1.0,5,1.0,0.0,1.0,1.0,1.0,2374000.0
735,666,1.0,5,1.0,0.0,1.0,1.0,0.0,5000000.0
952,566,2.0,5,1.0,0.0,1.0,1.0,0.0,7200000.0
1141,66,3.0,5,0.0,1.0,0.0,0.0,0.0,72000000.0
1150,151,2.0,5,1.0,0.0,1.0,1.0,0.0,6100000.0
1250,431,2.0,5,1.0,0.0,1.0,1.0,1.0,18500000.0
1750,527,3.0,5,1.0,0.0,1.0,1.0,0.0,22500000.0
1250,527,2.0,5,1.0,0.0,1.0,1.0,0.0,17000000.0
1310,601,2.0,5,1.0,1.0,1.0,1.0,1.0,11100000.0
690,151,1.0,5,1.0,0.0,1.0,1.0,0.0,3500000.0
1070,151,2.0,5,1.0,1.0,1.0,1.0,1.0,5200000.0
540,666,1.0,5,1.0,0.0,1.0,1.0,0.0,5800000.0
1135,666,2.0,5,1.0,0.0,1.0,1.0,0.0,6200000.0
3000,596,4.0,5,1.0,1.0,1.0,1.0,1.0,27500000.0
1500,596,3.0,5,1.0,1.0,1.0,1.0,1.0,15500000.0
1440,596,2.0,5,1.0,1.0,1.0,1.0,1.0,13799999.0
704,151,1.0,5,1.0,0.0,1.0,1.0,0.0,3400000.0
688,151,1.0,5,1.0,0.0,1.0,1.0,0.0,3500000.0
667,551,1.0,5,1.0,0.0,1.0,1.0,0.0,5200000.0
625,151,1.0,5,1.0,0.0,1.0,1.0,0.0,2400000.0
650,571,1.0,5,1.0,0.0,1.0,1.0,1.0,4900000.0
1310,601,2.0,5,1.0,1.0,1.0,1.0,1.0,11100000.0
690,151,1.0,5,1.0,0.0,1.0,1.0,0.0,3500000.0
1070,151,2.0,5,1.0,1.0,1.0,1.0,1.0,5200000.0
540,666,1.0,5,1.0,0.0,1.0,1.0,0.0,5800000.0
1135,666,2.0,5,1.0,0.0,1.0,1.0,0.0,6200000.0
3000,596,4.0,5,1.0,1.0,1.0,1.0,1.0,27500000.0
1500,596,3.0,5,1.0,1.0,1.0,1.0,1.0,15500000.0
1440,596,2.0,5,1.0,1.0,1.0,1.0,1.0,13799999.0
704,151,1.0,5,1.0,0.0,1.0,1.0,0.0,3400000.0
688,151,1.0,5,1.0,0.0,1.0,1.0,0.0,3500000.0
667,551,1.0,5,1.0,0.0,1.0,1.0,0.0,5200000.0
625,151,1.0,5,1.0,0.0,1.0,1.0,0.0,2400000.0
650,571,1.0,5,1.0,0.0,1.0,1.0,1.0,4900000.0
610,666,1.0,5,1.0,0.0,1.0,1.0,0.0,4500000.0
1560,666,3.0,5,1.0,1.0,1.0,1.0,1.0,14500000.0
1150,551,2.0,5,1.0,0.0,1.0,1.0,1.0,8200000.0
2130,431,3.0,5,1.0,1.0,1.0,1.0,0.0,29500000.0
665,551,1.0,5,1.0,0.0,1.0,1.0,1.0,4900000.0
1155,151,2.0,5,1.0,0.0,1.0,1.0,0.0,5000000.0
1120,151,2.0,5,1.0,1.0,1.0,1.0,0.0,5300000.0
1000,551,2.0,5,1.0,0.0,1.0,1.0,1.0,7000000.0
690,571,1.0,5,1.0,0.0,1.0,1.0,1.0,3588000.0000000005
655,551,1.0,5,1.0,0.0,1.0,1.0,1.0,3800000.0
655,551,1.0,5,1.0,0.0,1.0,1.0,0.0,3500000.0
650,663,1.0,5,1.0,0.0,1.0,1.0,0.0,3700000.0
1220,666,2.0,5,1.0,1.0,1.0,1.0,0.0,8500000.0
700,666,1.0,5,1.0,0.0,1.0,1.0,0.0,4900000.0
547,179,1.0,5,1.0,0.0,1.0,1.0,0.0,5400000.0
1435,246,3.0,5,1.0,1.0,1.0,1.0,0.0,60100000.0
650,151,1.0,5,1.0,0.0,1.0,1.0,0.0,3000000.0
665,151,1.0,5,1.0,0.0,1.0,1.0,0.0,3650000.0
690,151,1.0,5,1.0,0.0,1.0,1.0,0.0,4200000.0
675,151,1.0,5,1.0,0.0,1.0,1.0,1.0,3001000.0
1250,457,2.0,5,1.0,1.0,1.0,1.0,1.0,6800000.0
547,179,1.0,5,1.0,0.0,1.0,1.0,0.0,5400000.0
1435,246,3.0,5,1.0,1.0,1.0,1.0,0.0,60100000.0
650,151,1.0,5,1.0,0.0,1.0,1.0,0.0,3000000.0
665,151,1.0,5,1.0,0.0,1.0,1.0,0.0,3650000.0
690,151,1.0,5,1.0,0.0,1.0,1.0,0.0,4200000.0
675,151,1.0,5,1.0,0.0,1.0,1.0,1.0,3001000.0
952,566,2.0,5,1.0,0.0,1.0,1.0,0.0,7200000.0
1150,151,2.0,5,1.0,0.0,1.0,1.0,0.0,6100000.0
568,85,2.0,5,1.0,0.0,1.0,1.0,0.0,4000000.0
1107,682,3.0,5,1.0,0.0,1.0,1.0,0.0,7500000.0
778,682,2.0,5,1.0,0.0,1.0,1.0,0.0,5760000.0
802,85,2.0,5,1.0,1.0,1.0,1.0,1.0,6952000.0
829,85,2.0,5,1.0,1.0,1.0,1.0,1.0,6137000.0
710,384,1.0,5,1.0,1.0,1.0,1.0,1.0,5600000.0
1227,85,3.0,5,1.0,1.0,1.0,1.0,1.0,8600000.0
1108,85,3.0,5,1.0,1.0,1.0,1.0,1.0,8100000.0
1032,85,2.0,5,1.0,1.0,1.0,1.0,1.0,8100000.0
985,85,2.0,5,1.0,1.0,1.0,1.0,1.0,7500000.0
880,85,2.0,5,1.0,1.0,1.0,1.0,1.0,6800000.0
829,85,2.0,5,1.0,1.0,1.0,1.0,1.0,6200000.0
802,85,2.0,5,1.0,1.0,1.0,1.0,1.0,5600000.0
930,682,2.0,5,1.0,0.0,1.0,1.0,0.0,4600000.0
650,682,1.0,5,1.0,0.0,1.0,1.0,0.0,3350000.0
2350,131,4.0,5,1.0,1.0,1.0,1.0,1.0,85000000.0
650,132,1.0,5,1.0,1.0,1.0,1.0,1.0,6500000.0
1462,176,3.0,5,1.0,1.0,1.0,1.0,1.0,18000000.0
676,176,1.0,5,1.0,1.0,1.0,1.0,1.0,8500000.0
2904,712,4.0,5,1.0,1.0,1.0,1.0,1.0,125000000.0
1500,97,2.0,5,1.0,0.0,1.0,0.0,0.0,80000000.0
1638,700,3.0,5,1.0,1.0,1.0,1.0,1.0,28800000.0
1701,700,3.0,5,1.0,1.0,1.0,1.0,1.0,30000000.0
2376,700,3.0,5,1.0,1.0,1.0,1.0,1.0,45100000.0
2061,700,3.0,5,1.0,1.0,1.0,1.0,1.0,39200000.0
1431,700,2.0,5,1.0,1.0,1.0,1.0,1.0,25400000.0
1050,266,2.0,5,1.0,0.0,1.0,1.0,1.0,15200000.0
1260,28,2.0,5,1.0,1.0,1.0,1.0,1.0,20000000.0
1404,185,2.0,5,1.0,1.0,1.0,1.0,1.0,29000000.0
1200,353,3.0,5,0.0,1.0,1.0,1.0,1.0,30000000.0
1413,713,2.0,5,1.0,1.0,1.0,1.0,1.0,46500000.0
2016,28,3.0,5,1.0,1.0,1.0,1.0,1.0,33400000.0
574,38,1.0,5,1.0,1.0,1.0,1.0,1.0,2035000.0000000002
507,649,1.0,5,0.0,0.0,0.0,0.0,0.0,8500000.0
1151,306,2.0,5,1.0,0.0,1.0,1.0,1.0,12500000.0
550,649,2.0,5,1.0,0.0,1.0,1.0,1.0,6600000.0
565,649,2.0,5,1.0,0.0,1.0,1.0,1.0,6900000.0
547,649,2.0,5,1.0,0.0,1.0,1.0,1.0,6800000.0
556,649,2.0,5,1.0,0.0,1.0,1.0,1.0,6700000.0
950,649,2.0,5,1.0,0.0,1.0,1.0,1.0,3000000.0
600,649,2.0,5,1.0,0.0,1.0,1.0,1.0,4500000.0
600,649,2.0,5,1.0,0.0,1.0,1.0,1.0,5300000.0
600,649,1.0,5,1.0,0.0,1.0,1.0,1.0,3000000.0
800,649,2.0,5,1.0,0.0,1.0,1.0,1.0,4500000.0
275,649,1.0,5,1.0,0.0,1.0,1.0,1.0,5300000.0
1050,306,2.0,5,1.0,0.0,1.0,1.0,1.0,10500000.0
1155,306,2.0,5,1.0,0.0,1.0,1.0,0.0,10000000.0
1350,551,2.0,5,1.0,0.0,1.0,0.0,1.0,16000000.0
1760,305,3.0,5,1.0,0.0,1.0,1.0,1.0,17000000.0
725,306,1.0,5,1.0,0.0,1.0,0.0,1.0,7500000.0
1300,267,3.0,5,1.0,1.0,1.0,1.0,1.0,23000000.0
950,649,2.0,5,1.0,0.0,1.0,1.0,1.0,3000000.0
600,649,2.0,5,1.0,0.0,1.0,1.0,1.0,4500000.0
600,649,2.0,5,1.0,0.0,1.0,1.0,1.0,5300000.0
600,649,1.0,5,1.0,0.0,1.0,1.0,1.0,3000000.0
800,649,2.0,5,1.0,0.0,1.0,1.0,1.0,4500000.0
275,649,1.0,5,1.0,0.0,1.0,1.0,1.0,5300000.0
275,649,1.0,5,1.0,0.0,1.0,1.0,1.0,3000000.0
275,649,1.0,5,1.0,0.0,1.0,1.0,1.0,2000000.0
275,649,1.0,5,1.0,0.0,1.0,1.0,1.0,2000000.0
275,649,1.0,5,1.0,0.0,1.0,1.0,1.0,5300000.0
275,649,1.0,5,1.0,0.0,1.0,1.0,1.0,5300000.0
1065,649,2.0,5,1.0,0.0,1.0,1.0,1.0,4500000.0
275,649,1.0,5,1.0,0.0,1.0,1.0,1.0,2000000.0
275,649,1.0,5,1.0,0.0,1.0,1.0,1.0,2000000.0
275,649,1.0,5,1.0,0.0,1.0,1.0,1.0,5300000.0
275,649,1.0,5,1.0,0.0,1.0,1.0,1.0,3000000.0
275,649,1.0,5,1.0,0.0,1.0,1.0,1.0,2000000.0
275,649,1.0,5,1.0,0.0,1.0,1.0,1.0,5300000.0
275,649,1.0,5,1.0,0.0,1.0,1.0,1.0,5300000.0
275,649,1.0,5,1.0,0.0,1.0,1.0,1.0,2000000.0
275,649,1.0,5,1.0,0.0,1.0,1.0,1.0,5300000.0
275,649,1.0,5,1.0,0.0,1.0,1.0,1.0,5300000.0
275,649,1.0,5,1.0,0.0,1.0,1.0,1.0,2000000.0
275,649,1.0,5,1.0,0.0,1.0,1.0,1.0,2000000.0
275,649,1.0,5,1.0,0.0,1.0,1.0,1.0,2000000.0
275,649,1.0,5,1.0,0.0,1.0,1.0,1.0,2000000.0
275,649,1.0,5,1.0,0.0,1.0,1.0,1.0,8500000.0
275,649,1.0,5,1.0,0.0,1.0,1.0,1.0,5300000.0
275,649,1.0,5,1.0,0.0,1.0,1.0,1.0,2000000.0
275,649,1.0,5,1.0,0.0,1.0,1.0,1.0,5300000.0
275,649,1.0,5,1.0,0.0,1.0,1.0,1.0,5300000.0
275,649,1.0,5,1.0,0.0,1.0,1.0,1.0,3000000.0
275,649,1.0,5,1.0,0.0,1.0,1.0,1.0,2000000.0
530,649,1.0,5,1.0,0.0,1.0,1.0,1.0,3000000.0
600,266,1.0,5,1.0,1.0,1.0,1.0,1.0,8800000.0
1245,161,2.0,5,1.0,0.0,1.0,1.0,0.0,17000000.0
1257,345,2.0,5,1.0,0.0,1.0,0.0,1.0,20700000.0
1175,345,2.0,5,1.0,0.0,1.0,0.0,0.0,18000000.0
1053,345,2.0,5,1.0,0.0,1.0,0.0,1.0,17500000.0
730,19,1.0,5,1.0,0.0,1.0,1.0,0.0,3874000.0
650,345,1.0,5,1.0,0.0,1.0,1.0,0.0,9600000.0
650,345,1.0,5,1.0,0.0,1.0,1.0,0.0,10800000.0
1050,138,2.0,5,1.0,0.0,1.0,1.0,0.0,18500000.0
1250,138,2.0,5,1.0,0.0,1.0,1.0,0.0,21000000.0
1050,138,2.0,5,1.0,0.0,1.0,1.0,0.0,15000000.0
1150,345,2.0,5,1.0,0.0,1.0,1.0,0.0,21000000.0
1450,345,3.0,5,1.0,0.0,1.0,1.0,0.0,30000000.0
1450,345,3.0,5,1.0,0.0,1.0,1.0,0.0,30000000.0
1550,345,3.0,5,1.0,0.0,1.0,1.0,0.0,27000000.0
1075,345,2.0,5,1.0,0.0,1.0,1.0,0.0,22100000.0
1075,345,2.0,5,1.0,0.0,1.0,1.0,0.0,22100000.0
650,345,1.0,5,1.0,0.0,1.0,1.0,0.0,9600000.0
650,345,1.0,5,1.0,0.0,1.0,1.0,0.0,10800000.0
1050,138,2.0,5,1.0,0.0,1.0,1.0,0.0,18500000.0
1250,138,2.0,5,1.0,0.0,1.0,1.0,0.0,21000000.0
1050,138,2.0,5,1.0,0.0,1.0,1.0,0.0,15000000.0
1150,345,2.0,5,1.0,0.0,1.0,1.0,0.0,21000000.0
1450,345,3.0,5,1.0,0.0,1.0,1.0,0.0,30000000.0
1450,345,3.0,5,1.0,0.0,1.0,1.0,0.0,30000000.0
1550,345,3.0,5,1.0,0.0,1.0,1.0,0.0,27000000.0
1075,345,2.0,5,1.0,0.0,1.0,1.0,0.0,22100000.0
1075,345,2.0,5,1.0,0.0,1.0,1.0,0.0,22100000.0
1350,345,3.0,5,1.0,0.0,1.0,1.0,0.0,18500000.0
650,345,1.0,5,1.0,0.0,1.0,1.0,0.0,10500000.0
1050,138,2.0,5,1.0,0.0,1.0,1.0,0.0,16500000.0
650,345,1.0,5,1.0,0.0,1.0,1.0,0.0,9600000.0
1350,138,3.0,5,1.0,0.0,1.0,1.0,0.0,28500000.0
1650,345,3.0,5,1.0,0.0,1.0,1.0,0.0,28000000.0
1050,138,2.0,5,1.0,0.0,1.0,1.0,0.0,19000000.0
1350,498,3.0,5,1.0,0.0,1.0,1.0,0.0,18800000.0
1650,345,3.0,5,1.0,0.0,1.0,1.0,0.0,27000000.0
950,138,2.0,5,1.0,0.0,1.0,1.0,0.0,15000000.0
1300,138,3.0,5,1.0,0.0,1.0,1.0,0.0,24000000.0
600,138,1.0,5,1.0,0.0,1.0,1.0,0.0,11200000.0
1165,345,2.0,5,1.0,0.0,1.0,1.0,0.0,19000000.0
1357,345,3.0,5,1.0,0.0,1.0,1.0,0.0,27500000.0
1500,138,3.0,5,1.0,0.0,1.0,1.0,0.0,23000000.0
650,345,1.0,5,1.0,0.0,1.0,1.0,0.0,10000000.0
1050,345,2.0,5,1.0,0.0,1.0,1.0,0.0,17000000.0
1050,138,2.0,5,1.0,0.0,1.0,1.0,0.0,15500000.0
950,345,2.0,5,1.0,0.0,1.0,1.0,0.0,14500000.0
1150,345,2.0,5,1.0,0.0,1.0,1.0,0.0,20500000.0
1100,345,2.0,5,1.0,0.0,1.0,1.0,0.0,22500000.0
1450,345,3.0,5,1.0,0.0,1.0,1.0,0.0,26500000.0
1100,138,3.0,5,1.0,0.0,1.0,1.0,0.0,23000000.0
1350,498,3.0,5,1.0,0.0,1.0,1.0,0.0,18000000.0
1350,498,3.0,5,1.0,0.0,1.0,1.0,0.0,19000000.0
1650,345,3.0,5,1.0,0.0,1.0,1.0,0.0,29000000.0
1050,345,2.0,5,1.0,0.0,1.0,1.0,0.0,16500000.0
1150,345,2.0,5,1.0,0.0,1.0,1.0,0.0,20500000.0
1150,498,3.0,5,1.0,0.0,1.0,1.0,0.0,19000000.0
1050,345,2.0,5,1.0,0.0,1.0,1.0,0.0,20500000.0
585,345,1.0,5,1.0,0.0,1.0,1.0,0.0,9800000.0
585,345,1.0,5,1.0,0.0,1.0,1.0,0.0,9800000.0
1250,345,2.0,5,1.0,0.0,1.0,1.0,0.0,21000000.0
950,321,2.0,5,1.0,0.0,1.0,1.0,0.0,14500000.0
1050,138,2.0,5,1.0,0.0,1.0,1.0,0.0,16500000.0
1050,138,2.0,5,1.0,0.0,1.0,1.0,0.0,18000000.0
1250,345,2.0,5,1.0,0.0,1.0,1.0,0.0,21000000.0
1050,138,2.0,5,1.0,0.0,1.0,1.0,0.0,15000000.0
1650,345,3.0,5,1.0,0.0,1.0,1.0,0.0,29000000.0
1650,345,3.0,5,1.0,0.0,1.0,1.0,0.0,29000000.0
1050,345,2.0,5,1.0,0.0,1.0,1.0,0.0,16500000.0
1170,265,3.0,5,1.0,0.0,1.0,1.0,0.0,28200000.0
1014,265,3.0,5,1.0,0.0,1.0,1.0,0.0,26400000.0
764,265,2.0,5,1.0,0.0,1.0,1.0,0.0,16800000.0
820,265,2.0,5,1.0,0.0,1.0,1.0,0.0,18600000.0
1050,345,2.0,5,1.0,0.0,1.0,1.0,0.0,17500000.0
1350,523,3.0,5,1.0,0.0,1.0,1.0,0.0,26000000.0
1350,523,3.0,5,1.0,0.0,1.0,1.0,0.0,28000000.0
1350,551,2.0,5,1.0,0.0,1.0,0.0,1.0,16000000.0
1760,305,3.0,5,1.0,0.0,1.0,1.0,1.0,17000000.0
725,306,1.0,5,1.0,0.0,1.0,0.0,1.0,7500000.0
1300,267,3.0,5,1.0,1.0,1.0,1.0,1.0,23000000.0
654,385,1.0,5,1.0,0.0,1.0,1.0,1.0,10900000.0
400,385,1.0,5,1.0,0.0,1.0,1.0,1.0,7400000.0
450,385,1.0,5,1.0,0.0,1.0,1.0,1.0,7300000.0
1100,702,2.0,5,1.0,0.0,1.0,1.0,0.0,17600000.0
385,456,1.0,5,1.0,0.0,1.0,1.0,0.0,7500000.0
1346,727,3.0,5,1.0,0.0,1.0,0.0,0.0,36100000.0
810,385,2.0,5,1.0,0.0,1.0,1.0,0.0,6000000.0
700,385,2.0,5,1.0,0.0,1.0,0.0,1.0,4200000.0
1417,385,3.0,5,1.0,0.0,1.0,1.0,1.0,9800000.0
783,385,2.0,5,1.0,0.0,1.0,1.0,0.0,3500000.0
770,385,1.0,5,1.0,0.0,1.0,1.0,0.0,5800000.0
400,385,1.0,5,1.0,0.0,1.0,1.0,0.0,2700000.0
750,385,2.0,5,1.0,0.0,1.0,1.0,1.0,4200000.0
1180,385,2.0,5,1.0,0.0,1.0,1.0,0.0,6400000.0
565,385,1.0,5,1.0,0.0,1.0,1.0,0.0,3500000.0
850,168,2.0,5,1.0,0.0,1.0,1.0,0.0,9500000.0
450,168,1.0,5,1.0,0.0,1.0,1.0,0.0,7000000.0
950,138,2.0,5,1.0,0.0,1.0,1.0,0.0,17500000.0
1250,138,3.0,5,1.0,0.0,1.0,1.0,0.0,19500000.0
1350,732,3.0,5,1.0,0.0,1.0,1.0,0.0,26000000.0
1200,138,3.0,5,1.0,0.0,1.0,1.0,0.0,19500000.0
850,138,2.0,5,1.0,0.0,1.0,1.0,0.0,16000000.0
1350,498,3.0,5,1.0,0.0,1.0,1.0,0.0,19000000.0
1650,345,3.0,5,1.0,0.0,1.0,1.0,0.0,27000000.0
1650,345,3.0,5,1.0,0.0,1.0,1.0,0.0,27000000.0
1350,498,3.0,5,1.0,0.0,1.0,1.0,0.0,18000000.0
1150,345,2.0,5,1.0,0.0,1.0,1.0,0.0,20500000.0
1450,345,3.0,5,1.0,0.0,1.0,1.0,0.0,26500000.0
1350,345,3.0,5,1.0,0.0,1.0,1.0,0.0,18500000.0
1250,345,3.0,5,1.0,0.0,1.0,1.0,0.0,20000000.0
1100,498,3.0,5,1.0,0.0,1.0,1.0,0.0,19100000.0
1450,345,3.0,5,1.0,0.0,1.0,1.0,0.0,30000000.0
1100,345,2.0,5,1.0,0.0,1.0,1.0,0.0,22500000.0
560,265,2.0,5,1.0,0.0,1.0,1.0,0.0,12000000.0
1000,724,2.0,5,1.0,0.0,1.0,1.0,1.0,12000000.0
1580,209,3.0,5,1.0,0.0,1.0,1.0,1.0,28000000.0
1345,209,3.0,5,1.0,0.0,1.0,1.0,1.0,21500000.0
505,55,1.0,5,1.0,1.0,1.0,1.0,1.0,2170000.0
1225,257,2.0,5,1.0,0.0,1.0,1.0,0.0,19500000.0
1026,724,2.0,5,1.0,0.0,1.0,1.0,0.0,9000000.0
900,649,2.0,5,1.0,1.0,1.0,1.0,1.0,3500000.0
852,286,2.0,5,1.0,1.0,1.0,1.0,1.0,9500000.0
1157,650,2.0,5,1.0,1.0,1.0,1.0,1.0,13000000.0
874,354,2.0,5,1.0,0.0,1.0,1.0,0.0,16000000.0
969,284,2.0,5,1.0,1.0,1.0,1.0,1.0,35000000.0
950,284,2.0,5,1.0,1.0,1.0,1.0,1.0,34800000.0
1115,735,2.0,5,1.0,0.0,1.0,1.0,0.0,7900000.0
690,735,1.0,5,1.0,0.0,1.0,1.0,0.0,4700000.0
422,470,1.0,5,1.0,0.0,1.0,1.0,0.0,3800000.0
936,724,2.0,5,1.0,0.0,1.0,1.0,0.0,9800000.0
576,724,1.0,5,1.0,0.0,1.0,1.0,0.0,5900000.0
600,94,1.0,5,1.0,1.0,1.0,1.0,1.0,11299999.0
907,94,2.0,5,1.0,0.0,1.0,1.0,0.0,15500000.0
1175,262,2.0,5,1.0,1.0,1.0,1.0,1.0,8725000.0
1525,287,2.0,5,0.0,0.0,0.0,0.0,0.0,13200000.0
543,83,1.0,5,1.0,1.0,1.0,1.0,0.0,6800000.0
1267,700,3.0,5,1.0,1.0,1.0,1.0,1.0,31000000.0
1735,700,3.0,5,1.0,1.0,1.0,1.0,1.0,40000000.0
3410,177,4.0,5,1.0,0.0,1.0,1.0,1.0,58500000.0
1850,354,3.0,5,0.0,1.0,0.0,0.0,0.0,40199999.0
702,399,1.0,5,0.0,0.0,0.0,0.0,0.0,5000000.0
566,132,1.0,5,1.0,0.0,1.0,1.0,0.0,6500000.0
1310,354,3.0,5,1.0,1.0,1.0,1.0,1.0,21500000.0
506,739,1.0,5,1.0,0.0,1.0,1.0,0.0,6400000.0
509,650,1.0,5,1.0,1.0,1.0,1.0,1.0,6400000.0
950,261,2.0,5,0.0,0.0,0.0,0.0,0.0,7000000.0
685,618,1.0,5,0.0,0.0,0.0,0.0,0.0,2350000.0
2415,265,4.0,5,1.0,1.0,1.0,1.0,1.0,29500000.0
900,475,2.0,5,0.0,0.0,0.0,0.0,0.0,10500000.0
1440,561,3.0,5,0.0,0.0,0.0,0.0,0.0,11000000.0
650,694,1.0,5,1.0,1.0,1.0,1.0,1.0,2800000.0
820,384,2.0,5,1.0,1.0,1.0,1.0,1.0,8000000.0
650,384,1.0,5,1.0,0.0,1.0,1.0,1.0,6000000.0
700,384,1.0,5,1.0,1.0,1.0,1.0,1.0,4800000.0
1600,286,3.0,5,1.0,1.0,1.0,1.0,1.0,17500000.0
1140,286,2.0,5,1.0,1.0,1.0,1.0,1.0,10000000.0
1502,286,3.0,5,1.0,1.0,1.0,1.0,1.0,16500000.0
1600,286,3.0,5,1.0,1.0,1.0,1.0,1.0,17500000.0
650,286,1.0,5,1.0,1.0,1.0,1.0,1.0,4800000.0
1600,286,3.0,5,1.0,1.0,1.0,1.0,1.0,14000000.0
1140,286,2.0,5,1.0,1.0,1.0,1.0,1.0,10000000.0
1325,286,2.0,5,1.0,1.0,1.0,1.0,1.0,10000000.0
1725,286,3.0,5,1.0,1.0,1.0,1.0,1.0,12500000.0
1256,286,2.0,5,1.0,1.0,1.0,1.0,1.0,13500000.0
1600,286,3.0,5,1.0,1.0,1.0,1.0,1.0,16500000.0
1600,286,3.0,5,1.0,1.0,1.0,1.0,1.0,16500000.0
2030,286,3.0,5,1.0,1.0,1.0,1.0,1.0,21000000.0
1725,286,3.0,5,1.0,1.0,1.0,1.0,1.0,12500000.0
1680,286,3.0,5,1.0,1.0,1.0,1.0,1.0,16000000.0
1810,286,3.0,5,1.0,1.0,1.0,1.0,1.0,17000000.0
1325,286,2.0,5,1.0,1.0,1.0,1.0,1.0,10000000.0
1725,286,3.0,5,1.0,1.0,1.0,1.0,1.0,12500000.0
1210,286,2.0,5,1.0,1.0,1.0,1.0,1.0,9500000.0
3275,286,4.0,5,1.0,1.0,1.0,1.0,1.0,31100000.0
1680,286,3.0,5,1.0,1.0,1.0,1.0,1.0,16000000.0
1810,286,3.0,5,1.0,1.0,1.0,1.0,1.0,17000000.0
1325,286,2.0,5,1.0,1.0,1.0,1.0,1.0,10000000.0
1725,286,3.0,5,1.0,1.0,1.0,1.0,1.0,12500000.0
1210,286,2.0,5,1.0,1.0,1.0,1.0,1.0,9500000.0
3275,286,4.0,5,1.0,1.0,1.0,1.0,1.0,31100000.0
3205,286,4.0,5,1.0,1.0,1.0,1.0,1.0,30400000.0
1305,286,2.0,5,1.0,1.0,1.0,1.0,1.0,12300000.0
1230,286,2.0,5,1.0,1.0,1.0,1.0,1.0,11600000.0
1725,286,3.0,5,1.0,1.0,1.0,1.0,1.0,16000000.0
1210,286,2.0,5,1.0,1.0,1.0,1.0,1.0,9600000.0
1660,286,3.0,5,1.0,1.0,1.0,1.0,1.0,16500000.0
1700,286,3.0,5,1.0,1.0,1.0,1.0,1.0,18500000.0
1130,286,2.0,5,1.0,1.0,1.0,1.0,1.0,15500000.0
1810,286,3.0,5,1.0,1.0,1.0,1.0,1.0,17900000.0
3205,286,4.0,5,1.0,1.0,1.0,1.0,1.0,30400000.0
1482,286,3.0,5,1.0,1.0,1.0,1.0,1.0,13300000.0
1890,265,4.0,5,1.0,1.0,1.0,1.0,1.0,28000000.0
484,267,1.0,5,1.0,1.0,1.0,1.0,1.0,8500000.0
2200,722,3.0,5,1.0,0.0,1.0,1.0,0.0,180000000.0
320,385,1.0,5,0.0,0.0,1.0,0.0,0.0,3000000.0
1618,185,3.0,5,0.0,1.0,1.0,1.0,0.0,29400000.0
1475,265,3.0,5,1.0,1.0,1.0,1.0,1.0,31000000.0
1350,265,3.0,5,1.0,1.0,1.0,1.0,1.0,24500000.0
1300,95,2.0,5,1.0,1.0,1.0,1.0,1.0,22000000.0
970,354,2.0,5,1.0,1.0,1.0,0.0,0.0,16000000.0
1500,266,3.0,5,1.0,0.0,1.0,1.0,1.0,17500000.0
1786,265,3.0,5,1.0,1.0,1.0,1.0,1.0,31500000.0
1500,266,3.0,5,1.0,1.0,1.0,1.0,1.0,26500000.0
1920,265,4.0,5,1.0,1.0,1.0,1.0,1.0,47000000.0
1350,265,2.0,5,1.0,1.0,1.0,1.0,1.0,21000000.0
400,265,1.0,5,0.0,0.0,0.0,0.0,0.0,6100000.0
2000,464,3.0,5,1.0,0.0,1.0,1.0,0.0,100000000.0
640,83,2.0,5,1.0,1.0,1.0,1.0,1.0,13500000.0
510,83,1.0,5,0.0,0.0,1.0,1.0,0.0,5500000.0
650,666,1.0,5,1.0,0.0,1.0,1.0,0.0,4500000.0
1175,453,2.0,5,1.0,1.0,1.0,1.0,1.0,16500000.0
661,384,1.0,5,1.0,1.0,1.0,1.0,1.0,4800000.0
1500,186,3.0,5,1.0,1.0,1.0,1.0,1.0,21500000.0
5476,335,5.0,5,1.0,1.0,1.0,1.0,1.0,360000000.0
619,564,1.0,5,1.0,0.0,1.0,1.0,0.0,5500000.0
619,564,1.0,5,1.0,0.0,1.0,1.0,0.0,5600000.0
1250,564,2.0,5,1.0,0.0,1.0,1.0,0.0,9500000.0
1100,558,2.0,5,1.0,0.0,1.0,1.0,0.0,7600000.0
1080,561,2.0,5,1.0,0.0,1.0,1.0,0.0,7400000.0
1080,561,2.0,5,1.0,0.0,1.0,1.0,0.0,7000000.0
650,561,1.0,5,1.0,0.0,1.0,1.0,0.0,5000000.0
925,536,2.0,5,1.0,0.0,1.0,1.0,0.0,6400000.0
1200,561,3.0,5,1.0,0.0,1.0,1.0,0.0,8500000.0
1160,557,2.0,5,1.0,0.0,1.0,1.0,0.0,8700000.0
1005,457,2.0,5,1.0,0.0,1.0,1.0,0.0,8200000.0
1255,262,2.0,5,1.0,0.0,1.0,1.0,1.0,6500000.0
1256,560,2.0,5,1.0,0.0,1.0,1.0,0.0,8300000.0
1500,186,3.0,5,1.0,1.0,1.0,1.0,1.0,21500000.0
5476,335,5.0,5,1.0,1.0,1.0,1.0,1.0,360000000.0
1150,658,2.0,5,0.0,0.0,1.0,1.0,0.0,18500000.0
1236,262,2.0,5,1.0,0.0,1.0,0.0,0.0,9350000.0
1700,262,3.0,5,1.0,0.0,1.0,1.0,1.0,10000000.0
1003,262,2.0,5,1.0,0.0,1.0,1.0,0.0,7000000.0
1000,262,2.0,5,1.0,0.0,1.0,1.0,1.0,5800000.0
653,262,1.0,5,1.0,0.0,1.0,0.0,1.0,4800000.0
1575,262,3.0,5,1.0,0.0,1.0,0.0,0.0,11000000.0
1089,262,2.0,5,1.0,0.0,1.0,0.0,0.0,8500000.0
1296,682,2.0,5,1.0,1.0,1.0,1.0,1.0,48000000.0
2014,178,3.0,5,1.0,1.0,1.0,1.0,1.0,72500000.0
1503,643,2.0,5,1.0,1.0,1.0,1.0,1.0,70000000.0
1903,650,4.0,5,1.0,1.0,1.0,1.0,0.0,175000000.0
3600,712,4.0,5,1.0,1.0,1.0,1.0,1.0,120000000.0
1706,346,3.0,5,1.0,1.0,1.0,1.0,1.0,75000000.0
650,666,1.0,5,1.0,0.0,1.0,1.0,0.0,4500000.0
1175,453,2.0,5,1.0,1.0,1.0,1.0,1.0,16500000.0
661,384,1.0,5,1.0,1.0,1.0,1.0,1.0,4800000.0
1500,186,3.0,5,1.0,1.0,1.0,1.0,1.0,21500000.0
5476,335,5.0,5,1.0,1.0,1.0,1.0,1.0,360000000.0
1150,658,2.0,5,0.0,0.0,1.0,1.0,0.0,18500000.0
1005,650,2.0,5,1.0,1.0,1.0,1.0,1.0,9000000.0
1220,261,3.0,5,0.0,0.0,1.0,0.0,1.0,7500000.0
600,94,1.0,5,1.0,0.0,1.0,1.0,0.0,11000000.0
1189,94,3.0,5,1.0,0.0,1.0,1.0,0.0,22500000.0
1000,135,2.0,5,1.0,0.0,1.0,1.0,0.0,14500000.0
1100,431,2.0,5,0.0,0.0,0.0,0.0,0.0,14500000.0
1100,431,2.0,5,1.0,0.0,1.0,1.0,0.0,13000000.0
650,431,1.0,5,1.0,0.0,1.0,0.0,0.0,6500000.0
400,265,1.0,5,1.0,1.0,1.0,1.0,1.0,7000000.0
1055,596,2.0,5,1.0,0.0,1.0,0.0,1.0,7800000.0
710,596,1.0,5,1.0,0.0,1.0,0.0,1.0,5100000.0
417,398,1.0,5,1.0,0.0,1.0,1.0,0.0,9000000.0
1080,94,2.0,5,1.0,1.0,1.0,1.0,1.0,21500000.0
1300,266,3.0,5,1.0,0.0,1.0,1.0,0.0,32000000.0
1100,641,2.0,5,1.0,0.0,1.0,1.0,0.0,5300000.0
738,641,1.0,5,1.0,1.0,1.0,1.0,1.0,3800000.0
900,333,2.0,5,1.0,0.0,1.0,1.0,0.0,16000000.0
1500,94,3.0,5,1.0,1.0,1.0,1.0,1.0,23000000.0
900,95,2.0,5,1.0,0.0,1.0,1.0,0.0,16299999.0
900,201,2.0,5,1.0,0.0,1.0,1.0,0.0,20000000.0
900,617,2.0,5,0.0,0.0,0.0,0.0,0.0,21000000.0
1200,640,3.0,5,1.0,0.0,1.0,1.0,0.0,18500000.0
900,437,2.0,5,1.0,0.0,1.0,1.0,0.0,20500000.0
510,700,1.0,5,1.0,1.0,1.0,1.0,1.0,12500000.0
1735,700,3.0,5,1.0,1.0,1.0,1.0,1.0,40000000.0
670,95,1.0,5,1.0,0.0,1.0,1.0,0.0,11000000.0
2710,346,3.0,5,1.0,0.0,1.0,1.0,0.0,150000000.0
800,712,1.0,5,1.0,0.0,1.0,1.0,0.0,19500000.0
1388,335,2.0,5,1.0,0.0,1.0,1.0,0.0,55000000.0
1100,712,2.0,5,1.0,0.0,1.0,1.0,0.0,45000000.0
3638,712,4.0,5,1.0,0.0,1.0,1.0,0.0,400000000.0
1700,712,3.0,5,1.0,0.0,1.0,1.0,0.0,70000000.0
1700,480,3.0,5,1.0,0.0,1.0,1.0,0.0,85000000.0
2450,265,4.0,5,1.0,1.0,1.0,1.0,1.0,35000000.0
1165,265,3.0,5,1.0,1.0,1.0,1.0,1.0,18000000.0
1025,286,2.0,5,1.0,1.0,1.0,1.0,1.0,11200000.0
900,637,2.0,5,1.0,0.0,1.0,1.0,0.0,7500000.0
603,578,1.0,5,1.0,0.0,1.0,0.0,0.0,4500000.0
1340,558,2.0,5,1.0,0.0,1.0,0.0,0.0,13500000.0
1550,536,2.0,5,1.0,0.0,1.0,0.0,0.0,16000000.0
1160,536,2.0,5,1.0,0.0,1.0,0.0,0.0,11000000.0
650,561,1.0,5,1.0,0.0,1.0,0.0,0.0,6500000.0
610,561,1.0,5,1.0,0.0,1.0,0.0,0.0,5600000.0
860,536,1.0,5,1.0,0.0,1.0,0.0,0.0,7200000.0
640,561,1.0,5,1.0,0.0,1.0,0.0,0.0,5500000.0
560,548,1.0,5,1.0,0.0,1.0,0.0,0.0,6000000.0
1260,542,2.0,5,1.0,0.0,1.0,0.0,0.0,13200000.0
850,558,1.0,5,1.0,0.0,1.0,0.0,0.0,6000000.0
1095,552,2.0,5,1.0,0.0,1.0,0.0,0.0,11500000.0
1500,552,3.0,5,1.0,0.0,1.0,0.0,0.0,15000000.0
635,558,1.0,5,1.0,0.0,1.0,0.0,0.0,5600000.0
1251,547,2.0,5,1.0,0.0,1.0,0.0,0.0,12700000.0
1065,579,2.0,5,1.0,0.0,1.0,0.0,0.0,9500000.0
1320,552,2.0,5,1.0,0.0,1.0,0.0,0.0,14000000.0
1136,583,2.0,5,1.0,0.0,1.0,0.0,0.0,10500000.0
1125,536,2.0,5,1.0,0.0,1.0,0.0,0.0,9900000.0
1098,558,2.0,5,1.0,0.0,1.0,0.0,0.0,10000000.0
1300,561,2.0,5,1.0,0.0,1.0,0.0,0.0,13000000.0
735,580,1.0,5,1.0,0.0,1.0,0.0,0.0,7800000.0
1090,580,2.0,5,1.0,0.0,1.0,0.0,0.0,9800000.0
800,578,1.0,5,1.0,0.0,1.0,0.0,0.0,4500000.0
1300,544,3.0,5,1.0,0.0,1.0,0.0,0.0,15000000.0
560,561,1.0,5,1.0,0.0,1.0,0.0,0.0,5300000.0
1400,561,3.0,5,1.0,0.0,1.0,0.0,0.0,16000000.0
1117,561,2.0,5,1.0,0.0,1.0,0.0,0.0,11100000.0
1125,547,2.0,5,1.0,0.0,1.0,0.0,0.0,12700000.0
1100,561,2.0,5,1.0,0.0,1.0,0.0,0.0,11000000.0
675,558,1.0,5,1.0,0.0,1.0,0.0,0.0,6500000.0
1300,561,2.0,5,1.0,0.0,1.0,0.0,0.0,13000000.0
640,561,1.0,5,1.0,0.0,1.0,0.0,0.0,5500000.0
860,536,1.0,5,1.0,0.0,1.0,0.0,0.0,7200000.0
560,547,1.0,5,1.0,0.0,1.0,0.0,0.0,6000000.0
650,577,1.0,5,1.0,0.0,1.0,0.0,0.0,5500000.0
1075,579,2.0,5,1.0,0.0,1.0,0.0,0.0,10500000.0
735,580,1.0,5,1.0,0.0,1.0,0.0,0.0,7000000.0
600,581,1.0,5,1.0,0.0,1.0,0.0,0.0,4600000.0
1000,561,2.0,5,1.0,0.0,1.0,0.0,0.0,8000000.0
1070,536,2.0,5,1.0,0.0,1.0,0.0,0.0,10600000.0
1182,539,2.0,5,1.0,0.0,1.0,0.0,0.0,11500000.0
911,561,2.0,5,1.0,0.0,1.0,0.0,0.0,10500000.0
1117,561,2.0,5,1.0,0.0,1.0,0.0,0.0,11100000.0
1125,548,2.0,5,1.0,0.0,1.0,0.0,0.0,12700000.0
1025,597,2.0,5,1.0,0.0,1.0,0.0,0.0,9900000.0
555,147,1.0,5,1.0,0.0,1.0,1.0,0.0,3800000.0
600,147,1.0,5,1.0,0.0,1.0,1.0,0.0,3600000.0
550,147,1.0,5,1.0,0.0,1.0,1.0,0.0,3700000.0
600,147,1.0,5,1.0,0.0,1.0,1.0,0.0,3000000.0
950,147,3.0,5,1.0,0.0,1.0,1.0,0.0,7600000.0
1251,547,2.0,5,1.0,0.0,1.0,0.0,0.0,12700000.0
1065,579,2.0,5,1.0,0.0,1.0,0.0,0.0,9500000.0
1320,552,2.0,5,1.0,0.0,1.0,0.0,0.0,14000000.0
1136,583,2.0,5,1.0,0.0,1.0,0.0,0.0,10500000.0
1125,536,2.0,5,1.0,0.0,1.0,0.0,0.0,9900000.0
1098,558,2.0,5,1.0,0.0,1.0,0.0,0.0,10000000.0
1300,561,2.0,5,1.0,0.0,1.0,0.0,0.0,13000000.0
735,580,1.0,5,1.0,0.0,1.0,0.0,0.0,7800000.0
1090,580,2.0,5,1.0,0.0,1.0,0.0,0.0,9800000.0
800,578,1.0,5,1.0,0.0,1.0,0.0,0.0,4500000.0
1300,544,3.0,5,1.0,0.0,1.0,0.0,0.0,15000000.0
560,561,1.0,5,1.0,0.0,1.0,0.0,0.0,5300000.0
1400,561,3.0,5,1.0,0.0,1.0,0.0,0.0,16000000.0
1117,561,2.0,5,1.0,0.0,1.0,0.0,0.0,11100000.0
1125,547,2.0,5,1.0,0.0,1.0,0.0,0.0,12700000.0
1100,561,2.0,5,1.0,0.0,1.0,0.0,0.0,11000000.0
860,536,1.0,5,1.0,0.0,1.0,0.0,0.0,7200000.0
560,547,1.0,5,1.0,0.0,1.0,0.0,0.0,6000000.0
650,577,1.0,5,1.0,0.0,1.0,0.0,0.0,5500000.0
1075,579,2.0,5,1.0,0.0,1.0,0.0,0.0,10500000.0
735,580,1.0,5,1.0,0.0,1.0,0.0,0.0,7000000.0
600,581,1.0,5,1.0,0.0,1.0,0.0,0.0,4600000.0
1000,561,2.0,5,1.0,0.0,1.0,0.0,0.0,8000000.0
1070,536,2.0,5,1.0,0.0,1.0,0.0,0.0,10600000.0
1182,539,2.0,5,1.0,0.0,1.0,0.0,0.0,11500000.0
911,561,2.0,5,1.0,0.0,1.0,0.0,0.0,10500000.0
1117,561,2.0,5,1.0,0.0,1.0,0.0,0.0,11100000.0
1125,548,2.0,5,1.0,0.0,1.0,0.0,0.0,12700000.0
1025,597,2.0,5,1.0,0.0,1.0,0.0,0.0,9900000.0
555,147,1.0,5,1.0,0.0,1.0,1.0,0.0,3800000.0
600,147,1.0,5,1.0,0.0,1.0,1.0,0.0,3600000.0
550,147,1.0,5,1.0,0.0,1.0,1.0,0.0,3700000.0
600,147,1.0,5,1.0,0.0,1.0,1.0,0.0,3000000.0
950,147,3.0,5,1.0,0.0,1.0,1.0,0.0,7600000.0
1472,266,3.0,5,1.0,1.0,1.0,1.0,1.0,33000000.0
370,695,1.0,5,1.0,0.0,1.0,0.0,0.0,2100000.0
715,431,1.0,5,1.0,1.0,1.0,1.0,1.0,8000000.0
1771,508,3.0,5,1.0,1.0,1.0,1.0,1.0,21000000.0
1650,186,3.0,5,1.0,1.0,1.0,1.0,0.0,25500000.0
1650,599,3.0,5,1.0,0.0,0.0,1.0,0.0,16000000.0
690,666,1.0,5,1.0,0.0,1.0,1.0,0.0,5500000.0
816,95,2.0,5,1.0,0.0,0.0,1.0,0.0,13000000.0
810,400,2.0,5,1.0,0.0,1.0,1.0,0.0,8000000.0
1000,581,2.0,5,1.0,0.0,1.0,1.0,0.0,8500000.0
1250,553,2.0,5,1.0,1.0,0.0,1.0,0.0,14500000.0
473,650,1.0,5,1.0,1.0,1.0,1.0,1.0,6990000.000000001
1000,581,2.0,5,1.0,1.0,0.0,1.0,0.0,8500000.0
1016,553,2.0,5,1.0,1.0,1.0,1.0,0.0,14000000.0
785,400,2.0,5,1.0,1.0,0.0,1.0,0.0,10000000.0
1290,553,2.0,5,1.0,1.0,1.0,1.0,0.0,13000000.0
1227,580,2.0,5,1.0,1.0,1.0,1.0,0.0,11500000.0
1630,588,3.0,5,1.0,1.0,1.0,0.0,0.0,17500000.0
1200,553,2.0,5,1.0,0.0,1.0,1.0,0.0,14000000.0
1200,553,2.0,5,1.0,1.0,0.0,1.0,0.0,14000000.0
1500,400,3.0,5,1.0,1.0,1.0,0.0,0.0,19000000.0
1700,712,3.0,5,1.0,0.0,1.0,1.0,0.0,70000000.0
1700,480,3.0,5,1.0,0.0,1.0,1.0,0.0,85000000.0
2000,712,3.0,5,1.0,0.0,1.0,1.0,0.0,85000000.0
1700,480,3.0,5,1.0,0.0,1.0,1.0,0.0,85000000.0
525,265,1.0,5,1.0,1.0,1.0,1.0,1.0,8200000.0
540,95,1.0,5,1.0,0.0,1.0,1.0,0.0,12000000.0
525,457,1.0,5,1.0,0.0,1.0,0.0,0.0,2800000.0
1350,176,3.0,5,1.0,0.0,1.0,1.0,1.0,29000000.0
1131,286,2.0,5,1.0,1.0,1.0,1.0,1.0,11000000.0
1400,286,3.0,5,1.0,0.0,1.0,1.0,1.0,9500000.0
800,286,2.0,5,1.0,0.0,1.0,1.0,1.0,6500000.0
500,286,1.0,5,1.0,0.0,1.0,1.0,1.0,3700000.0
900,334,2.0,5,1.0,0.0,0.0,0.0,0.0,10500000.0
1050,28,2.0,5,1.0,0.0,1.0,1.0,1.0,12000000.0
1225,27,3.0,5,1.0,1.0,1.0,1.0,1.0,8500000.0
1100,27,2.0,5,1.0,1.0,1.0,1.0,1.0,18000000.0
1400,185,3.0,5,1.0,0.0,1.0,1.0,0.0,25000000.0
1000,27,2.0,5,1.0,1.0,1.0,1.0,1.0,14000000.0
1480,27,3.0,5,1.0,0.0,1.0,1.0,1.0,30000000.0
1150,286,2.0,5,1.0,1.0,1.0,1.0,1.0,9500000.0
1150,286,2.0,5,1.0,1.0,1.0,1.0,1.0,9900000.0
1700,286,3.0,5,1.0,1.0,1.0,1.0,1.0,18500000.0
1015,286,2.0,5,1.0,0.0,1.0,1.0,0.0,8200000.0
1150,286,2.0,5,1.0,1.0,1.0,1.0,1.0,9300000.0
750,286,1.0,5,1.0,1.0,1.0,1.0,1.0,5800000.0
1800,286,3.0,5,1.0,1.0,1.0,1.0,1.0,14200000.0
1605,286,3.0,5,1.0,1.0,1.0,1.0,1.0,15500000.0
1040,286,2.0,5,1.0,0.0,1.0,1.0,0.0,7900000.0
1580,286,3.0,5,1.0,0.0,1.0,1.0,0.0,10500000.0
1255,286,2.0,5,1.0,1.0,1.0,1.0,1.0,11000000.0
660,286,1.0,5,1.0,1.0,1.0,1.0,1.0,5300000.0
1580,286,3.0,5,1.0,0.0,1.0,1.0,0.0,10100000.0
1100,286,2.0,5,1.0,1.0,1.0,1.0,0.0,10000000.0
1150,286,2.0,5,1.0,1.0,1.0,1.0,1.0,13000000.0
1133,457,2.0,5,0.0,1.0,1.0,0.0,1.0,11399999.0
1423,94,3.0,5,1.0,1.0,1.0,1.0,1.0,31500000.0
1500,354,3.0,5,0.0,1.0,0.0,1.0,0.0,23300000.0
3300,29,4.0,5,0.0,0.0,0.0,0.0,0.0,110000000.0
440,112,1.0,5,1.0,1.0,1.0,1.0,1.0,10000000.0
475,560,1.0,5,0.0,0.0,0.0,0.0,0.0,3500000.0
750,354,1.0,5,1.0,1.0,1.0,1.0,1.0,9200000.0
1050,615,3.0,5,1.0,0.0,1.0,1.0,0.0,29000000.0
2200,701,3.0,5,1.0,0.0,1.0,1.0,0.0,56000000.0
600,458,1.0,5,0.0,0.0,1.0,1.0,0.0,15500000.0
640,650,1.0,5,1.0,1.0,1.0,1.0,1.0,8000000.0
657,650,1.0,5,1.0,1.0,1.0,1.0,1.0,7200000.0
550,650,1.0,5,1.0,1.0,1.0,1.0,1.0,7500000.0
1309,650,3.0,5,1.0,0.0,1.0,0.0,0.0,18000000.0
1850,286,3.0,5,1.0,0.0,1.0,1.0,0.0,16200000.0
680,701,1.0,5,1.0,0.0,1.0,1.0,0.0,15500000.0
880,701,2.0,5,1.0,0.0,1.0,1.0,0.0,15000000.0
880,701,2.0,5,1.0,0.0,1.0,1.0,0.0,15000000.0
690,701,1.0,5,1.0,0.0,1.0,1.0,0.0,14000000.0
950,701,1.0,5,1.0,0.0,1.0,1.0,0.0,13500000.0
925,201,3.0,5,1.0,0.0,1.0,1.0,0.0,23000000.0
650,258,1.0,5,1.0,0.0,1.0,0.0,0.0,7500000.0
990,441,2.0,5,1.0,0.0,1.0,0.0,0.0,9000000.0
610,347,1.0,5,0.0,0.0,0.0,0.0,0.0,6500000.0
806,456,2.0,5,1.0,0.0,0.0,0.0,1.0,8000000.0
1050,462,2.0,5,1.0,0.0,1.0,0.0,0.0,19000000.0
880,701,2.0,5,1.0,0.0,1.0,1.0,0.0,15000000.0
880,701,2.0,5,1.0,0.0,1.0,1.0,0.0,15000000.0
690,701,1.0,5,1.0,0.0,1.0,1.0,0.0,14000000.0
950,701,1.0,5,1.0,0.0,1.0,1.0,0.0,13500000.0
2200,701,3.0,5,1.0,0.0,1.0,1.0,0.0,56000000.0
925,201,3.0,5,1.0,0.0,1.0,1.0,0.0,23000000.0
655,28,2.0,5,1.0,0.0,1.0,0.0,0.0,11100000.0
1144,528,3.0,5,1.0,0.0,1.0,0.0,0.0,52500000.0
1200,727,2.0,5,1.0,0.0,1.0,1.0,1.0,9500000.0
1050,79,2.0,5,1.0,0.0,1.0,1.0,1.0,13500000.0
1335,79,2.0,5,1.0,0.0,1.0,1.0,1.0,18000000.0
1150,591,2.0,5,1.0,0.0,1.0,1.0,1.0,12600000.0
1150,591,2.0,5,1.0,0.0,1.0,1.0,1.0,12600000.0
1150,591,2.0,5,1.0,0.0,1.0,1.0,1.0,12600000.0
2120,431,3.0,5,1.0,0.0,1.0,1.0,1.0,38000000.0
1150,544,2.0,5,1.0,0.0,1.0,1.0,1.0,12600000.0
1950,431,3.0,5,1.0,0.0,1.0,1.0,1.0,25000000.0
1150,535,2.0,5,1.0,0.0,1.0,1.0,1.0,17100000.0
1100,535,2.0,5,1.0,0.0,1.0,1.0,1.0,17100000.0
2670,458,5.0,5,1.0,1.0,1.0,1.0,1.0,92500000.0
560,650,1.0,5,0.0,1.0,1.0,1.0,0.0,7500000.0
1166,352,2.0,5,1.0,1.0,1.0,1.0,1.0,16500000.0
650,258,1.0,5,1.0,0.0,1.0,0.0,0.0,7500000.0
990,441,2.0,5,1.0,0.0,1.0,0.0,0.0,9000000.0
610,347,1.0,5,0.0,0.0,0.0,0.0,0.0,6500000.0
806,456,2.0,5,1.0,0.0,0.0,0.0,1.0,8000000.0
1050,462,2.0,5,1.0,0.0,1.0,0.0,0.0,19000000.0
650,258,1.0,5,1.0,0.0,1.0,0.0,0.0,7500000.0
600,258,1.0,5,1.0,0.0,1.0,1.0,1.0,5500000.0
580,258,1.0,5,1.0,0.0,1.0,1.0,1.0,5500000.0
630,258,1.0,5,1.0,0.0,1.0,1.0,1.0,5600000.0
620,258,1.0,5,1.0,0.0,1.0,1.0,1.0,6000000.0
1056,258,2.0,5,1.0,0.0,1.0,1.0,1.0,9500000.0
675,1,2.0,5,1.0,0.0,1.0,1.0,0.0,18000000.0
730,727,2.0,5,1.0,0.0,1.0,1.0,0.0,28000000.0
2000,727,6.0,5,1.0,0.0,1.0,1.0,1.0,70000000.0
650,27,1.0,5,1.0,0.0,1.0,1.0,0.0,17500000.0
400,7,1.0,5,1.0,0.0,1.0,1.0,0.0,6200000.0
1000,7,2.0,5,1.0,1.0,1.0,1.0,1.0,9500000.0
675,299,2.0,5,1.0,0.0,1.0,0.0,0.0,12200000.0
674,299,2.0,5,1.0,0.0,1.0,0.0,0.0,12400000.0
1733,650,3.0,5,1.0,0.0,1.0,0.0,0.0,28400000.0
673,299,2.0,5,1.0,0.0,1.0,0.0,0.0,12400000.0
690,299,2.0,5,1.0,0.0,1.0,0.0,0.0,12100000.0
1733,650,4.0,5,1.0,0.0,1.0,0.0,0.0,28400000.0
1530,538,3.0,5,1.0,0.0,1.0,1.0,0.0,14000000.0
768,474,2.0,5,1.0,0.0,1.0,0.0,0.0,13200000.0
488,285,1.0,5,1.0,0.0,1.0,0.0,0.0,6656000.0
711,258,2.0,5,1.0,0.0,1.0,0.0,0.0,9750000.0
560,258,1.0,5,1.0,0.0,1.0,0.0,0.0,5300000.0
7000,259,6.0,5,1.0,0.0,1.0,0.0,0.0,50000000.0
768,475,2.0,5,1.0,0.0,1.0,0.0,0.0,13200000.0
488,258,1.0,5,1.0,0.0,1.0,0.0,0.0,6656000.0
711,258,2.0,5,1.0,0.0,1.0,0.0,0.0,9750000.0
560,258,1.0,5,1.0,0.0,1.0,0.0,0.0,5300000.0
770,258,2.0,5,1.0,0.0,1.0,0.0,0.0,9250000.0
1145,258,2.0,5,1.0,0.0,1.0,0.0,0.0,20099999.0
1250,650,3.0,5,1.0,0.0,1.0,0.0,0.0,16500000.0
1100,535,2.0,5,1.0,0.0,1.0,1.0,1.0,17100000.0
1005,112,2.0,5,1.0,1.0,1.0,1.0,1.0,9500000.0
757,112,1.0,5,1.0,1.0,1.0,1.0,1.0,7500000.0
1005,113,2.0,5,1.0,1.0,1.0,1.0,1.0,9500000.0
757,113,1.0,5,1.0,1.0,1.0,1.0,0.0,7500000.0
957,176,2.0,5,1.0,1.0,1.0,1.0,1.0,12000000.0
2195,184,3.0,5,1.0,1.0,1.0,1.0,1.0,37500000.0
2195,184,3.0,5,1.0,1.0,1.0,1.0,1.0,41500000.0
3230,184,4.0,5,1.0,1.0,1.0,1.0,1.0,48000000.0
750,243,2.0,5,1.0,0.0,0.0,1.0,0.0,16500000.0
750,243,1.0,5,1.0,0.0,1.0,1.0,0.0,10000000.0
750,243,1.0,5,1.0,0.0,1.0,1.0,0.0,8500000.0
750,243,2.0,5,0.0,0.0,1.0,1.0,0.0,16000000.0
585,243,1.0,5,0.0,0.0,1.0,1.0,0.0,8500000.0
750,243,1.0,5,1.0,0.0,1.0,1.0,0.0,10500000.0
750,243,1.0,5,1.0,0.0,1.0,1.0,0.0,11000000.0
1650,650,3.0,5,1.0,1.0,1.0,1.0,1.0,24500000.0
900,185,2.0,5,1.0,0.0,1.0,1.0,1.0,11299999.0
620,384,1.0,5,1.0,1.0,1.0,1.0,1.0,5700000.0
935,354,2.0,5,1.0,1.0,1.0,1.0,1.0,13200000.0
885,478,2.0,5,1.0,0.0,1.0,1.0,0.0,4700000.0
700,478,1.0,5,1.0,0.0,1.0,1.0,0.0,2900000.0
958,701,2.0,5,1.0,0.0,1.0,1.0,0.0,24800000.0
997,29,2.0,5,1.0,0.0,1.0,1.0,0.0,28500000.0
546,186,1.0,5,0.0,0.0,1.0,1.0,0.0,10000000.0
1950,29,3.0,5,1.0,1.0,1.0,1.0,1.0,55000000.0
480,148,1.0,5,0.0,0.0,1.0,0.0,0.0,2300000.0
600,130,1.0,5,1.0,0.0,1.0,1.0,0.0,13600000.0
600,130,1.0,5,1.0,0.0,1.0,1.0,0.0,13600000.0
534,180,2.0,5,1.0,0.0,1.0,1.0,0.0,5200000.0
730,172,2.0,5,1.0,0.0,1.0,1.0,0.0,21000000.0
342,180,1.0,5,1.0,0.0,1.0,1.0,0.0,3300000.0
902,205,2.0,5,1.0,1.0,1.0,1.0,0.0,5545000.0
902,205,2.0,5,1.0,1.0,1.0,1.0,0.0,5556000.0
1149,205,3.0,5,1.0,1.0,1.0,1.0,1.0,7311000.0
1250,348,3.0,5,1.0,0.0,1.0,1.0,0.0,24000000.0
935,683,2.0,5,0.0,0.0,0.0,0.0,0.0,6000000.0
650,682,2.0,5,1.0,0.0,1.0,0.0,0.0,4500000.0
655,384,1.0,5,1.0,1.0,1.0,1.0,1.0,6200000.0
645,384,1.0,5,1.0,1.0,1.0,1.0,1.0,4500000.0
1280,353,2.0,5,1.0,1.0,1.0,1.0,1.0,21000000.0
1280,353,2.0,5,1.0,1.0,1.0,1.0,1.0,21500000.0
665,551,1.0,5,0.0,0.0,0.0,0.0,0.0,4400000.0
620,57,1.0,5,1.0,0.0,1.0,1.0,0.0,2399000.0
440,384,1.0,5,1.0,0.0,1.0,1.0,0.0,3700000.0
245,384,1.0,5,1.0,0.0,1.0,1.0,0.0,2100000.0
440,384,1.0,5,1.0,0.0,1.0,1.0,0.0,3700000.0
440,384,1.0,5,1.0,0.0,1.0,1.0,0.0,3700000.0
440,384,1.0,5,1.0,0.0,1.0,1.0,0.0,3700000.0
745,265,2.0,5,1.0,1.0,1.0,1.0,1.0,12500000.0
457,401,1.0,5,1.0,0.0,0.0,1.0,0.0,4500000.0
400,618,1.0,5,1.0,0.0,0.0,1.0,0.0,2200000.0
612,275,2.0,5,1.0,0.0,0.0,1.0,0.0,3300000.0
440,384,1.0,5,1.0,0.0,1.0,1.0,0.0,3700000.0
457,401,1.0,5,1.0,0.0,0.0,1.0,0.0,4500000.0
400,618,1.0,5,1.0,0.0,0.0,1.0,0.0,2200000.0
612,275,2.0,5,1.0,0.0,0.0,1.0,0.0,3300000.0
800,112,2.0,5,1.0,0.0,1.0,1.0,0.0,15000000.0
878,112,1.0,5,1.0,1.0,1.0,1.0,1.0,12500000.0
1077,325,2.0,5,0.0,0.0,0.0,0.0,0.0,14000000.0
1650,408,3.0,5,1.0,1.0,1.0,1.0,1.0,33000000.0
690,19,1.0,5,1.0,1.0,1.0,1.0,1.0,2300000.0
1960,398,3.0,5,1.0,1.0,1.0,1.0,1.0,29000000.0
1000,258,2.0,5,1.0,0.0,1.0,1.0,1.0,8500000.0
575,650,1.0,5,1.0,0.0,1.0,0.0,0.0,6000000.0
2500,335,3.0,5,1.0,1.0,1.0,1.0,1.0,60000000.0
1800,523,3.0,5,1.0,1.0,1.0,1.0,0.0,33000000.0
1835,523,3.0,5,1.0,1.0,1.0,1.0,0.0,35000000.0
1667,265,3.0,5,1.0,1.0,1.0,1.0,1.0,33000000.0
1300,737,3.0,5,1.0,0.0,1.0,1.0,0.0,24500000.0
530,147,1.0,5,1.0,0.0,1.0,1.0,0.0,3467000.0
800,83,2.0,5,1.0,1.0,1.0,1.0,1.0,14000000.0
780,384,2.0,5,0.0,0.0,0.0,0.0,0.0,7000000.0
400,265,1.0,5,1.0,1.0,1.0,1.0,1.0,6400000.0
650,383,1.0,5,1.0,1.0,1.0,1.0,0.0,6000000.0
550,83,2.0,5,1.0,0.0,1.0,1.0,0.0,9000000.0
800,384,2.0,5,1.0,0.0,0.0,1.0,0.0,6370000.0
1265,707,2.0,5,1.0,1.0,1.0,1.0,1.0,23000000.0
850,67,2.0,5,1.0,0.0,1.0,1.0,0.0,25000000.0
900,535,2.0,5,1.0,0.0,1.0,1.0,0.0,14000000.0
425,285,1.0,5,1.0,0.0,1.0,1.0,0.0,3700000.0
400,285,1.0,5,1.0,0.0,1.0,1.0,0.0,2000000.0
450,285,1.0,5,1.0,0.0,1.0,1.0,0.0,2200000.0
3000,643,4.0,5,1.0,1.0,1.0,1.0,1.0,200000000.0
545,185,1.0,5,1.0,1.0,1.0,1.0,1.0,4600000.0
340,185,1.0,5,1.0,0.0,1.0,1.0,0.0,3000000.0
540,686,1.0,5,1.0,0.0,1.0,0.0,0.0,2000000.0
750,647,1.0,5,1.0,0.0,1.0,1.0,0.0,6300000.0
550,611,1.0,5,0.0,0.0,1.0,0.0,0.0,7600000.0
360,84,1.0,5,1.0,0.0,0.0,0.0,0.0,2600000.0
340,266,1.0,5,0.0,0.0,0.0,1.0,0.0,3800000.0
1190,666,2.0,5,0.0,0.0,0.0,0.0,0.0,10500000.0
1235,286,2.0,5,1.0,1.0,1.0,1.0,1.0,13500000.0
1129,266,2.0,5,1.0,1.0,1.0,1.0,1.0,21000000.0
839,266,2.0,5,1.0,1.0,1.0,1.0,1.0,16500000.0
600,94,1.0,5,1.0,0.0,1.0,1.0,0.0,10000000.0
600,94,1.0,5,1.0,1.0,1.0,1.0,1.0,11000000.0
846,650,2.0,5,0.0,0.0,1.0,1.0,1.0,8100000.0
3025,27,4.0,5,1.0,1.0,1.0,1.0,1.0,65300000.0
1295,27,3.0,5,1.0,1.0,1.0,1.0,1.0,38700000.0
3465,527,4.0,5,1.0,1.0,1.0,1.0,1.0,51500000.0
566,133,1.0,5,1.0,0.0,1.0,1.0,0.0,6500000.0
1527,176,3.0,5,1.0,1.0,1.0,1.0,1.0,22000000.0
1188,176,2.0,5,1.0,1.0,1.0,1.0,1.0,17500000.0
1188,178,2.0,5,1.0,1.0,0.0,1.0,1.0,17500000.0
1012,184,2.0,5,1.0,1.0,1.0,1.0,1.0,12600000.0
1950,184,3.0,5,1.0,1.0,1.0,1.0,1.0,32000000.0
670,353,1.0,5,1.0,1.0,1.0,1.0,1.0,8000000.0
1944,383,4.0,5,1.0,1.0,1.0,1.0,1.0,16000000.0
972,383,2.0,5,1.0,1.0,1.0,1.0,1.0,8000000.0
1944,384,4.0,5,1.0,1.0,1.0,1.0,1.0,16000000.0
972,384,2.0,5,0.0,1.0,0.0,0.0,1.0,8100000.0
1050,286,2.0,5,1.0,1.0,1.0,1.0,1.0,10200000.0
1235,286,2.0,5,1.0,1.0,1.0,1.0,1.0,13500000.0
1440,286,3.0,5,1.0,1.0,1.0,1.0,1.0,14200000.0
612,286,1.0,5,1.0,0.0,1.0,0.0,0.0,5300000.0
676,286,1.0,5,1.0,1.0,1.0,1.0,1.0,5500000.0
650,286,1.0,5,1.0,0.0,1.0,1.0,0.0,5500000.0
1600,286,3.0,5,1.0,1.0,1.0,1.0,1.0,16000000.0
650,286,1.0,5,1.0,1.0,1.0,1.0,1.0,4300000.0
1050,286,2.0,5,1.0,0.0,1.0,1.0,0.0,7500000.0
1150,286,2.0,5,1.0,1.0,1.0,1.0,1.0,8000000.0
850,286,2.0,5,1.0,0.0,1.0,0.0,0.0,7500000.0
1085,286,2.0,5,1.0,0.0,1.0,1.0,0.0,7500000.0
2950,286,4.0,5,1.0,1.0,1.0,1.0,0.0,30000000.0
560,286,1.0,5,1.0,1.0,1.0,1.0,1.0,5500000.0
1050,286,2.0,5,1.0,0.0,1.0,0.0,0.0,8000000.0
700,286,1.0,5,1.0,1.0,1.0,1.0,1.0,6000000.0
650,286,1.0,5,1.0,0.0,1.0,1.0,1.0,4500000.0
649,286,1.0,5,1.0,0.0,1.0,1.0,0.0,5500000.0
660,286,1.0,5,1.0,1.0,1.0,1.0,1.0,5500000.0
1600,286,3.0,5,1.0,1.0,1.0,1.0,1.0,14800000.0
1150,286,2.0,5,1.0,1.0,1.0,1.0,1.0,11800000.0
1760,286,3.0,5,1.0,1.0,1.0,1.0,1.0,13600000.0
650,286,1.0,5,1.0,0.0,1.0,1.0,0.0,5700000.0
650,286,1.0,5,1.0,0.0,1.0,1.0,0.0,5700000.0
750,286,1.0,5,1.0,1.0,1.0,1.0,1.0,6500000.0
630,286,1.0,5,1.0,0.0,1.0,1.0,1.0,4200000.0
650,286,1.0,5,1.0,0.0,1.0,1.0,0.0,5700000.0
540,286,1.0,5,1.0,1.0,1.0,1.0,1.0,4800000.0
2355,286,4.0,5,1.0,1.0,1.0,1.0,1.0,30000000.0
2250,286,4.0,5,1.0,1.0,1.0,1.0,1.0,21000000.0
687,457,1.0,5,0.0,0.0,1.0,1.0,0.0,5300000.0
850,457,2.0,5,1.0,1.0,1.0,1.0,1.0,6300000.0
1000,738,2.0,5,0.0,0.0,0.0,0.0,0.0,2050000.0
2415,265,4.0,5,1.0,1.0,1.0,1.0,1.0,31500000.0
2415,265,4.0,5,1.0,1.0,1.0,1.0,1.0,30500000.0
2415,265,4.0,5,1.0,1.0,1.0,1.0,1.0,31500000.0
450,384,1.0,5,1.0,1.0,1.0,1.0,0.0,4500000.0
1250,353,2.0,5,0.0,1.0,0.0,0.0,1.0,20000000.0
1530,265,3.0,5,1.0,1.0,1.0,1.0,1.0,22000000.0
1340,384,3.0,5,1.0,1.0,1.0,1.0,1.0,10000000.0
1340,384,3.0,5,1.0,1.0,1.0,1.0,1.0,11500000.0
850,384,2.0,5,1.0,1.0,1.0,1.0,1.0,6300000.0
1340,384,3.0,5,1.0,1.0,1.0,1.0,1.0,10000000.0
965,384,2.0,5,1.0,1.0,1.0,1.0,1.0,8009999.000000001
965,384,2.0,5,1.0,1.0,1.0,1.0,1.0,8400000.0
965,384,2.0,5,1.0,1.0,1.0,1.0,1.0,7430000.0
1560,94,3.0,5,0.0,0.0,1.0,1.0,1.0,21400000.0
1505,186,3.0,5,1.0,1.0,1.0,1.0,1.0,25700000.0
450,595,1.0,5,0.0,1.0,1.0,1.0,1.0,2100000.0
670,307,1.0,5,1.0,1.0,1.0,1.0,1.0,3300000.0
1450,712,3.0,5,1.0,1.0,1.0,1.0,0.0,62000000.0
540,695,1.0,5,0.0,0.0,0.0,0.0,0.0,2500000.0
1267,79,3.0,5,1.0,1.0,1.0,1.0,1.0,19000000.0
1245,7,2.0,5,1.0,0.0,0.0,1.0,0.0,14900000.0
1183,7,2.0,5,1.0,1.0,1.0,1.0,1.0,14000000.0
